image_id,X,Y,Width,Height,English_text,French_text
2378503,114,185,21,32,a blue cell phone in her hand,
2378504,180,173,105,130,Large dirty white sheep,
2378513,37,17,421,290,An elephant standing in grass,
2378518,65,45,150,245,Two zebra standing in a field,
2378523,194,171,152,166,bunch of yellow bananas,
2378525,12,12,225,152,pizza on a plate,
2378527,35,170,128,52,red white and blue plane engine,
2378528,25,406,462,89,A line of flags.,
2378530,147,272,83,125,White toilet,
2378532,17,25,228,181,a very large outside clock,
2378537,73,7,351,256,a yellow red and blue train engine,
2378540,101,136,256,224,Cat on a car,
2378542,304,254,45,40,white horse on the road,
2378545,0,111,374,386,Red brick building,
2378547,84,103,392,195,plane is on ground,
2378549,37,0,369,302,woman playing tennis,
2378551,322,121,80,41,Electronic sign on a passenger bus,
2378563,70,265,161,52,A yellow and black bumper guard.,
2378566,419,67,78,135,The girl has light hair,
2378572,102,94,181,220,a clock is on the wall,
2378574,1,0,495,334,Siamese cat under purple blanket,
2378575,111,207,41,141,Young giraffe eating from tree.,
2378580,130,103,170,105,a bunch of cashews,
2378581,120,152,24,23,One wildebeest,
2378583,199,141,208,232,breaded piece of meat on a stoneware plate,
2378586,74,57,424,267,man gives something to eat to giraffe,
2378592,207,88,62,80,A McDonalds sign with directional arrow,
2378593,71,127,202,354,a rusted fire hydrant.,
2378594,11,8,478,312,A kitchen scene,
2378595,62,63,425,414,baseball player swing a bat,
2378598,121,202,108,140,the girl has long hair,
2378605,110,59,240,240,a man and a woman riding horses,
2378606,339,181,30,30,The watch on the man's wrist.,
2378612,213,27,137,215,A tennis player holding a racket.,
2378613,136,4,40,30,red black and white kite,
2378620,12,47,362,435,a Persian white and tan cat,
2378624,3,4,369,475,The sky is blue.,
2378627,101,49,238,316,Bird perched on a tree,
2378628,116,15,213,187,the man in the parking lot,
2378640,62,57,388,306,Huge head of broccoli,
2378644,106,69,70,60,boy has striped hat,
2378645,37,40,324,271,man holding a hair dryer,
2378661,42,281,70,45,the ground,
2378662,111,220,57,107,Snowboarder on a ramp.,
2378665,160,285,135,70,a view of short grass.,
2378667,89,24,354,305,a table of bananas,
2378672,44,56,136,166,Older woman in background,
2378680,75,119,402,366,Electric toothbrush,
2378681,217,204,10,10,an orange and white cone,
2378687,286,186,50,60,Man who is snowboarding,
2378691,74,111,185,95,the center of a vase.,
2378692,189,66,155,118,the clock is on the wall,
2378693,125,181,219,93,frosting sign reading central park,
2378697,210,98,109,378,girl on far right holding blue tennis racket,
2378706,110,10,347,244,Forks with apples on them.,
2378707,132,84,255,287,man with whipped cream on his head.,
2378709,60,39,396,377,man riding a wave on surfboard,
2378717,3,33,354,282,Flowers in a vase,
2378719,159,219,137,111,A pot sitting on the stove.,
2378722,341,247,121,65,a table with dishes.,
2378723,138,107,43,197,tall metal lamp post,
2378724,121,9,37,36,One bird is flying alone,
2378725,183,124,251,145,Train on the tracks.,
2378726,69,120,385,142,cat sleeping in sun,
2378739,137,282,25,55,little girl with blonde hair,
2378740,464,61,31,38,cloud in the sky,
2378744,186,24,310,314,the cat is on the table,
2378746,299,166,52,27,PERSON IS WEARING A BANDANA,
2378751,166,134,75,58,Bird sitting on the traffic light,
2378753,206,102,145,121,silver laptop on center of desk,
2378755,137,28,112,243,A women standing,
2378757,81,192,258,293,Man on the skateboard.,
2378773,264,1,208,191,Woman with orange hair.,
2378774,19,52,95,120,The tree is green.,
2378781,23,126,67,114,Meter on the side of the road.,
2378787,162,140,198,91,Cat on the bed.,
2378794,6,167,491,144,Elephant walking along a path,
2378796,238,211,78,25,silver knife cutting cake,
2378803,29,30,456,285,a cat that is inside,
2378806,27,266,382,52,street sign is blue,
2378807,63,0,90,53,A green plant above a mirror.,
2378812,228,112,24,27,Person wearing black helmet.,
2378815,61,121,39,23,black and red baseball cap,
2378820,182,202,163,61,Hay on the ground.,
2378823,145,81,202,348,person on a skateboard,
2378830,209,64,117,124,black and white clock,
2378835,1,1,498,278,The table is blue.,
2378840,122,251,52,66,kick stand on a motorcycle,
2378842,268,126,144,101,The motorcycle is blue.,
2378846,118,30,119,55,The sky is blue and white.,
2378848,108,340,91,145,right kneesock is slightly lower than left one,
2378850,62,184,249,260,A concrete slope,
2378852,28,71,93,160,A white refrigerator,
2378858,189,123,257,176,two small white sailboats,
2378861,43,105,376,198,Posing with silver hydrant.,
2378862,221,185,55,67,a piar of chopsticks,
2378863,0,235,121,39,red rustic railing,
2378864,257,202,242,67,deep blue sea,
2378865,145,273,33,21,eye on the dog,
2378868,344,195,55,46,two red tail iights on car,
2378874,217,95,49,30,Black hat with a yellow letter P on it.,
2378881,38,17,380,310,Woman laying down on bed,
2378882,247,62,163,203,TV in the background.,
2378885,401,297,12,14,Small part of the black part of street,
2378890,421,255,50,50,The leaf is on the ground.,
2378893,28,2,463,322,A ski slope with skiers,
2378903,29,49,458,294,an orange cat outside,
2378904,186,180,132,152,steel ring on a boat,
2378912,215,207,99,95,a silver laptop computer,
2378916,23,2,475,270,brown cat laying on furniture,
