image_id,X,Y,Width,Height,English_text,French_text
2390060,167,228,92,21,web site address of the owers of the trucks,
2390063,1,5,497,365,snow covered gound,
2390066,160,190,74,80,Picture of a man,
2390069,12,155,77,66,an antelope,
2390071,190,125,92,59,Gear shaped cut up carrot,
2390080,29,120,341,166,an upside down mouse,
2390081,107,9,215,199,a one way sign,
2390084,141,20,240,311,Man riding bicycle,
2390086,110,154,126,177,horse pulling a buggy,
2390090,213,143,62,48,Man catches frisbee with both hands,
2390092,322,79,115,85,pile of cooked carrots,
2390093,357,79,113,72,a laptop on a desk,
2390094,166,105,167,165,two women sitting on stone,
2390097,103,51,342,417,Man doing trick on skateboard,
2390099,103,150,154,109,Many candles are lit,
2390101,195,107,30,55,batter has black helmet,
2390103,145,46,107,54,green and white street sign,
2390104,193,116,81,42,A row of street lights.,
2390106,84,264,88,196,Cool old bike with a rigged second seat,
2390108,388,67,66,116,Nearly full glass of beer,
2390118,112,25,257,294,man looking at the camera,
2390122,265,458,15,23,part of a surface,
2390131,150,133,50,80,Elephant has white tusk.,
2390134,7,77,491,176,white platter on table,
2390137,36,45,425,260,the car is light blue,
2390140,215,15,95,20,hazy sky in the distance.,
2390150,348,160,53,130,light from the clock face,
2390152,1,45,494,388,a pan over a tove,
2390153,86,80,412,75,large bridge over water,
2390154,192,148,115,114,yellow and black train engine,
2390159,88,398,186,46,pair of black and white cleats,
2390162,37,8,409,320,two cars of a railroad train,
2390163,73,251,28,31,the head of a horse,
2390167,13,25,32,55,red light illuminated,
2390173,41,196,75,79,the railway tracks,
2390176,76,46,314,233,the train is yellow and blue,
2390182,245,223,141,60,light blue pillow case,
2390183,243,56,48,39,lovely flowers decorate the food cart,
2390186,300,79,89,201,young man playing tennis,
2390187,60,123,337,156,Group of umbrellas standing in the water,
2390190,89,46,260,237,the teddy bear has eye,
2390191,195,231,145,94,A cement median on the street,
2390195,284,291,26,36,Can of coca cola on table,
2390200,222,88,220,242,woman playing video game,
2390201,166,26,71,127,the tennis racket is in the mans hand,
2390204,299,119,31,39,Person has black hair.,
2390211,364,36,132,325,a woman standing on floor,
2390214,183,207,61,110,tan and white dog,
2390222,148,97,147,135,clock molded to the building,
2390226,10,205,63,51,Chopped green vegetable.,
2390227,155,148,134,62,sign is blue,
2390229,92,20,148,473,Young lady getting ready to play tennis,
2390232,271,21,55,41,black ball cap with red letter,
2390237,116,80,142,198,the giraffe has tail,
2390242,17,202,230,88,this is a tray,
2390246,18,93,120,43,small bright red plane,
2390264,148,54,336,239,A zebra is walking,
2390270,1,97,453,317,cowgirl standing in front of a white steer,
2390274,176,52,155,86,The woman is swinging a tennis racket at a ball.,
2390276,356,240,19,7,part of an umbrella,
2390278,243,228,142,183,steam rising from meat,
2390285,213,80,72,81,man on white surfboard,
2390286,126,85,172,288,person sitting on motorbike,
2390288,185,120,30,37,person wears black cap,
2390291,287,157,119,135,the front of the train is black,
2390292,99,10,359,363,The giraffe is tall.,
2390297,65,96,403,188,bus on city street,
2390299,98,156,297,192,crust of strawberry cake,
2390304,120,75,70,59,patch of green grass,
2390306,7,101,87,149,a man in a blue and black checked shirt,
2390307,86,7,123,245,The woman is playing tennis,
2390308,183,72,97,189,a bird flying in the air,
2390328,147,39,242,292,A giraffe sitting on the ground.,
2390329,191,294,134,35,race cars on a dark track,
2390336,209,272,41,50,large white mug on table,
2390340,4,151,183,347,A woman in a brown shirt,
2390343,78,36,168,436,boy wearing yellow shirt,
2390346,119,249,211,102,the water is clear and calm,
2390347,80,14,220,226,ice in blender container,
2390349,16,21,415,275,hot dog with mustard on bun,
2390350,168,70,125,164,jelly oozing out of donut,
2390352,56,195,40,37,the hair dryer is white,
2390355,1,273,448,60,a white pedestrian crosswalk,
2390363,331,132,95,237,a tennis player about to return the ball,
2390373,112,113,281,183,a clay,
2390374,408,246,20,13,part of a court,
2390376,109,33,86,37,the snow is white,
2390377,62,78,288,346,a phone,
2390388,75,25,334,245,The mirror is round,
2390389,134,20,101,72,man with toothbrush in mouth,
2390398,285,99,21,12,batter wears black helmet,
2390399,0,167,119,82,a safety warning to workers.,
2390406,88,47,379,304,small grey baby elephant,
2390408,274,320,217,164,a zebra facing left,
2390411,287,30,130,295,a bright red fire hydrant,
2390413,169,242,138,82,Tall giraffe standing in field.,
2390414,326,91,67,91,Tennis player wearing all white,
2390417,108,59,267,271,A young woman playing tennis,
2390418,218,63,263,90,White pillows against the headboard.,
2390421,154,75,282,210,furry brown cow mooing,
2390422,296,133,137,100,brown horse running,
2390424,107,126,75,58,TWO MONKEY EYES,
2390432,1,73,40,56,A tree without leaves,
2390434,318,78,32,26,bird flying in clear sky,
2390435,54,78,255,220,the horse is brown,
2390438,200,64,196,190,candles on a cake.,
2390439,286,26,53,53,part of the sky,
2390444,0,75,469,181,plane at the airport,
2390445,26,127,405,177,Two bicycles and a motorcycle,
2390453,211,93,147,185,the bird has eye,
