image_id,X,Y,Width,Height,English_text,French_text
2324595,68,65,104,103,the man was hitting the ball,
2324597,246,88,70,75,the head of a little girl,
2324598,175,133,155,185,Baseball player swinging a bat,
2324601,46,234,432,255,food on a plate,
2324603,392,193,55,14,white writing on boat,
2324614,94,271,72,72,the lady is white,
2324617,68,191,104,67,Blue bench in the sand,
2324622,158,95,241,258,a guy carrying some surfboards,
2324623,241,105,100,142,the white game control,
2324630,204,151,21,21,furry paw under mouth,
2324639,168,228,49,42,bench by a park near the water,
2324644,245,160,57,145,There is a red stocking here,
2324646,99,19,84,147,two toothbrushes in cup,
2324658,401,235,95,125,white car on side of road,
2324659,1,46,488,320,Picture taken in black and white,
2324660,0,2,291,497,A man on a skateboard.,
2324663,58,40,372,365,tennis player about to return a ball,
2324665,11,2,403,316,an older man eating a sandwich,
2324666,165,404,32,28,A white arrow pointing to the right,
2324667,337,200,27,60,a kid wearing green gloves,
2324669,212,120,161,101,a rusted abandoned truck,
2324671,2,346,303,93,bench on the beach,
2324675,138,83,170,242,man standing on the beach,
2324677,220,95,155,220,giraffe near a tree,
2324678,4,102,493,265,several people working with laptops,
2324680,395,261,9,33,This bear has a small white shoe,
2324685,92,7,212,475,a Star Wars clone on a skateboard,
2324700,96,247,96,72,a set of stairs,
2324703,277,144,21,10,ball on the grass,
2324715,3,203,95,100,wood railing on the beach,
2324720,251,248,35,72,a white cloth with figures,
2324721,253,122,244,230,Two people on skis.,
2324727,40,84,454,234,the bus is blue,
2324733,3,146,495,316,rugs on the floor,
2324738,367,56,79,218,stop sign is slanted,
2324740,383,142,80,152,windows on a building,
2324745,37,278,204,99,small baby elephant playing in the water,
2324746,30,192,65,48,two trains coming down the tracks,
2324747,11,8,468,357,A variety of vegetables,
2324749,15,36,462,232,a man guiding horses in the water,
2324751,1,0,498,196,bridge crossing over the waterway,
2324752,136,186,57,65,two people walking down sidewalk,
2324757,99,39,100,101,head of a person,
2324758,200,233,115,87,gold chain on neck,
2324759,224,110,87,82,a stop sign on top of windows,
2324760,125,195,44,77,horse is eating grass,
2324761,91,436,45,62,a boy with red shoes,
2324762,0,1,19,24,window of a car,
2324766,158,167,42,32,head of a person,
2324768,161,223,223,200,a badly shaped orange fruit,
2324770,177,105,200,266,hotdogs on barbecue grill,
2324771,232,132,69,97,left hand on stomach,
2324778,246,191,30,22,head of a person,
2324781,52,172,89,179,A woman with brown hair,
2324782,13,15,48,93,dead tree in background,
2324783,257,148,122,227,the dog is wearing a tie,
2324784,14,17,464,298,the view of a baseball game through a chain link fence,
2324787,118,217,67,90,surfer,
2324788,170,83,20,24,woman has brown hair,
2324790,325,241,52,117,a man walking across the street,
2324792,92,105,260,200,Snow is on the ground,
2324796,94,181,194,50,someone has set their glasses on the table,
2324799,268,152,104,219,Man playing tennis,
2324803,236,260,70,68,open window on computer,
2324813,147,135,130,124,man talking on a cellphone,
2324824,224,119,112,126,a black white letter sign.,
2324826,138,255,81,52,people sitting at the beach,
2324829,85,63,98,78,star on a cake,
2324836,89,406,83,69,Words on the train,
2324839,22,47,322,345,this is inside of a bathroom,
2324846,273,91,70,51,head of a person,
2324847,265,206,69,78,head of a person,
2324852,186,226,102,64,a plant coming out of the ground,
2324856,79,39,305,439,A cat and a birdhouse,
2324857,236,105,185,125,surfer holding a surfboard,
2324872,80,159,238,201,Two people playing tennis.,
2324875,98,35,50,33,a guy wearing a blue hat,
2324877,250,12,64,45,head of a person,
2324878,263,51,118,115,head of an elephant,
2324880,83,166,62,35,Numbers on the front of the train.,
2324883,69,19,179,480,woman is holding an umbrella,
2324888,4,9,491,305,a baseball game,
2324895,50,75,234,135,the flowers are yellow,
2324897,38,24,226,177,this guy is about to throw a frisbee,
2324898,14,71,216,260,this is a horse,
2324905,55,98,91,70,a blue and white flag in breeze,
2324923,175,61,180,248,tennis player on the court,
2324928,244,114,75,113,silver mortorolla cell phone,
2324930,175,65,141,275,painted blue and white item,
2324934,12,40,477,242,zebras in the wilderness,
2324938,13,228,47,62,red fire hydrant on the sidewalk,
2324943,11,10,462,303,a group of people posing for a picture,
2324946,142,254,34,14,red frisbee on ground,
2324950,280,80,110,98,A white and brown furry dog,
2324954,148,16,49,62,flag,
2324960,136,79,99,305,Man playing tennis,
2324961,144,7,118,113,head of a person,
2324974,385,71,27,22,kite flying in sky,
2324976,176,113,174,218,A parking meter in daylight,
2324977,9,11,480,320,a scene near a subway,
2324987,180,186,31,28,clock on the building,
2324993,41,61,299,410,A dog wearing a tie,
2324994,96,413,45,27,A blue rounded litter,
2325001,120,125,191,189,a person sking down a slope,
2325007,25,10,446,317,a bird on the ground,
2325010,45,57,170,107,a slice of pizza,
2325011,361,111,54,40,bird on the land,
2325015,20,18,389,193,train on the rail,
2325023,5,88,31,34,window of a building,
2325027,240,89,64,80,Wii mote in little girls hand,
