image_id,X,Y,Width,Height,English_text,French_text
2365276,61,89,435,177,This is picture of a cat,
2365280,30,65,466,258,Eight cats waiting to be fed,
2365284,308,60,94,105,a small room window,
2365293,37,45,453,327,three men sitting on a couch,
2365294,0,0,373,498,clean tiled bathroom,
2365299,205,305,109,68,Painted white arrow on ground.,
2365301,170,33,240,136,white board with markings,
2365315,21,17,62,21,A long thin line,
2365316,106,17,384,309,man is playing tennis,
2365317,228,311,92,82,This is a sugary donut,
2365320,331,47,30,33,button to open the door,
2365321,10,1,475,373,girl picking at pizza slice,
2365322,132,203,121,120,woman riding a brown horse,
2365323,55,33,317,262,Bunch of almost ripe bananas,
2365325,65,76,371,127,airplanes in an airport,
2365332,248,182,157,149,This is a cell phone,
2365336,208,153,198,169,the cow is brown and white,
2365337,164,186,15,27,person walking on a path,
2365342,0,54,499,202,Large area of green hillside.,
2365343,35,237,260,93,white border between white upper wall and dark green wall,
2365345,248,52,41,23,A man in a yellow hat.,
2365348,227,77,25,13,a man's eyeglasses,
2365349,303,153,97,165,the catcher crouching down,
2365354,0,1,496,327,apples and oranges,
2365355,426,309,68,65,white van is parked,
2365357,320,143,80,185,yellow post holding many signs,
2365365,60,14,136,117,Little girl is wearing a helmet,
2365376,342,65,98,40,aircraft taking off,
2365378,64,103,156,170,three sheep walking down road,
2365386,291,168,51,69,the shirt is white,
2365388,6,18,480,337,little boy brushing teeth by white sink,
2365390,5,3,488,77,people in bleachers,
2365393,327,215,35,50,airplane in the sky,
2365400,170,12,89,128,the wall is white in colour,
2365402,2,52,38,141,tan and brown statue of standing cat,
2365404,65,230,183,63,buses parked on side of road,
2365405,440,96,50,105,two people waiting on platform,
2365410,17,37,409,212,A double decker bus that is blue white and green,
2365411,423,123,35,38,a british flag on front of truck,
2365414,0,33,360,81,Traffic lights hanging over street,
2365417,213,215,63,18,black glasses on the desk,
2365418,74,387,60,55,white car parked on the street,
2365423,109,53,237,252,desktop computer on work station,
2365428,222,79,112,141,bird catching a fish,
2365429,31,122,197,298,Two people on the sidewalk,
2365433,322,80,80,43,the hat is orange,
2365435,352,276,25,50,Very dirty foot of girl,
2365441,27,227,94,87,the shirt is red,
2365452,81,88,32,30,guy with tongue out,
2365454,171,170,71,121,man in blue in snow,
2365456,385,255,98,86,toilet in a room,
2365472,139,189,67,48,person surfing in ocean,
2365473,14,27,444,284,skier between red and blue poles on slope,
2365479,5,3,492,326,a plane in the sky,
2365484,182,357,163,49,cows grazing in field,
2365486,2,5,496,356,a cooker in a kitchen,
2365488,0,113,96,187,A large green potted plant,
2365495,297,210,117,97,This is a motor bike,
2365497,220,37,82,87,opened black umbrella,
2365502,245,95,15,11,right eye of a girl,
2365510,155,209,42,72,Boy standing by the river.,
2365511,173,261,40,53,part of a ground,
2365516,113,107,121,141,This is a large airplane,
2365518,252,71,117,302,A man is speaking for the camera.,
2365519,178,252,187,202,A slice of a burger,
2365529,94,76,233,297,a cat bending his head to the right,
2365531,192,79,104,187,boat traveling on waterway,
2365536,6,2,492,127,Beautiful scenery,
2365537,306,112,70,98,head of a horse,
2365543,289,111,82,68,A man white his leg up in the air.,
2365545,404,17,32,71,Cat has black ear.,
2365549,55,11,147,292,The wooden paddle in the blue bin.,
2365552,3,164,490,102,This is a tooth brush,
2365563,239,133,72,79,the woman is laughing,
2365564,185,13,232,271,two guys on the beach,
2365568,114,28,99,19,pizza in pan on top of oven,
2365572,243,222,114,86,A broccoli floret,
2365583,110,294,153,190,This is a toilet,
2365589,113,239,23,24,woman in blue jacket,
2365590,205,10,71,88,woman hanging on a swing,
2365595,115,64,156,170,giraffe head having a drink,
2365599,203,314,25,31,part of a carpet,
2365601,134,98,114,128,child smiling at camera,
2365611,93,125,370,108,a good looking pizza,
2365614,128,340,19,28,part of a shade,
2365615,147,69,55,55,face of a boy,
2365618,154,137,242,102,blue and white train,
2365619,271,217,108,102,A coffee cup with Tigger on it.,
2365625,297,277,54,22,A tail swishing to the left.,
2365633,47,112,39,94,a orange tent cover,
2365647,251,376,19,30,part of a splash,
2365653,10,7,488,389,the photograph is black and white,
2365656,24,86,375,235,large bull inside fence made of sticks,
2365662,406,33,93,70,this is the sky,
2365664,68,65,417,163,the plane is a navy plane,
2365670,40,21,425,365,An Asian woman sitting on a bench,
2365675,303,163,63,58,snow on bear's butt,
2365678,207,400,97,79,Leaf design in froth of cappuccino,
2365679,232,178,115,69,round clock on tower,
2365680,114,90,67,61,man riding a bike,
2365687,182,173,56,19,shade from the bridge,
2365691,1,56,497,273,packed green army lorries,
2365696,173,53,277,192,horse in the field,
2365706,209,147,90,80,A direction sign board,
2365710,0,4,496,364,crates of green and red apples,
2365713,447,195,25,109,This woman is wearing a black sling pack,
2365715,56,33,57,52,Man wearing blue head band,
2365716,90,136,135,130,This is a sign board,
2365718,17,0,114,192,Bathroom urinal,
2365720,149,279,146,198,the hydrant is yellow and white,
