image_id,X,Y,Width,Height,English_text,French_text
2380718,33,162,407,179,a bench is facing the water,
2380731,199,112,70,94,a surfer,
2380732,26,94,51,51,36 lit up on the back of bus,
2380736,301,0,76,70,a red marketing flag,
2380741,232,199,56,30,brown horse is walking,
2380742,63,143,158,145,A side view of a players head,
2380743,1,203,322,128,White lines on brown dirt,
2380750,286,186,210,156,a blue cargo train car,
2380753,225,265,64,86,metal wheel on cart,
2380755,160,101,80,71,warning sign on bus window,
2380757,10,12,197,297,The man is wearing a hat.,
2380759,32,121,363,170,long train going around bend,
2380761,157,159,192,145,a tabby cat looking out the window,
2380776,225,23,240,200,An old cellular telephone,
2380777,21,100,341,210,People watching television inside.,
2380780,217,116,18,44,Zebra has black nose.,
2380789,278,129,25,13,white hat on man's head.,
2380791,126,217,97,70,Tray on a bed.,
2380792,219,25,47,79,Person has dark hair.,
2380795,44,142,128,230,man with long hair tied back,
2380796,8,65,405,179,huge fluffy cat with big green eyes,
2380800,72,303,79,167,the boy standing on the grass,
2380801,70,54,249,244,Bathroom with white walls and blue sliding glass,
2380808,16,38,333,405,man playing frisbee golf,
2380810,229,117,183,169,man riding a back on a street,
2380816,1,190,322,306,food in red bowl,
2380819,131,181,52,25,brown spot on a giraffe,
2380823,15,0,289,303,Two elephants standing near eachother,
2380832,139,173,171,246,a white horse,
2380835,83,157,72,135,yellow hanging traffic signal,
2380838,0,11,495,361,food in bowls on a plate,
2380839,25,96,472,170,Surfers are in the water.,
2380840,21,16,370,315,The man is old.,
2380841,115,99,316,157,Suitcase on a sidewalk,
2380842,161,360,187,13,red and grey speckled surfboard,
2380844,131,164,216,126,Two donuts on a paper bag,
2380853,2,7,492,324,a bicycle,
2380855,60,97,142,111,the umbrella is red,
2380856,9,181,85,77,the cow has horns,
2380858,380,140,47,52,Man has short hair.,
2380860,24,84,195,49,gold letters on building,
2380864,35,255,144,207,the man has a phone case,
2380867,169,78,227,184,the elephant has tusk,
2380870,3,5,240,180,Walls made of wood.,
2380875,253,202,85,35,white airplane in the sky,
2380880,337,88,100,193,woman on skis on snow,
2380881,1,80,278,265,The elephant is gray.,
2380882,167,170,216,204,A woman sitting on a boat reading,
2380888,27,67,304,295,The train is on the tracks,
2380890,33,143,15,40,Woman wearing blue jeans,
2380894,138,86,14,57,paper sign taped to wall,
2380903,116,72,283,283,long necked giraffe in field,
2380904,15,71,482,257,a wall with stoves,
2380907,272,179,32,40,man in the water,
2380917,156,296,127,201,boy in red t-shirt,
2380920,250,97,137,178,cat in suitcase is black,
2380923,71,22,50,37,White wall in the house,
2380927,1,27,110,347,man in green shirt is standing,
2380932,170,206,228,194,shrimp dish on top of blue plate,
2380936,66,63,229,384,Man shows off best friend.,
2380948,20,228,136,82,Decorative round bathroom sink,
2380950,5,59,297,287,a flat bathroom sink,
2380953,179,437,5,15,part of a floor,
2380961,20,157,479,212,Round pizza on a tray,
2380966,371,240,65,87,Umpire is crouching down,
2380970,253,185,26,35,a white ski hat,
2380973,432,173,66,95,White tshirt with green logo,
2380975,197,263,67,57,man is holding straps,
2380976,274,143,63,72,elephant is a baby,
2380979,327,217,59,12,Continental brand on plane,
2380988,138,98,233,85,DiCarlo's on a green sign,
2380989,81,21,262,289,a tower on roof of building,
2381000,45,21,266,463,this is a football player,
2381006,197,32,280,172,the trees with sparse leaves,
2381008,88,96,320,142,people in the snow,
2381011,32,141,269,165,a cake,
2381023,169,466,52,26,An opera house,
2381026,138,81,146,180,kid looking backwards,
2381027,47,124,410,122,Large yellow school bus,
2381030,76,22,379,250,bikes on the street,
2381042,52,49,384,280,The train is red.,
2381046,327,145,22,22,a white number 2,
2381049,186,198,97,70,woman sipping the soup,
2381054,116,257,22,27,a man in the valley,
2381057,216,75,77,78,person on the grass,
2381061,141,28,193,180,toilet in the bathroom,
2381064,81,75,280,242,Zebra behind zebra,
2381068,188,0,143,455,very tall trees in the forest,
2381071,47,8,175,74,red leaves on the ground,
2381073,137,205,276,123,the man in blue jeans,
2381082,317,10,57,48,light fixture in ceiling,
2381084,265,288,109,69,Silver railing on boat.,
2381087,291,40,207,285,Completely involved reading book.,
2381097,352,109,128,222,Girl with pink Jacket,
2381103,399,341,6,4,edge of a table,
2381108,95,112,200,238,man skiing downhill,
2381111,50,123,448,232,the plate is white,
2381119,16,367,84,98,The grass is green and patchy,
2381120,18,69,438,235,Nine pirates on a field,
2381140,205,154,104,96,clock suspended from ceiling,
2381141,77,198,221,97,a fire truck,
2381142,288,179,38,58,Bananas hanging on rack,
2381153,28,98,384,215,backs of walking people,
2381154,9,177,489,160,empty train tracks on right,
2381156,218,107,70,92,long-haired surfer in the ocean,
2381167,0,7,499,483,large iron green clock,
2381173,266,147,24,42,part of a cheek,
2381177,120,189,67,53,Door is closed.,
2381185,372,257,42,70,American flag on a flag pole,
2381186,137,95,15,15,circle shaped red sign,
