image_id,X,Y,Width,Height,English_text,French_text
2337496,2,113,157,260,a woman holding a hot dog and beer,
2337498,29,203,410,281,a seagull on wooden boards,
2337507,243,55,53,27,man has tan hat,
2337532,324,15,172,91,ground covered in snow,
2337538,174,125,50,75,skateboard dude flipping the board in the air,
2337544,25,149,206,226,Woman laying in a hospital bed,
2337546,97,187,186,227,Person on a pair of skis,
2337550,85,45,265,270,small brown and gray bird,
2337551,103,169,396,83,several animals in a field,
2337552,143,178,66,107,this is a baseball bat,
2337555,175,26,28,36,a Cross is at the top of the building,
2337558,364,93,54,54,rear left wing on plane,
2337559,38,116,262,303,large red stop sign,
2337570,60,110,166,262,woman proposing a toast,
2337572,178,281,25,26,Small boat in the water,
2337574,147,275,5,7,white polkadot next to white polkadot,
2337578,101,327,195,115,large truck tire on ground,
2337580,383,186,55,50,A window on the building,
2337584,172,0,47,53,piece of sliced cooked garlic,
2337591,255,172,42,26,faded red baseball cap,
2337600,278,169,94,329,Dark brown wood clock,
2337606,272,79,17,15,large letter on a sign,
2337618,271,117,72,86,this is a man,
2337621,249,93,188,198,back of horse wagon,
2337629,3,25,496,382,an ocean,
2337631,186,104,210,225,a red duck boat,
2337636,42,333,81,70,A green tree branch,
2337637,78,26,42,78,Large white dry erase board,
2337640,85,141,37,52,the arm of a person standing,
2337642,28,62,270,293,a bag full of dirty clothes sits in the corner,
2337646,143,18,211,314,man playing frisbee in field,
2337647,75,235,201,100,bananas hanging on stick,
2337649,307,95,50,70,the ear of an elephant,
2337652,57,34,435,360,big striped cat looking at camera,
2337655,0,63,497,307,Man holding a surfboard,
2337661,162,176,32,56,a green kiteboard kite,
2337666,0,3,499,344,scene takes place outdoors,
2337667,253,161,160,142,red Frisbee,
2337668,220,63,225,198,red mouse on white table,
2337672,33,48,230,252,white vase on table,
2337683,115,119,181,331,the giraffes looking,
2337689,101,254,59,66,white toilet,
2337692,250,157,150,45,a sign refers to this area as Metropolitain,
2337702,10,10,356,485,this is a bathroom,
2337708,271,26,45,47,the boy has a helmet,
2337711,213,0,38,132,building name on corner of building,
2337712,76,27,27,82,A stack of empty pizza boxes,
2337713,151,92,197,217,a man on skis,
2337714,123,161,90,122,Man on a ski slope,
2337716,66,24,376,294,An elephant painting an elephant,
2337720,347,98,80,222,A smiling man in a blue shirt with the number 55 on the back.,
2337725,356,102,85,57,Colorful kite flying in the sky,
2337731,101,70,39,41,Chinese paper lantern,
2337734,193,201,124,35,Boogie board in the ocean,
2337736,73,179,60,60,the large engine of the plane,
2337738,237,315,153,130,red and white chuck taylors,
2337741,188,191,96,88,Building on the windows.,
2337742,255,216,108,58,black bicycle on the floor,
2337744,92,137,162,202,this is a bird,
2337749,177,233,124,81,Man on a board,
2337750,305,152,168,142,Cow in a field,
2337752,405,50,23,10,Clothes out to dry,
2337760,219,201,62,52,two bears in the woods,
2337761,122,23,226,305,a cat on a suitcase,
2337763,70,15,359,317,two people eating food,
2337769,90,40,328,260,A plate delicious meal,
2337774,156,108,287,98,group of horses in a field,
2337780,257,176,35,47,black plastic helmet in hand,
2337783,342,243,15,12,green light on a street,
2337784,172,64,214,247,the puppy is white,
2337787,0,31,490,116,The people are on a beach,
2337801,21,4,470,322,two pair of scissors,
2337803,13,5,477,313,A person is doing some snowboarding,
2337805,80,251,177,45,a surfboard on the concrete,
2337807,216,20,221,334,a little boy on a sidewalk,
2337819,0,46,133,134,person sitting in chair,
2337825,159,165,75,80,a green hat on the man,
2337828,6,8,353,437,a man kiteboarding,
2337829,120,26,155,343,an open door of a train,
2337832,176,163,314,211,a brightly colored salad,
2337835,114,271,26,69,person is walking next to person,
2337840,78,83,80,80,small can of cat food,
2337844,83,138,287,103,A train riding along some tracks.,
2337845,30,34,239,190,CURTAIN IS ON THE WALL,
2337847,218,116,96,185,two people walking along beach,
2337851,114,238,48,48,a clock on a building,
2337854,71,260,81,80,soccer ball in mid air,
2337861,62,144,41,30,clouds in the sky,
2337862,164,134,44,61,a white and orange tennis racquet,
2337863,166,40,75,137,woman in the mirror,
2337864,106,93,255,258,A woman and a baby in a hospital bed,
2337867,107,260,305,194,A wooden bench painted white,
2337869,293,227,60,53,part of the watr waves,
2337871,179,27,167,211,a woman standing on two dolphins,
2337876,229,81,126,117,the face of a man,
2337884,16,15,170,141,Red metal stop sign,
2337887,103,98,353,177,a double decker bus,
2337888,141,77,75,71,hair on horse head,
2337889,41,24,36,37,A traffic sign on a pole,
2337892,210,126,85,101,woman is holding phone,
2337894,145,45,230,145,front windshield of bus,
2337899,222,115,111,136,the lights on the front of the train are on,
2337900,219,217,17,77,Tail of a horse,
2337902,74,215,26,20,A beautiful yellow flower,
2337904,3,5,493,201,cloud cover in sky,
2337906,95,95,320,107,An east cost train,
2337907,41,129,409,126,A group of horses.,
2337908,258,30,97,70,A protective horse riding helmet.,
2337912,113,71,192,202,a bear is in between the logs,
2337917,168,120,130,187,White horse with bridle,
