image_id,X,Y,Width,Height,English_text,French_text
2360759,15,290,55,199,person taking a picture of the clock,
2360765,132,26,245,317,two people playing a Wii game,
2360767,263,28,59,88,The leaf is long.,
2360770,93,171,57,67,coffee mug on desk,
2360776,171,119,99,92,baby girl is wearing a dress,
2360777,24,47,298,440,The woman is looking forward,
2360780,42,361,82,129,white ceramic vase with a leaf design,
2360784,8,146,228,187,happy black dog playing in the surf,
2360785,8,3,479,331,a young girl looks at the camera,
2360786,28,15,345,469,photograph of a bathroom,
2360789,214,14,282,317,tennis player sprinting,
2360793,176,202,91,52,a slice of a banana,
2360794,296,225,22,18,a blue towel on the stove,
2360806,4,97,111,238,the socks ar gray,
2360807,74,156,54,44,This is a clock,
2360809,231,342,25,33,The girl's left shoe,
2360810,1,0,497,374,This is an office scene,
2360811,10,213,345,108,a truck sitting in the parking lot,
2360815,72,8,325,363,two kids looking out a window,
2360817,149,206,93,141,an orange and white cat,
2360823,195,30,71,110,clock tower steeple,
2360831,319,260,88,36,TV Remote on the arm of the couch,
2360832,28,93,60,45,red Frisbee,
2360835,27,11,385,251,people at the skatepark,
2360837,3,78,495,102,bridge over a body of water,
2360841,368,188,129,104,elevated sign for a hair and nail spa,
2360844,5,4,490,308,multilevel home in a rural setting,
2360845,104,1,392,372,Woman mixing food in a pot,
2360848,50,209,128,250,giraffe standing in field,
2360850,110,75,102,109,Three Men's Heads Wearing Hats,
2360857,403,8,87,88,The sky is clear and blue,
2360861,233,103,162,212,Woman snow sking on ski trail.,
2360864,187,18,150,147,Man writing in a notebook,
2360865,164,23,207,309,a woman standing and holding a piece of cake,
2360866,140,165,123,116,The flowers are roses.,
2360870,186,65,238,295,Woman cutting a cake with a sword.,
2360874,0,9,307,222,yellow bananas hanging down,
2360875,190,96,107,169,the clock sitting on the mantle,
2360876,64,30,137,253,KNIGHT ON BROWN HORSE,
2360879,225,139,61,109,the horse is white,
2360882,65,0,433,330,A passenger train making a turn,
2360884,15,133,302,27,yellow passenger train on bridge,
2360886,50,5,190,316,seated man reflected in long mirrors,
2360887,197,113,82,102,bird on a branch,
2360888,37,76,455,217,train on the tracks,
2360889,129,187,157,153,white train traveling on tracks,
2360895,68,429,92,41,A car by the building,
2360896,3,283,97,151,Tennis court in-bounds area painted blue,
2360899,192,137,113,129,a navy Converse shoe,
2360909,204,74,117,202,baseball player in the batter'b box,
2360921,30,55,467,305,a team of men and women wearing pink shirts,
2360926,76,26,120,106,a young boy with short hair,
2360927,233,1,52,92,toilet bowl plunger,
2360932,11,191,363,226,The sheets are white,
2360937,302,58,142,269,guy snowboarding down hill,
2360942,103,84,65,55,kite in air,
2360944,155,9,220,337,a refrigerator under a cabinet,
2360947,340,225,146,110,brown dog,
2360954,0,233,494,100,A clear blue ocean,
2360956,16,187,102,58,red and blue neon sign,
2360958,163,165,71,75,phone in man's hand,
2360960,26,34,422,282,this is taken outside,
2360961,22,41,37,60,the sky is clear,
2360966,9,1,487,307,Black and white picture of a class in front of a brick building,
2360967,394,100,77,55,cherry on the cake,
2360971,0,188,332,310,green lawn of golf course,
2360972,33,20,63,30,white clouds in blue sky,
2360978,287,329,71,76,an green overhanging light,
2360984,215,87,120,156,A person in a black and white shirt,
2360988,78,93,360,232,a cow,
2360989,0,102,89,134,Silver clothes washer and dryer,
2360992,178,190,97,145,the shirt is black,
2360996,55,13,425,329,a kid eating cereal,
2361000,11,3,110,315,man only wearing underwear,
2361001,66,127,405,277,giraffes in the wild,
2361003,0,210,498,240,elephants are grouped in the water,
2361007,191,72,157,252,man is standing on tennis court,
2361010,242,38,224,210,Street signs are stacked on top,
2361017,72,126,162,275,mashed potatoes on a plate,
2361019,14,85,122,210,the umbrellas are colorful,
2361022,205,138,20,27,Yellow Tag On Cows Ear,
2361034,15,10,482,447,man fixing the wheel of the bike,
2361044,82,64,333,255,A gray locomotive on tracks,
2361048,272,154,199,197,laptop on a desk,
2361051,123,197,55,70,picture on a mirror,
2361055,260,296,28,22,A pacifier in the baby's mouth,
2361057,161,269,147,229,The fridge is blue,
2361063,302,63,190,308,Cream color refrigerator against the wall,
2361064,87,187,107,190,boy wearing red shirt,
2361066,243,137,41,88,tennis player on a tennis court,
2361067,144,61,50,38,red Frisbee caught by brown dog,
2361069,318,288,46,84,Wire brush sitting on the shelf,
2361071,13,37,209,159,player hit the ball,
2361074,66,109,116,345,A baseball player holding a bat,
2361078,1,0,351,499,a sidewalk littered with trash,
2361081,196,67,201,228,Gray plush elephant,
2361084,140,66,127,161,person in the air,
2361089,51,24,95,82,Bright light in the shape of a star,
2361093,111,182,165,192,man in the snow,
2361095,50,68,97,171,skateboarder performing a trick,
2361098,149,198,64,54,group of trees in the snow,
2361108,52,25,241,264,Commode sitting outside,
2361114,169,184,213,137,boat on the water,
2361120,79,175,219,156,This is an asian dish,
2361132,47,264,52,49,box on table,
2361144,135,290,67,62,luggage car near the plane,
2361150,349,126,80,203,woman in blue jean shorts,
2361154,218,186,70,76,metal silver bolt in the scissors,
2361160,97,100,290,135,These are a group of zebras,
2361165,151,97,61,33,red white and blue flag,
