image_id,X,Y,Width,Height,English_text,French_text
2360225,71,11,237,361,yellow and red fire hydrant,
2360226,240,246,30,72,Luggage is on the ground,
2360229,37,245,40,16,Black shingles in a roof,
2360239,390,58,10,11,The green walking person on the cross walk light.,
2360240,102,99,84,99,freshly folded bath towels,
2360244,265,283,142,85,This is a little girl,
2360246,276,18,217,289,a flower in a glass,
2360249,97,3,161,229,table and chairs by window,
2360254,177,20,153,220,a man wearing red on snow skis,
2360260,76,48,155,64,mountains in the distance,
2360268,82,24,112,101,American flag patterned helmet,
2360269,86,52,168,280,a man riding the cow,
2360276,24,136,113,73,These are tusks,
2360280,100,78,119,97,Round stop sign painted on rock,
2360281,3,0,494,371,this is a scrumptious assortment of donuts,
2360283,263,192,30,57,the guy is steeping off the curb,
2360284,173,117,68,101,Boy skatboarding off the side,
2360287,111,65,122,137,man jumping in snow,
2360289,237,49,232,280,gray horse statue,
2360298,0,197,65,41,a section of green and brown grass,
2360305,199,74,140,131,wire star in air,
2360306,1,246,498,10,white line on the tennis court,
2360307,84,64,262,427,Woman in black coat holding pink umbrella,
2360316,0,238,492,89,a long brown bar,
2360323,251,43,147,172,a person snowboarding,
2360324,0,43,377,288,blue school bus on street,
2360327,1,165,80,138,skier going down mountain,
2360343,23,99,297,181,This is a truck,
2360348,121,93,142,219,toilet in floor,
2360350,227,25,212,244,a parttion with clothes hanging on it,
2360351,65,264,240,155,This is a wooden bench,
2360352,32,326,56,35,Snow on a roof top,
2360354,169,214,203,281,Woman is wearing a shirt,
2360365,197,234,46,27,white frisbee in air,
2360368,26,8,437,360,a man stands next to a bicycle attached to a motorcycle,
2360370,74,80,62,66,man has grey hair,
2360371,12,60,428,247,Bear statues on the ground.,
2360373,397,23,85,174,can of diet coke,
2360374,451,85,47,85,A black and grey television.,
2360383,69,16,430,275,signs above the street,
2360413,6,219,403,112,a big fluffy white clowd in the sky,
2360414,28,42,67,249,keys on the table,
2360415,226,100,244,149,two horses in a muddy area,
2360417,189,191,135,100,tall giraffe,
2360418,193,321,119,175,This is a house,
2360425,118,114,175,210,Yellow and black steelers teddy bear,
2360433,125,43,228,205,Wall clock made out of an album,
2360434,21,33,430,326,this picture is outdoors,
2360441,36,102,302,146,A white bus.,
2360442,131,161,56,98,young man holding a tennis racket,
2360445,109,104,100,195,A girl looking at her cellphone.,
2360447,36,241,289,169,these are bunk beds,
2360449,105,181,103,65,person surfing on white surfboard in ocean,
2360460,69,69,255,255,Snow boards.,
2360461,139,31,201,265,old fashioned grandfather clock,
2360462,256,96,26,22,white horse with pink nose,
2360464,320,80,78,143,Evergreen tree in planter,
2360465,32,44,458,321,a man on a hospital bed,
2360472,47,172,254,107,This is a blanket,
2360476,72,86,259,317,black cat with partially closed eyes,
2360478,308,336,20,36,Grey feathers on a bird,
2360484,307,133,58,32,this is a donut,
2360485,21,180,80,37,Spout of shiny faucet,
2360492,16,20,302,293,this is at a baseball field,
2360496,355,258,27,32,Dark brown wood grain,
2360500,205,67,198,192,A black feline cat,
2360503,139,43,194,150,chair has orange cushion,
2360507,76,83,58,58,Scissors with orange handle,
2360511,409,191,17,47,Elephant's trunk in the water,
2360519,1,0,497,327,streaks of lights from moving cars,
2360520,247,38,24,32,the ball is green,
2360522,295,145,147,184,Woman is wearing a shirt,
2360524,284,103,57,215,This is a person,
2360531,8,137,475,231,Oatmeal,
2360533,220,2,178,322,a man is riding a skateboard,
2360536,3,0,496,370,Herd of zebras and other animals on the savannah,
2360545,250,122,167,242,the boy holding the racquet,
2360549,162,40,299,333,the laptop is silver,
2360554,65,178,172,146,white sign with black letters,
2360560,174,1,203,116,white clouds in the blue sky,
2360562,168,199,103,123,Two people are skiing,
2360563,27,51,464,137,a plane in the sky,
2360574,48,33,273,205,this is a bird,
2360577,132,230,66,75,a man surfing on the wave,
2360583,151,255,157,182,Sandwich cut in half,
2360588,77,77,367,192,the zebras standing on the grass,
2360591,193,374,50,47,Yellow and green soccer ball on field,
2360594,152,243,58,41,YELLOW LEMONS IN BOWL,
2360598,111,82,238,205,A white bird,
2360604,93,91,98,91,clock on building steeple type top,
2360614,203,115,103,94,controllers are in the girl's hands,
2360623,130,140,89,126,this is a sign,
2360624,199,162,29,37,Dark brown wood grain,
2360625,13,74,482,268,this is a bike,
2360628,224,212,23,27,Blue and white button,
2360632,11,146,321,353,Man standing in front of door,
2360638,80,28,224,405,Man swinging tennis racket,
2360639,127,71,224,260,baby with a frisbee on his face,
2360650,101,83,115,199,boy up to bat,
2360652,321,181,37,38,brick on a wall,
2360656,257,49,185,325,this is a person,
2360657,403,0,53,330,Brown column with four horizontal rings.,
2360659,71,106,142,267,a person on the snow,
2360661,260,329,63,112,A yellow fire hydrant,
2360665,0,2,497,368,group of men eating pizza,
2360668,212,103,53,105,a woman with an umbrella,
2360669,3,0,493,374,a pizza with yellow sauce,
2360672,126,110,177,217,one large gray elephant,
2360676,2,3,381,300,Two elephants and a white horse on a field,
2360679,187,102,270,149,FURRY WHITE DOG ON BED,
2360680,292,137,150,186,Two people skiing toward the harbor.,
2360683,206,129,97,56,tabby cat laying on a car,
2360684,117,79,112,52,this is a sign,
2360690,48,70,420,248,A group of people,
2360691,145,61,177,231,a blue and white sign,
2360699,183,197,123,119,pile of feta cheese on a pizza,
2360702,171,68,20,20,Blue sweat band on wrist.,
2360708,36,26,336,458,brown bear gnawing on tree branch,
2360711,171,243,30,65,black bear cubs on lower branch,
2360715,27,45,461,174,plane on the runway,
2360721,75,250,123,135,surfer with a surfboard,
2360725,51,333,182,113,a piece of paper,
2360727,36,196,91,115,red candy apple on a stick,
2360738,111,138,105,104,man surfing,
2360740,113,106,267,175,two people sitting on a bench,
2360742,18,68,316,422,boy sitting at a green metal table,
2360745,99,108,266,188,train on the railroad tracks,
2360752,45,132,444,200,These are two people,
2360753,92,23,180,175,head of the lady,
2360756,334,289,37,33,Brown wood floor grain,
2360759,15,290,55,199,person taking a picture of the clock,
2360765,132,26,245,317,two people playing a Wii game,
2360767,263,28,59,88,The leaf is long.,
2360770,93,171,57,67,coffee mug on desk,
2360776,171,119,99,92,baby girl is wearing a dress,
2360777,24,47,298,440,The woman is looking forward,
2360780,42,361,82,129,white ceramic vase with a leaf design,
2360784,8,146,228,187,happy black dog playing in the surf,
2360785,8,3,479,331,a young girl looks at the camera,
2360786,28,15,345,469,photograph of a bathroom,
2360789,214,14,282,317,tennis player sprinting,
2360793,176,202,91,52,a slice of a banana,
2360794,296,225,22,18,a blue towel on the stove,
2360806,4,97,111,238,the socks ar gray,
2360807,74,156,54,44,This is a clock,
2360809,231,342,25,33,The girl's left shoe,
2360810,1,0,497,374,This is an office scene,
2360811,10,213,345,108,a truck sitting in the parking lot,
2360815,72,8,325,363,two kids looking out a window,
2360817,149,206,93,141,an orange and white cat,
2360823,195,30,71,110,clock tower steeple,
2360831,319,260,88,36,TV Remote on the arm of the couch,
2360832,28,93,60,45,red Frisbee,
2360835,27,11,385,251,people at the skatepark,
2360837,3,78,495,102,bridge over a body of water,
2360841,368,188,129,104,elevated sign for a hair and nail spa,
2360844,5,4,490,308,multilevel home in a rural setting,
2360845,104,1,392,372,Woman mixing food in a pot,
2360848,50,209,128,250,giraffe standing in field,
2360850,110,75,102,109,Three Men's Heads Wearing Hats,
2360857,403,8,87,88,The sky is clear and blue,
2360861,233,103,162,212,Woman snow sking on ski trail.,
2360864,187,18,150,147,Man writing in a notebook,
2360865,164,23,207,309,a woman standing and holding a piece of cake,
2360866,140,165,123,116,The flowers are roses.,
2360870,186,65,238,295,Woman cutting a cake with a sword.,
2360874,0,9,307,222,yellow bananas hanging down,
2360875,190,96,107,169,the clock sitting on the mantle,
2360876,64,30,137,253,KNIGHT ON BROWN HORSE,
2360879,225,139,61,109,the horse is white,
2360882,65,0,433,330,A passenger train making a turn,
2360884,15,133,302,27,yellow passenger train on bridge,
2360886,50,5,190,316,seated man reflected in long mirrors,
2360887,197,113,82,102,bird on a branch,
2360888,37,76,455,217,train on the tracks,
2360889,129,187,157,153,white train traveling on tracks,
2360895,68,429,92,41,A car by the building,
2360896,3,283,97,151,Tennis court in-bounds area painted blue,
2360899,192,137,113,129,a navy Converse shoe,
2360909,204,74,117,202,baseball player in the batter'b box,
2360921,30,55,467,305,a team of men and women wearing pink shirts,
2360926,76,26,120,106,a young boy with short hair,
2360927,233,1,52,92,toilet bowl plunger,
2360932,11,191,363,226,The sheets are white,
2360937,302,58,142,269,guy snowboarding down hill,
2360942,103,84,65,55,kite in air,
2360944,155,9,220,337,a refrigerator under a cabinet,
2360947,340,225,146,110,brown dog,
2360954,0,233,494,100,A clear blue ocean,
2360956,16,187,102,58,red and blue neon sign,
2360958,163,165,71,75,phone in man's hand,
2360960,26,34,422,282,this is taken outside,
2360961,22,41,37,60,the sky is clear,
2360966,9,1,487,307,Black and white picture of a class in front of a brick building,
2360967,394,100,77,55,cherry on the cake,
2360971,0,188,332,310,green lawn of golf course,
2360972,33,20,63,30,white clouds in blue sky,
2360978,287,329,71,76,an green overhanging light,
2360984,215,87,120,156,A person in a black and white shirt,
2360988,78,93,360,232,a cow,
2360989,0,102,89,134,Silver clothes washer and dryer,
2360992,178,190,97,145,the shirt is black,
2360996,55,13,425,329,a kid eating cereal,
2361000,11,3,110,315,man only wearing underwear,
2361001,66,127,405,277,giraffes in the wild,
2361003,0,210,498,240,elephants are grouped in the water,
2361007,191,72,157,252,man is standing on tennis court,
2361010,242,38,224,210,Street signs are stacked on top,
2361017,72,126,162,275,mashed potatoes on a plate,
2361019,14,85,122,210,the umbrellas are colorful,
2361022,205,138,20,27,Yellow Tag On Cows Ear,
2361034,15,10,482,447,man fixing the wheel of the bike,
2361044,82,64,333,255,A gray locomotive on tracks,
2361048,272,154,199,197,laptop on a desk,
2361051,123,197,55,70,picture on a mirror,
2361055,260,296,28,22,A pacifier in the baby's mouth,
2361057,161,269,147,229,The fridge is blue,
2361063,302,63,190,308,Cream color refrigerator against the wall,
2361064,87,187,107,190,boy wearing red shirt,
2361066,243,137,41,88,tennis player on a tennis court,
2361067,144,61,50,38,red Frisbee caught by brown dog,
2361069,318,288,46,84,Wire brush sitting on the shelf,
2361071,13,37,209,159,player hit the ball,
2361074,66,109,116,345,A baseball player holding a bat,
2361078,1,0,351,499,a sidewalk littered with trash,
2361081,196,67,201,228,Gray plush elephant,
2361084,140,66,127,161,person in the air,
2361089,51,24,95,82,Bright light in the shape of a star,
2361093,111,182,165,192,man in the snow,
2361095,50,68,97,171,skateboarder performing a trick,
2361098,149,198,64,54,group of trees in the snow,
2361108,52,25,241,264,Commode sitting outside,
2361114,169,184,213,137,boat on the water,
2361120,79,175,219,156,This is an asian dish,
2361132,47,264,52,49,box on table,
2361144,135,290,67,62,luggage car near the plane,
2361150,349,126,80,203,woman in blue jean shorts,
2361154,218,186,70,76,metal silver bolt in the scissors,
2361160,97,100,290,135,These are a group of zebras,
2361165,151,97,61,33,red white and blue flag,
