image_id,X,Y,Width,Height,English_text,French_text
2358420,5,99,487,273,a plate of food,
2358423,356,99,20,26,A feild goal on the ground,
2358426,24,43,173,330,large and orange hydrant,
2358431,197,9,112,53,The frisbee is white.,
2358433,13,84,452,192,Many boats out on the water,
2358434,109,139,150,232,black dog with a short tail on a tiled floor,
2358436,39,234,129,138,two people standing on the beach,
2358441,65,3,88,77,electric kettle on countertop,
2358444,284,189,70,83,The bird is standing in the sand,
2358445,211,55,95,185,a black parking metor,
2358451,10,5,472,354,multiple kites in sky,
2358454,213,242,12,11,piece of chopped white onion,
2358470,167,210,99,112,green pepper on the cutting board,
2358472,164,89,166,153,silver dime in middle of circle,
2358473,247,314,28,77,A blue and red tie,
2358474,169,79,145,159,girl is on snowboard,
2358476,67,87,220,235,two slices of tomato,
2358477,5,13,442,337,Two pieces of pizza on a paper plate,
2358484,41,17,437,357,white plate on wood table,
2358490,404,266,30,27,tires on a plane,
2358492,263,239,108,134,one white toilet with lid closed,
2358519,15,78,460,166,two boats on a beach,
2358520,153,1,170,115,Two glasses on table.,
2358522,282,58,145,185,skateboarder in the air,
2358526,239,147,54,42,Blue and white baseball helmet,
2358529,135,95,88,123,little girl on skies,
2358531,112,248,271,109,an old rusty truck by the train,
2358532,46,18,424,308,Pizza is in tray.,
2358548,90,143,162,298,male skier dressed in black outfit,
2358553,213,40,246,257,a jockey racing a horse,
2358557,131,200,167,188,Two doughnuts on a white plate,
2358575,0,44,280,453,girl is holding a baseball bat,
2358582,39,38,217,227,Black and white cat,
2358593,7,91,264,210,This is a bird,
2358594,89,225,60,32,computer on table,
2358598,315,0,154,164,row of florescent ceiling lights,
2358603,92,109,25,17,one round Q typewriter key,
2358605,43,349,38,18,Bottle inside of garbage can.,
2358607,244,63,37,25,thick round glasses,
2358608,8,131,178,356,folding beach chair,
2358611,30,49,438,325,a cheesy dish for dinner,
2358626,175,83,68,43,Red baseball cap with logo,
2358627,182,123,133,160,young man playing tennis,
2358629,250,171,138,106,sheepskin on the saddle,
2358634,0,112,322,360,vegetables on side road,
2358635,55,169,130,212,child wearing a pink coat,
2358639,0,1,499,223,The sky is blue.,
2358646,385,42,99,100,Stainless steel telephone on wooden desk,
2358649,50,36,425,251,a motorcyle in the area,
2358655,162,150,192,217,the catcher,
2358657,340,88,104,243,white surf board in front of store,
2358658,36,66,450,188,numerous sheep in a field,
2358666,184,147,40,24,a frisbee being played with,
2358668,205,63,82,90,skateboarder in the air,
2358671,122,82,113,170,Woman wearing a white jacket,
2358672,36,220,61,42,a black knob,
2358680,219,240,26,54,Person walking talking cell phone.,
2358690,167,254,71,42,A colorful bow tie,
2358696,105,31,97,218,a woman riding a horse,
2358697,7,12,490,310,a misty scene,
2358703,48,84,33,49,Hat on man's head.,
2358707,39,197,137,126,red double-decker bus close by,
2358711,1,194,97,112,many peeple waiting for the train,
2358712,31,124,460,252,an amazing looking sandwich,
2358716,345,72,153,156,double decker bus is red,
2358722,0,232,207,98,a green metal gate,
2358724,0,91,428,187,Train on the tracks.,
2358727,310,40,186,285,woman with dishes in front of her,
2358729,124,37,213,235,A man has blue eyes,
2358742,161,174,22,37,a red phone booth,
2358745,108,265,99,158,t-ball stand in the grass,
2358746,148,244,268,126,black leather chair,
2358750,43,19,439,291,A very white bathroom,
2358751,267,166,37,34,silver handle on toilet,
2358756,253,194,20,15,Orange frisbee in hand.,
2358765,103,52,243,92,white words on sign,
2358772,305,88,154,282,Man holding a clipboard.,
2358777,0,94,40,63,silver metal fork,
2358781,53,60,250,290,a puppy color black and brown,
2358783,209,109,80,124,the cats in the suitcase,
2358788,232,133,81,115,white ski pole touching the snow,
2358791,156,210,319,35,The ocean water is the very calm,
2358793,457,228,16,7,part of the grass,
2358799,233,183,112,85,animal in the water,
2358803,50,101,99,126,person riding a surfboard,
2358805,229,47,220,323,Man getting hair cut.,
2358811,105,44,227,270,Woman riding a bike.,
2358823,161,0,250,332,The boy biting a cell phone.,
2358826,46,22,287,444,mother and baby giraffe,
2358831,473,253,10,10,part of the beach,
2358835,159,95,257,135,White polar bear with black nose.,
2358847,301,57,37,137,Traffic light hanging from wire.,
2358848,32,8,271,91,A sign is hanging from the ceiling,
2358849,211,167,31,17,white print on a train,
2358851,273,183,170,71,White dog in the guitar case.,
2358852,121,27,142,153,oranges on the ground,
2358859,152,216,33,83,A girl in a yellow visor and blue and yellow outfit.,
2358863,260,158,25,27,black and silver smart phone,
2358870,20,10,458,350,men gathered outside their tour bus,
2358872,340,74,44,80,Lamp on the table.,
2358873,120,115,358,107,Blue and white passenger train,
2358875,50,72,430,251,a train on a bridg,
2358879,249,383,124,115,top of a tree,
2358881,124,150,206,328,the skateboard is upside down,
2358882,50,21,377,311,jockey on a horse's back,
2358888,48,48,412,305,giraffe out near tree,
2358891,442,7,57,44,Smooth textured table top,
2358896,133,0,363,329,A woman blowing out candles,
2358898,171,153,71,237,Brick oven in the back.,
2358900,44,113,125,110,one plaster cow snout,
2358901,112,38,84,49,bat in the person's hand,
2358910,117,326,85,92,small flag on top of a cake,
2358911,397,125,22,20,part of a wall,
2358913,41,101,315,205,A pile of apple skin,
2358916,105,138,367,150,Train moving on train tracks,
2358917,95,67,290,180,a small bowl full of food,
2358922,85,20,316,273,lap top on a desk,
2358924,9,8,479,249,cereal and a banana,
2358927,118,39,220,138,woma is wearing a bright big yellow brimmed hat,
2358939,104,15,150,120,head of the man,
2358940,88,0,116,292,a white toilet in front a trunk,
2358941,108,165,14,18,Large white P.,
2358944,138,118,82,48,A boat on the water,
2358959,175,103,61,57,frisbee is round and orange,
2358962,441,285,17,22,part of a wheel,
2358964,40,12,126,110,cloud in the sky,
2358967,258,115,30,31,player number on the jersey,
2358968,358,295,22,45,part of a field,
2358977,218,176,235,174,Bear walking on all fours.,
2358980,432,282,14,25,part of a bench,
2358993,334,200,119,125,A big round wheel,
2358999,35,34,189,459,the boy on the grass,
2359001,8,8,487,261,a toilet in a bathroom,
2359007,16,27,465,270,The train is going through a city,
2359019,63,58,245,107,zebras in a pen,
2359023,82,86,320,236,black mousepad on bed,
2359032,197,421,25,9,black keys on laptop,
2359034,249,238,114,169,pink t-shirt with stick figure design,
2359036,252,203,59,47,Bird has red beak.,
2359051,260,154,232,219,woman in sunglasses,
2359059,300,94,50,55,Framed picture hanging on wall.,
2359061,51,2,445,175,cloud cover in sky,
2359064,15,43,325,234,Baby elephant walking in strides,
2359066,80,51,331,387,A man is playing tennis,
2359068,1,1,287,372,a little girl,
2359069,448,66,27,28,Sign on brown door,
2359072,488,258,7,14,part of the ground,
2359079,141,30,25,23,a green ball in the air,
2359082,431,180,20,25,fancy gold watch,
2359085,113,42,114,388,Skateboard on wooden surface,
2359086,9,11,446,329,a large passenger bus parked by the side of the street,
2359087,289,176,40,95,white oven with front window,
2359090,167,106,36,72,Statue on top of a building,
2359093,158,0,64,108,a girl scampering for safety,
2359095,372,14,118,23,a plane is flying,
2359097,12,9,350,459,cafe window showing reflection and interior,
2359099,253,22,125,350,man in blue pants,
2359108,7,249,59,147,person in blue shirt holding arms up,
2359112,291,138,103,100,A person on skies,
2359115,322,129,39,43,Red and white stop sign,
2359120,397,289,18,13,part of the wave,
2359122,1,0,498,331,The sky is becoming dark.,
2359127,78,282,387,78,Blue vehicle underneath bikes.,
2359128,19,169,129,93,a man on the side of a car,
2359133,249,173,2,9,part of a helmet,
2359134,218,105,98,182,a boy on a skateboard,
2359142,49,203,355,84,two cows eating,
2359149,42,123,325,195,fire truck with lights on,
2359154,34,55,366,161,a train running down the track,
2359158,83,70,389,275,girl blowing out candles,
2359163,299,230,66,78,several bottles on a counter,
2359171,208,450,15,14,edge of a sink,
2359172,289,365,16,13,part of the grass,
2359173,59,43,229,216,pink petals of a flower,
2359188,67,43,426,211,cars in a parking lot,
2359193,152,31,164,312,the girl is seated,
2359197,101,413,12,11,edge of a bed,
2359198,156,16,218,178,the large street sign,
2359201,132,61,128,190,a pink teddy bear,
2359205,74,234,105,27,green striped grass of the baseball field,
2359208,38,121,327,234,Wooden bench beside path,
2359211,140,93,286,200,Two zebras in a field,
2359214,0,0,492,374,the background is black,
2359218,275,17,195,196,the cup on the table,
2359220,41,99,279,322,This is a woman skate boarding,
2359227,58,138,267,143,a broken wood boat on the beach,
2359231,75,2,420,320,a motorcycle near a car,
2359233,107,133,68,182,a baseball player at bat,
2359239,95,27,186,247,white window shutters सफेद खिड़की बंद,
2359242,11,45,256,212,Brown and white puppy,
2359243,10,387,95,111,white container with faces,
2359252,131,44,206,129,a black piano on the table,
2359255,78,21,297,324,a giraffe standing in an enclosure,
2359256,377,343,20,18,A shoe on a man,
2359257,118,304,54,72,Girl wearing a blue jacket,
2359258,108,142,107,65,the train is black colour,
2359259,393,289,30,17,part of the grass,
2359261,243,333,10,10,edge of a tail,
2359264,364,223,17,15,part of a rail,
2359267,71,76,389,176,two surfer's on the ocean,
2359270,147,73,234,195,Aeroplane in an airport,
2359273,80,31,190,275,THE BIKE IS PARKED,
2359276,135,1,221,57,greenleaves on tree,
2359278,26,158,80,80,Sky is blue color.,
2359279,123,242,28,38,a roll of tissue in the bathroom,
2359281,297,15,174,253,a man jumping in the air,
2359283,338,98,6,8,part of a board,
2359290,153,26,28,64,American flag on top of tower,
2359291,11,31,425,293,people at a convention,
2359292,125,60,95,81,head of the giraffe,
2359294,58,315,194,102,Sink is white color.,
2359300,32,111,459,134,the airplane in the sky,
2359305,126,439,28,6,The front edge of a counter,
2359307,101,33,356,259,a rusted antique truck in a field,
2359309,219,469,8,10,edge of a rail,
2359312,329,219,152,131,A brown and white McDonalds hashbrown.,
2359314,239,134,44,41,The phone is black.,
2359315,8,147,491,135,high cement fence in arena,
2359316,143,46,31,14,Dark shades on the head,
2359317,142,97,92,92,the cake on the plate,
2359319,144,168,45,28,The horse in the background is brown.,
2359322,0,2,499,278,The ocean shore,
2359324,314,256,35,50,Man is wearing shoes,
2359327,34,173,42,23,Black sedan and white van,
2359332,197,15,93,80,helmet on the player,
2359334,347,140,20,47,The cat's paw is white.,
2359342,78,25,237,300,a snowboard,
2359348,0,98,35,130,internet router with an antenna colored silver and dark gray,
2359364,215,107,136,215,cat sitting car roof,
2359372,133,100,52,44,white Frisbee in the air,
2359373,323,369,13,16,part of a wall,
2359374,8,49,490,323,bunches of yellow bananas,
2359383,95,31,154,178,the woman is surprised,
2359385,151,52,143,235,a hanging white light bulb,
2359386,83,218,112,127,Silver and black cell phone,
2359388,192,43,238,315,A woman is carrying two baskets.,
