image_id,X,Y,Width,Height,English_text,French_text
2413073,329,371,28,31,silver door knob on a white door,
2413074,153,265,31,23,right hand grabbing concrete tiled kerb,
2413075,133,137,25,28,the man is sea surfing,
2413082,299,94,85,108,man wearing a hat,
2413083,134,201,120,114,the boy is wearing a sweater,
2413086,436,90,25,20,hair is blonde,
2413088,166,161,99,28,the slides are green,
2413094,132,59,110,203,tennis player in mid-air,
2413097,56,83,306,287,black and white zebra with a bent neck,
2413098,15,318,248,51,SNOW ON THE GROUND,
2413100,164,75,305,98,A group of four working in the kitchen,
2413106,2,0,472,373,a very protective suit,
2413111,318,187,13,20,white elephant tusk,
2413113,175,145,241,271,the food is green in color,
2413115,43,118,285,337,Two giraffes are standing on the ground.,
2413117,1,75,126,89,A large red barn.,
2413124,173,65,187,281,man stands beside wall with bicycle,
2413128,256,101,167,94,a white bird wading in water,
2413130,191,100,157,176,the front of red bus,
2413131,122,63,174,133,The navy blue and red helmet.,
2413134,309,108,137,167,surfer with puzzled look,
2413135,2,7,371,484,Seabirds on the beach,
2413136,334,11,107,77,silver and black cell phone,
2413152,35,93,328,244,very beautiful picture\n,
2413154,82,121,366,191,the duck is brown in color,
2413160,61,113,221,100,A fluffy white pillow.,
2413161,26,24,100,120,A black traffic light,
2413164,43,106,455,268,A Watermelon Plate,
2413165,69,245,287,250,a white toilet in the bathroom,
2413166,220,35,67,42,a woman looking in a mirror,
2413167,5,113,338,347,Two stuffed toy animals are in a display.,
2413168,33,70,53,65,the racket is black,
2413170,120,95,37,14,Snow on the street sign.,
2413172,212,22,114,476,street light next to tall building\n,
2413177,48,180,377,192,A pastel colored sectional couch,
2413181,78,147,341,110,three zebra walking together,
2413187,4,17,323,304,a small town street scene,
2413188,118,3,238,232,a creepy bug on top of a keyboard,
2413194,133,155,96,183,the tennis player is swinging the racket,
2413195,35,307,145,142,the toilet is white,
2413196,106,2,393,320,player tagging baserunner,
2413210,333,138,48,15,Black umbrella above people,
2413222,31,26,309,441,a man in a hat is eating,
2413226,48,32,83,58,sky is blue in color.,
2413230,386,125,111,92,shiny brown murky water,
2413231,108,96,72,152,boy is skating.,
2413232,249,160,195,299,a man in a blue shirt is standing in the shadows,
2413234,41,36,411,307,black and white motorbike\n,
2413235,208,60,104,190,woman is leaning against wall,
2413243,18,8,480,355,the buds are closed,
2413244,134,65,90,56,black baseball helmet,
2413252,104,140,390,143,The five cows laying on the beach,
2413254,195,200,54,45,black hand of a clock,
2413258,133,93,222,80,airplane is landing,
2413274,248,177,191,101,fork soaked in sauce,
2413275,0,207,106,39,The two sets of train tracks,
2413282,199,154,93,158,a small bright red refrigerator,
2413287,42,180,59,74,a square window,
2413296,14,57,145,107,a dog's black nose,
2413298,276,107,70,82,the silver is brown,
2413307,175,18,320,267,girls are making peace signs,
2413308,203,203,93,165,pump is red and yellow in color.,
2413316,143,250,81,149,A woman with a tennis racquet in her hand.,
2413319,86,181,180,101,one horse is walking in the road.,
2413320,114,168,74,27,two pieces of luggage on top of a cart,
2413321,0,21,282,475,man eating hot dog,
2413325,299,129,100,200,a man in a white shirt laughs,
2413328,191,115,61,38,the skirt is blue,
2413331,80,0,400,371,a pizza is on the table,
2413332,332,142,105,75,the short is colorful,
2413338,108,156,54,97,woman playing tennis,
2413339,121,79,367,273,People performing on a red stage,
2413349,240,31,186,344,Girl is holding a tennis racket.,
2413351,42,50,124,86,a helicopter on screen,
2413353,323,92,101,112,A BLACK CAT,
2413355,374,256,54,45,three bottles next to the sink,
2413356,121,81,84,57,a white microwave in the corner,
2413358,22,200,203,218,lady is in black dress.,
2413359,95,125,323,150,three elephants are seen,
2413365,283,270,66,59,a pair of black binoculars,
2413370,308,244,170,32,small irregular bits of floating ice,
2413372,196,29,143,409,a woman wearing blue jeans,
2413374,0,165,120,99,A magnifying mirror,
2413380,0,55,490,87,contemporary people having early 60s style surf party,
2413381,37,88,221,264,man riding snowboard,
2413384,197,105,189,96,The woman is wearing sunglasses.,
2413391,147,120,95,90,The television is on the table.,
2413393,18,10,453,291,Public bus in the city,
2413394,47,111,57,47,maple leaf design is seen in the wings.,
2413401,159,79,218,204,Bus provides public transportation,
2413407,0,5,366,483,photograph has black border with orange internal top+bottom edges,
2413411,46,217,183,157,a small greeting card,
2413415,66,179,97,62,the baby elephant is small,
2413416,118,2,93,82,helmet on man's head,
2413429,125,111,130,111,A computer screen with a screen saver,
2413430,179,154,37,40,a open giraffe mouth,
2413436,64,101,264,132,a boat out of water,
2413440,216,157,55,57,Elephant is standing in water.,
2413445,281,111,49,44,a blue kite in the air,
2413447,221,0,42,227,A silver utility pole.,
2413449,117,132,63,60,blue blanket laying on bed,
2413451,31,100,440,210,A large group of people protesting.,
2413460,113,32,247,187,a fat cat doses in a blue suitcase,
2413463,79,52,76,84,large plush white teddy bear,
2413465,37,53,332,445,the largest plant is green,
2413471,29,225,42,92,woman with a blue shirt walking,
2413478,160,207,111,136,Blue and brown pillows resting on chair.,
2413488,72,3,150,356,The girl is lifting the skateboard.,
2413492,101,0,174,394,an odd carrott,
2413493,5,67,472,240,The pages have turned brown with time.,
2413494,72,9,62,229,This is a tree trunk.,
2413495,73,37,211,227,the light is green,
2413496,28,189,367,71,animals on the ground,
2413503,24,181,84,120,Snowboarding getting ready to go.,
2413508,257,11,106,123,iphone has many finger smudges,
2413511,234,152,32,20,low flying small white plane,
2413513,286,158,38,34,WINDOWS FOR PILOTS VIEW,
2413519,249,105,197,219,A Man making pizza,
2413523,174,237,46,88,the short is black,
2413524,275,348,25,9,small bald spot on green grass,
2413526,0,83,43,67,a bright light reflection,
2413530,2,0,495,330,Umbrella is bright orange.,
2413533,10,7,487,322,Wedding cake cutting by a couple,
2413535,8,4,459,358,A picture of a bedroom.,
2413539,205,54,255,248,Two boys skateboarding,
2413543,57,143,73,154,Woman with a pony tail standing in water,
2413544,246,55,59,49,Large brown and white giraffe,
2413546,183,170,52,56,a green and red vespa,
2413548,316,300,43,21,white piece of debris on ground,
2413552,5,5,491,366,The picture is taken outdoors.,
2413557,159,241,107,87,black and grey backpack near bed,
2413565,38,2,244,273,a ship anchored in water,
2413569,129,190,35,45,Headlight on a red bus,
2413570,145,11,335,194,Hot dog on white dish,
2413572,174,75,282,119,intersection is in beverly hills,
2413575,4,7,494,322,Beach on a sunny day,
2413578,200,188,185,185,dog's leash wrapped over handrail,
2413590,152,138,320,231,Board sets on to of the bathtub.,
2413594,122,156,127,167,a man on a cell phone,
2413595,102,106,92,110,Small black and white zebra,
2413598,174,132,232,190,Tennis player at a match,
2413601,121,202,135,177,a towel sitting on the stove,
2413609,68,100,173,173,a snowboarder about to go off a cliff,
2413615,2,160,434,339,Coverlet is all white.,
2413616,138,94,171,137,The man is throwing the baseball,
2413618,361,92,137,280,the girl is happy,
2413621,184,437,115,56,Black and white floor next to the toilet,
2413626,0,1,372,198,tile wall behind cat,
2413628,38,39,413,338,Female baseball player,
2413631,8,219,75,112,yellow and black art gallery sign,
2413634,280,111,65,47,pointy black ears on a dog,
2413639,168,293,79,82,a man holding a red surfboard,
2413641,26,89,451,212,a messy unmade bed with a white bowl in it,
2413649,143,112,25,24,Toilet paper leaning against the wall,
2413653,251,367,78,87,a pink wastepaper basket,
2413654,228,280,72,167,a man with black shirt,
2413656,15,48,410,284,Two people are leaving the beach.,
2413659,264,3,145,357,a glass of red wine,
2413663,181,281,57,52,a dish filled with jalapeno slices,
2413668,142,71,275,142,Plane above the clouds,
2413674,122,366,80,32,the boy has red socks,
2413682,4,36,115,57,the pots are on the shelve stand,
2413684,92,25,263,305,tall giraffe looking at the tree,
2413685,363,89,98,97,Trees are green in color.,
2413689,162,71,67,76,Brown hard boiled egg,
2413694,123,151,93,87,A train is on the tracks.,
2413701,174,307,131,122,The couple is cutting the cake,
2413702,58,45,438,309,green truck and yellow truck,
2413704,196,255,88,74,Fluffy dandelion seeds,
2413706,16,44,226,326,a man in a boat,
2413712,36,5,217,390,The larger elephant has tusks.,
2413716,363,123,132,57,Diamond Head volcano in oahu,
2413725,59,63,226,433,guy catching frisbee,
2413726,93,91,171,103,The woman is looking up,
2413728,100,226,45,95,Sandwich on a long roll.,
2413743,158,210,45,41,a roll of toilet paper sitting on a toilet,
2413755,47,251,52,39,Tag in front of car.,
2413756,236,205,147,168,a shadow showing two people,
2413758,26,229,216,262,the bear is brown,
2413761,210,147,62,60,Baby elephant running,
2413762,160,132,298,181,People skiing on snow,
2413763,150,245,152,165,sign that says \Barber Shop Parking\,
2413765,125,114,118,347,The child is young,
2413769,222,88,77,95,man riding a surfboard,
2413770,8,42,471,241,time lapse action photo,
2413776,43,97,206,398,Public toilet on plane,
2413780,160,302,90,117,toilet seat is up,
2413785,190,7,235,254,the cow is white\n,
2413788,138,303,20,39,Tombstone in the cemetery,
2413791,248,11,181,120,A blue sky with no visible clouds,
2413798,30,201,115,115,Wheel on a motorcycle,
2413799,99,74,160,238,brown fluffy bear,
2413802,83,29,272,257,double decker red bus,
2413803,175,31,111,104,the stand has direction on top,
2413804,168,212,155,154,toothbrush in toddler's mouth,
2413805,74,21,62,59,right ear of cat,
2413815,100,180,48,33,The woman has on a green shirt.,
2413822,102,35,107,115,player holding the bat,
2413826,4,3,292,492,Instructor teaching child to ski,
2413830,98,197,107,276,a girl flying a kite on a cold day,
2413832,0,0,354,499,the bus is green,
2413833,109,141,164,165,Head of cabbage in copper-plated pot,
2413839,272,88,102,58,a white camper,
2413844,224,161,219,63,long red and grey train,
2413846,2,136,420,215,southwest airplane,
2413852,63,8,27,27,A red circular light,
2413854,183,136,32,35,male rower is rowing,
2413859,90,106,113,126,soda can on table,
2413861,22,56,75,172,a guy skating down the street,
2413862,200,85,296,195,Two zebras on the savannah.,
2413864,105,93,146,237,A black trash bag.,
2413868,46,207,85,46,a blue umbrella,
2413870,280,177,130,187,The toilet is white in color.,
2413872,255,36,155,211,man is skating,
2413874,175,335,168,115,sky is blue in color.,
2413882,138,106,65,227,Brown wood log,
2413888,148,72,67,201,A young giraffe,
2413891,26,164,116,33,OLD FLEXIBLE FLYER WOODEN SLED,
2413899,221,0,101,110,glass of water on the table,
2413900,318,55,48,101,Gold wall lamp,
2413906,261,128,170,141,People sitting around table.,
2413911,135,0,120,132,groom smiling while looking down.,
2413917,66,32,175,218,Skater flips in the sky.,
2413919,204,94,71,53,The building has a lot of windows.,
2413924,98,4,355,264,Laptops displayed on a table.,
2413930,5,145,314,184,a pizza with two pieces missing,
2413941,429,118,56,87,Snowboard of many colors,
2413947,16,47,482,222,man and boys eating hotdogs,
2413949,299,382,100,85,the rocks are grey,
2413950,125,79,84,66,YELLOW HELMUT,
2413960,106,3,247,466,the cows are in a row,
2413961,299,344,53,55,Silver medallion on guy's gray suit.,
2413962,183,75,181,130,Jet flying in the middle of the others,
2413963,74,36,380,410,the softball player is a woman,
2413965,1,101,26,45,Green caution cone on the grass,
2413971,219,143,58,108,RED AND BLACK BACKPACK HANGING ON A FENCE,
2413979,165,73,84,75,the pant is yellow,
2413983,144,62,330,280,Three people holding mugs of beer.,
2413990,90,66,371,218,\nelephant next to elephant,
2413992,60,98,416,117,The plan is red and white,
2413996,147,156,140,162,Yellow and white front of train,
2413997,237,211,51,27,two baby bear cubs,
2414000,225,138,142,124,Train is red color.,
2414001,191,284,120,82,Doughnut with pink icing.,
2414002,118,222,240,50,This is a surfboard.,
2414003,86,207,345,277,A bowl of food.,
2414004,337,35,27,78,A black and white lighthouse.,
2414016,55,168,50,18,the grass is greeb,
2414019,70,86,44,53,a giraffe on the grass,
2414021,60,45,435,285,two girls are playing a video game,
2414027,185,84,60,43,The cell phone being held by the man,
2414029,88,37,113,179,face of black and white zebra,
2414030,312,75,186,193,Large construction equipment,
2414048,143,37,190,104,three black pillows,
2414051,221,245,140,75,This is a drop of sauce.,
2414055,24,0,300,78,bunch of carrots with stems,
2414065,409,17,83,63,A curtainless window above a store.,
2414069,6,29,318,365,A picture of a bathroom,
2414070,91,33,284,291,Black motorbike parked in parking lot.,
2414073,63,155,22,34,Red and white traffic sign,
2414074,0,8,204,201,flowerless greenery,
2414083,240,28,81,52,hair growing on elephant,
2414084,20,93,23,123,a tile backsplash,
2414086,161,6,313,325,lady sitting and eating,
2414095,1,91,498,185,Blue ocean.,
2414098,22,120,341,344,a huge pile of bananas in swirled tower,
2414103,161,263,39,57,a panda bear sleeping,
2414104,16,64,29,37,black and white clip fridge magnet,
2414105,258,21,168,292,batter swinging black bat,
2414106,150,115,69,58,He is wearing eyeglasses.,
2414119,108,242,187,80,a tan mini cooper on the road,
2414121,58,42,65,295,tall red brick clock tower,
2414123,300,320,10,15,narrow building window with black frame,
2414127,141,83,113,243,Palomar hotel's hanging sign,
2414131,94,120,266,101,small blue passenger bus,
2414137,458,83,40,48,tines of a fork,
2414138,148,98,272,96,Broccoli is green in color.,
2414147,364,24,79,155,Red wine in a glass,
2414148,79,94,336,162,a bus on the road,
2414159,15,221,144,100,A bicycle inside a house,
2414165,20,26,476,340,A bird in the wild,
2414179,68,325,248,148,a wire mesh bench,
2414182,363,209,48,73,graphic tee shirt robot,
2414184,106,120,217,282,the man is wearing a white shirt,
2414189,378,196,119,176,Steering wheel of vehicle.,
2414190,2,245,494,55,light colored beach sand,
2414191,59,30,233,79,Gold address sign,
2414200,93,49,402,322,THE MAN IS DRESS IN A BLACK SWEATER,
2414218,232,324,141,124,A black metal fence,
2414223,189,225,140,77,a group of people skiing,
2414225,187,0,222,275,A child is holding a bat.,
2414231,26,27,218,257,AMERICAN FLAG THROW,
2414233,99,51,151,111,Hand giving a thumbs up,
2414239,111,410,91,57,light brown tile floor,
2414243,201,145,125,107,A man in the water.,
2414248,195,119,54,55,red plastic helmet with black strap,
2414258,246,230,85,202,skier in green jacket on the side,
2414262,116,2,377,277,Skier prepares to go downhill,
2414278,136,3,62,58,White pot lid,
2414281,26,14,278,345,Bus going crosstown,
2414282,326,162,60,74,a red back end of train,
2414285,376,200,54,50,part of wheel,
2414287,242,76,191,128,zebra lying in the grass,
2414290,152,362,113,75,special cake for celebration,
2414293,423,182,17,17,the head of a man,
2414300,101,42,10,9,a woman's eye looking,
2414306,286,90,38,251,a white door,
2414310,214,219,99,33,a white frisbee in the man's hand,
2414316,323,132,58,72,Pitcher delivers the pitch,
2414318,123,63,197,310,giraffe in an enclosed area,
2414324,63,27,395,311,Picture of two mail boxes.,
2414326,261,444,110,54,informational graphic stand,
2414327,276,108,97,117,A red and black backpack on the bench,
2414329,140,91,217,194,Three hands on a white wii mote.,
2414330,36,88,8,9,watch on woman's wrist,
2414332,224,100,82,108,black and white tennis racket,
2414334,379,80,29,73,Tank tied to boat railing,
2414336,124,82,141,217,Man rides surfboard,
2414338,52,67,292,148,sauerkraut on a hot dog,
2414347,0,77,497,254,Shiny round silver tray,
2414350,57,171,25,30,the jacket is pink,
2414351,231,101,117,205,The guy is skateboarding.,
2414352,283,231,115,45,two horses ride side by side,
2414354,11,116,255,380,man holding dog up in air,
2414358,2,283,88,120,Person on a blue moped,
2414369,95,67,262,263,The head and neck of a giraffe,
2414370,315,161,40,62,white painted door plate,
2414372,43,188,133,32,glasses on face,
2414374,110,376,43,22,green herb on plate,
2414376,81,215,363,152,A floral patterned sofa with leather arms,
2414381,68,66,199,202,traffic going fast,
2414391,283,206,211,73,a hand,
2414397,266,213,153,161,Brown bear on seat.,
2414404,77,20,420,252,The Office Break Room,
2414412,228,201,104,102,Two stuffed animals in a bed,
2414415,8,5,191,160,Two Trees in Summer,
2414422,266,77,70,195,MAN CLEANING PLANE WINDOWS,
2414423,17,53,481,313,brown wooden cabinets,
2414429,90,260,81,71,piece of cake with frosting,
2414431,24,40,291,393,street scene in business district,
2414434,106,111,52,87,mountain painted on bus side,
2414436,91,82,110,53,brown brick wall,
2414448,28,63,230,82,Utility building with a slanted roof,
2414449,118,32,189,297,Brown and white cow,
2414452,51,7,135,147,suspended power lines for trains,
2414454,220,60,131,196,man walking down street aided by cane,
2414465,36,26,430,281,married couple at their reception,
2414466,8,201,231,78,a white and yellow boat,
2414471,2,62,83,68,white lamp shade,
2414473,25,19,363,324,A person flying a kite,
2414475,170,128,107,38,YELLOW AND WHITE TOOTHBRUSH,
2414476,73,135,237,160,Hot Dog With Ketchup and Mustard,
2414477,191,34,185,296,Man holding game controls.,
2414480,103,81,99,60,half a orange in plate,
2414484,399,236,54,37,A white rock in a field,
2414487,0,52,302,187,french fries in a white paper boat,
2414490,437,206,58,34,yellow section on tan jacket,
2414499,2,312,89,17,a branch on the ground,
2414500,111,104,375,256,Clay Cow in a Boat,
2414502,341,118,82,156,There is a glass on the table.,
2414504,218,181,52,157,Woman walking down street.,
2414505,190,16,165,35,crinkly shiny silver foil paper,
2414513,239,165,212,180,a doughnut with white icing and pink sprinkles,
2414525,228,10,270,262,grey and white bird,
