image_id,X,Y,Width,Height,English_text,French_text
2413899,221,0,101,110,glass of water on the table,
2413900,318,55,48,101,Gold wall lamp,
2413906,261,128,170,141,People sitting around table.,
2413911,135,0,120,132,groom smiling while looking down.,
2413917,66,32,175,218,Skater flips in the sky.,
2413919,204,94,71,53,The building has a lot of windows.,
2413924,98,4,355,264,Laptops displayed on a table.,
2413930,5,145,314,184,a pizza with two pieces missing,
2413941,429,118,56,87,Snowboard of many colors,
2413947,16,47,482,222,man and boys eating hotdogs,
2413949,299,382,100,85,the rocks are grey,
2413950,125,79,84,66,YELLOW HELMUT,
2413960,106,3,247,466,the cows are in a row,
2413961,299,344,53,55,Silver medallion on guy's gray suit.,
2413962,183,75,181,130,Jet flying in the middle of the others,
2413963,74,36,380,410,the softball player is a woman,
2413965,1,101,26,45,Green caution cone on the grass,
2413971,219,143,58,108,RED AND BLACK BACKPACK HANGING ON A FENCE,
2413979,165,73,84,75,the pant is yellow,
2413983,144,62,330,280,Three people holding mugs of beer.,
2413990,90,66,371,218,\nelephant next to elephant,
2413992,60,98,416,117,The plan is red and white,
2413996,147,156,140,162,Yellow and white front of train,
2413997,237,211,51,27,two baby bear cubs,
2414000,225,138,142,124,Train is red color.,
2414001,191,284,120,82,Doughnut with pink icing.,
2414002,118,222,240,50,This is a surfboard.,
2414003,86,207,345,277,A bowl of food.,
2414004,337,35,27,78,A black and white lighthouse.,
2414016,55,168,50,18,the grass is greeb,
2414019,70,86,44,53,a giraffe on the grass,
2414021,60,45,435,285,two girls are playing a video game,
2414027,185,84,60,43,The cell phone being held by the man,
2414029,88,37,113,179,face of black and white zebra,
2414030,312,75,186,193,Large construction equipment,
2414048,143,37,190,104,three black pillows,
2414051,221,245,140,75,This is a drop of sauce.,
2414055,24,0,300,78,bunch of carrots with stems,
2414065,409,17,83,63,A curtainless window above a store.,
2414069,6,29,318,365,A picture of a bathroom,
2414070,91,33,284,291,Black motorbike parked in parking lot.,
2414073,63,155,22,34,Red and white traffic sign,
2414074,0,8,204,201,flowerless greenery,
2414083,240,28,81,52,hair growing on elephant,
2414084,20,93,23,123,a tile backsplash,
2414086,161,6,313,325,lady sitting and eating,
2414095,1,91,498,185,Blue ocean.,
2414098,22,120,341,344,a huge pile of bananas in swirled tower,
2414103,161,263,39,57,a panda bear sleeping,
2414104,16,64,29,37,black and white clip fridge magnet,
2414105,258,21,168,292,batter swinging black bat,
2414106,150,115,69,58,He is wearing eyeglasses.,
2414119,108,242,187,80,a tan mini cooper on the road,
2414121,58,42,65,295,tall red brick clock tower,
2414123,300,320,10,15,narrow building window with black frame,
2414127,141,83,113,243,Palomar hotel's hanging sign,
2414131,94,120,266,101,small blue passenger bus,
2414137,458,83,40,48,tines of a fork,
2414138,148,98,272,96,Broccoli is green in color.,
2414147,364,24,79,155,Red wine in a glass,
2414148,79,94,336,162,a bus on the road,
2414159,15,221,144,100,A bicycle inside a house,
2414165,20,26,476,340,A bird in the wild,
2414179,68,325,248,148,a wire mesh bench,
2414182,363,209,48,73,graphic tee shirt robot,
2414184,106,120,217,282,the man is wearing a white shirt,
2414189,378,196,119,176,Steering wheel of vehicle.,
2414190,2,245,494,55,light colored beach sand,
2414191,59,30,233,79,Gold address sign,
2414200,93,49,402,322,THE MAN IS DRESS IN A BLACK SWEATER,
2414218,232,324,141,124,A black metal fence,
2414223,189,225,140,77,a group of people skiing,
2414225,187,0,222,275,A child is holding a bat.,
2414231,26,27,218,257,AMERICAN FLAG THROW,
2414233,99,51,151,111,Hand giving a thumbs up,
2414239,111,410,91,57,light brown tile floor,
2414243,201,145,125,107,A man in the water.,
2414248,195,119,54,55,red plastic helmet with black strap,
2414258,246,230,85,202,skier in green jacket on the side,
2414262,116,2,377,277,Skier prepares to go downhill,
2414278,136,3,62,58,White pot lid,
2414281,26,14,278,345,Bus going crosstown,
2414282,326,162,60,74,a red back end of train,
2414285,376,200,54,50,part of wheel,
2414287,242,76,191,128,zebra lying in the grass,
2414290,152,362,113,75,special cake for celebration,
2414293,423,182,17,17,the head of a man,
2414300,101,42,10,9,a woman's eye looking,
2414306,286,90,38,251,a white door,
2414310,214,219,99,33,a white frisbee in the man's hand,
2414316,323,132,58,72,Pitcher delivers the pitch,
2414318,123,63,197,310,giraffe in an enclosed area,
2414324,63,27,395,311,Picture of two mail boxes.,
2414326,261,444,110,54,informational graphic stand,
2414327,276,108,97,117,A red and black backpack on the bench,
2414329,140,91,217,194,Three hands on a white wii mote.,
2414330,36,88,8,9,watch on woman's wrist,
2414332,224,100,82,108,black and white tennis racket,
2414334,379,80,29,73,Tank tied to boat railing,
2414336,124,82,141,217,Man rides surfboard,
2414338,52,67,292,148,sauerkraut on a hot dog,
2414347,0,77,497,254,Shiny round silver tray,
2414350,57,171,25,30,the jacket is pink,
2414351,231,101,117,205,The guy is skateboarding.,
2414352,283,231,115,45,two horses ride side by side,
2414354,11,116,255,380,man holding dog up in air,
2414358,2,283,88,120,Person on a blue moped,
2414369,95,67,262,263,The head and neck of a giraffe,
2414370,315,161,40,62,white painted door plate,
2414372,43,188,133,32,glasses on face,
2414374,110,376,43,22,green herb on plate,
2414376,81,215,363,152,A floral patterned sofa with leather arms,
2414381,68,66,199,202,traffic going fast,
2414391,283,206,211,73,a hand,
2414397,266,213,153,161,Brown bear on seat.,
2414404,77,20,420,252,The Office Break Room,
2414412,228,201,104,102,Two stuffed animals in a bed,
2414415,8,5,191,160,Two Trees in Summer,
2414422,266,77,70,195,MAN CLEANING PLANE WINDOWS,
2414423,17,53,481,313,brown wooden cabinets,
2414429,90,260,81,71,piece of cake with frosting,
2414431,24,40,291,393,street scene in business district,
2414434,106,111,52,87,mountain painted on bus side,
2414436,91,82,110,53,brown brick wall,
2414448,28,63,230,82,Utility building with a slanted roof,
2414449,118,32,189,297,Brown and white cow,
2414452,51,7,135,147,suspended power lines for trains,
2414454,220,60,131,196,man walking down street aided by cane,
2414465,36,26,430,281,married couple at their reception,
2414466,8,201,231,78,a white and yellow boat,
2414471,2,62,83,68,white lamp shade,
2414473,25,19,363,324,A person flying a kite,
2414475,170,128,107,38,YELLOW AND WHITE TOOTHBRUSH,
2414476,73,135,237,160,Hot Dog With Ketchup and Mustard,
2414477,191,34,185,296,Man holding game controls.,
2414480,103,81,99,60,half a orange in plate,
2414484,399,236,54,37,A white rock in a field,
2414487,0,52,302,187,french fries in a white paper boat,
2414490,437,206,58,34,yellow section on tan jacket,
2414499,2,312,89,17,a branch on the ground,
2414500,111,104,375,256,Clay Cow in a Boat,
2414502,341,118,82,156,There is a glass on the table.,
2414504,218,181,52,157,Woman walking down street.,
2414505,190,16,165,35,crinkly shiny silver foil paper,
2414513,239,165,212,180,a doughnut with white icing and pink sprinkles,
2414525,228,10,270,262,grey and white bird,
2414528,240,192,117,126,PIECE OF CAKE WITH FROSTING,
2414529,251,260,70,117,brown artisan pottery vase,
2414530,207,173,74,64,an adorable tabby cat in a rocky castle,
2414535,21,68,228,286,a cat looking at a cat,
2414536,35,69,460,200,There are two motorcycles.,
2414538,0,0,496,116,Blue sky with white clouds,
2414539,147,80,187,294,There is a stop sign.,
2414540,56,148,90,130,large bunch of green bananas,
2414541,181,137,85,13,Red lettering on the side of a jet,
2414544,103,116,83,212,a bunch of navel oranges,
2414545,165,67,261,290,Two pizzas on a table,
2414557,34,3,464,360,Two elephants walking together.,
2414560,39,16,410,339,Four giraffes in the zoo,
2414565,140,171,52,54,the cooler is orange and white,
2414568,20,22,63,161,curly branches covered in snow,
2414573,232,15,127,80,blue kids safety helmet,
2414578,0,37,153,343,Man cutting tomatoes.,
2414579,0,5,495,321,vegetables in a box,
2414595,191,78,196,109,Black and white panda laying on his side,
2414596,452,115,36,22,white pad at first base,
2414605,201,2,297,310,a little boy on a horse,
2414613,83,75,83,147,hands covered in black gloves,
2414616,60,30,420,307,grey elephant standing on dirt,
2414617,158,215,144,64,Hot dogs on plate,
2414618,91,5,206,173,Traffic sign for pedestrians,
2414622,121,88,377,238,two people setting at a desk,
2414624,32,106,53,57,a green Frisbee,
2414630,33,32,93,44,white clouds in blue sky,
2414632,72,21,160,199,Girl talking on phone.,
2414635,332,140,111,188,a guy surfing in a forest,
2414638,147,7,320,323,There is a tower.,
2414644,0,344,49,131,a marble pillar,
2414653,365,228,111,66,choppy white waves in water,
2414654,195,272,81,55,RED AND WHITE SNEAKERS,
2414655,33,118,46,31,mushroom on a pizza,
2414657,140,191,82,105,fluffy white towel,
2414666,213,274,283,194,a yellow and green banana,
2414667,367,395,122,37,Two Orange skis,
2414669,155,75,49,53,large brown bear on cut tree,
2414676,286,226,117,80,Wildebeest and Zebra,
2414677,76,271,111,103,Half eaten donut with glaze and sprinkles,
2414681,174,223,125,206,toilette,
2414682,70,85,122,245,Man standing in bathroom.,
2414688,122,41,95,241,Little girl,
2414689,183,55,177,227,A man at a fruit stand,
2414691,109,0,132,60,STYLISH HAT,
2414692,247,178,79,48,red gloves with gray fingertips,
2414695,255,230,55,30,service vehicle in front of plane,
2414711,329,329,51,44,top of brown wood post,
2414715,50,441,216,54,A white sign with Samsung Galaxy written in blue and Chinese letters,
2414716,2,166,109,129,Men in orange safety vests.,
2414717,91,160,387,121,a large level grassy area,
2414724,70,53,27,16,portion of silver bathroom towel rack,
2414727,20,181,105,65,A black microwave on kitchen counter.,
2414743,194,81,302,240,The train engine is red.,
2414745,19,125,33,29,large red circle with number in middle,
2414749,21,14,470,344,Lemon slices on dish.,
2414767,332,185,27,21,The lady is wearing a sleeveless blue shirt,
2414771,242,211,253,67,white computer keyboard,
2414788,225,2,69,62,new baby bell light cheese,
2414792,83,145,77,102,the long neck of the giraffe,
2414793,245,80,86,47,bath towels reflected in mirror,
2414796,250,67,176,103,two monitors sitting on table,
2414797,221,345,130,134,Part of tile floor.,
2414800,14,236,224,82,white snow with lines,
2414802,195,0,165,305,Horse on the left,
2414806,29,159,225,307,narrow building near curving road,
2414807,44,78,266,326,young an skating on a skateboard,
2414814,192,216,95,47,man wearing black shirt,
2414818,11,13,182,324,directional signs,
2414822,253,425,33,42,boy's foot partially off the ground,
2414824,34,215,37,44,red tail light,
2414826,131,136,60,195,woman's white designer purse with straps,
2414829,313,183,39,44,small circular orange patterned disk,
2414830,76,43,201,355,a man in the middle of a jump of a skateboard trick,
2414834,157,99,174,262,a man drinking from a bidet,
2414852,148,4,96,31,rectangular hole in the ceiling,
2414859,89,100,360,213,a brown and white cow in the middle of the street,
2414860,183,292,95,43,portion of water in swimming pool,
2414861,203,35,149,287,a grey elephant,
2414865,35,342,395,100,a comfortable place to sit on a park bench,
2414866,4,169,117,25,Lots of sheep,
2414868,7,107,360,280,Homemade pepperoni pizza,
2414873,1,41,29,95,the backside of a giraffe,
2414875,55,73,238,425,a stuffed bear sitting outside a door,
2414876,7,5,360,22,partial backs of restaurant chairs,
2414878,182,53,230,253,the zebra's grazing in the grass,
2414884,251,3,142,213,a tree by a fence,
2414887,29,171,92,117,a man surfing,
2414892,37,236,275,255,Green peppers on a pizza.,
2414899,1,1,497,419,plate on table,
2414909,62,128,63,50,white-ribbed tail feathers,
2414910,96,152,175,25,food truck awning,
2414911,132,123,75,100,gloved hands gripped around bat,
2414915,218,149,262,97,Elephants crossing the river.,
2414916,240,239,22,65,Police officer directing traffic.,
2414920,181,18,186,313,A bunch of signs,
2414925,111,6,265,235,white computer monitor turned on,
2414946,268,58,226,300,A cat wrapped in blue blanket.,
2414947,54,2,301,497,A dog lying on patio.,
2414950,17,278,272,202,There are two toilets.,
2414951,62,110,435,181,Jet black cat lying down,
2414957,188,129,45,60,Sacre Coeur Basilica in Paris,
2414960,3,5,491,322,Bird's eye view of table in room.,
2414963,97,131,91,23,Eyes of young boy holding a baseball bat.,
2414964,198,64,42,95,Flag blowing in the wind,
2414972,11,25,419,299,five kids learning to play tennis,
2414978,255,17,187,299,small barge out of water,
2414979,105,90,124,152,the roses are orange,
2414980,39,11,185,114,a ski lift,
2414987,130,245,130,97,black animal nose,
2414990,39,32,407,275,a group of people playing frisbee,
2414991,368,189,131,108,Blue rose with open petals.,
2414992,1,100,495,198,Plane is silver.,
2414994,208,210,32,52,a wall mounted clock,
2414997,35,40,420,175,A cooked pizza on a dish.,
2415001,24,241,460,105,handlebars of a bicycle on a train,
2415002,136,335,158,161,old brown leather carrying case,
2415004,210,121,165,111,Dogs playing Frisbee.,
2415005,53,8,445,101,a snow covered mountain in background,
2415009,281,192,89,119,a person in a field holding a kite,
2415012,181,157,296,188,White porcelain sink bowl,
2415015,26,73,228,292,brown teddy bear sitting on counter,
2415016,389,50,58,28,yellow bird beak,
2415020,257,238,195,100,metal grill,
2415023,138,268,352,178,a sandwich on a roll,
2415024,153,73,168,115,Four windows together.,
2415027,80,87,99,304,man wearing plaid on skateboard,
2415031,219,277,47,38,a pair of red boots,
2415033,190,288,123,37,many birds rest on the large rocks,
2415036,22,196,315,116,Cows feeding in a field.,
2415042,256,122,242,242,An open hatchback,
2415045,70,34,337,156,train heading to the right,
2415047,305,196,28,28,a right headlight,
2415053,5,89,490,157,A train on tracks,
2415056,142,153,210,161,multiple sets of train tracks near each other,
2415061,111,55,137,304,Brown and white calf,
2415063,140,98,80,47,A big brown horse\n,
2415067,128,55,219,441,Female tennis player.,
2415068,192,132,168,157,two birds near each other,
2415078,64,118,87,128,A cow's utter.,
2415095,258,200,197,198,Half eaten piece of fruit,
2415096,191,257,69,69,A mobile phone,
2415099,16,289,129,129,red clay tennis court,
2415106,68,91,292,402,White plate with food,
2415114,75,86,140,94,a laptop computer,
2415130,64,246,156,64,Cows grazing in a field,
2415131,355,247,80,35,oblong wire frame on floor,
2415132,104,102,114,172,A reflection of a dog.,
2415133,70,232,77,47,a set up tent,
2415135,18,19,462,463,black background with blurry objects,
2415149,251,64,193,327,sloppy joe on a plate.,
2415150,158,170,155,237,Young girl on sheep statue.,
2415151,5,271,483,144,Corralled area with horse.,
2415155,135,332,123,165,white dining room chair,
2415159,155,174,76,57,dirty brown elephant tusk,
2415160,78,270,59,50,beets cooking on pan,
2415166,72,162,176,132,partially loaded moving van,
2415168,117,78,87,162,a woman with a black and white striped umbrella,
2415169,231,301,220,196,WHITE LACE ANNIVERSARY CAKE,
2415172,35,90,345,405,Wooden bed,
2415184,157,170,130,101,Two arrows on a road.,
2415185,5,190,487,108,two lane road with stripes,
2415197,19,129,420,215,A breakfast on a plate,
2415201,0,204,498,127,wooden train tracks on ground,
2415215,108,444,128,40,home plate on baseball field,
2415219,366,9,132,36,butter on a plate,
2415220,224,372,118,127,A male in a blue shirt with white stripes on the sleeves,
2415224,39,272,304,202,a skateboard with no wheels,
2415226,213,167,159,97,Large black and white zebra,
2415233,101,84,157,261,person doing a skateboard trick,
2415234,88,336,68,68,a white remote control,
2415235,290,212,15,15,tennis ball,
2415236,195,228,304,91,Colorful butterfly kite.,
2415237,319,92,124,57,a white frisbee flies in the air,
2415239,280,20,115,100,a large hanging mirror,
2415243,65,6,432,230,yellow dog on couch.,
2415255,104,86,107,236,TALL WINE GLASS FILLED WITH WINE.,
2415256,85,2,195,85,a triangle window,
2415262,120,244,82,67,a donut with chocolate on top.,
2415270,164,317,36,32,There is a sailboat.,
2415274,2,5,494,320,The picture is taken during the daytime.,
2415278,1,36,330,51,The horizon in the distance.,
2415280,278,79,210,292,a woman wearing a red shirt,
2415285,16,26,116,172,MAN DOING SKATEBOARD TRICK.,
2415290,68,158,264,246,close-up of giraffe head,
2415297,246,108,27,36,the sign for interstate 90,
2415298,26,229,119,148,Beautiful three tier cake,
2415299,7,8,330,488,a scene during the day time,
2415301,61,123,401,223,the is a bus,
2415303,27,102,278,370,There are three giraffes in the picture.,
2415304,1,85,61,111,man wearing a black t shirt,
2415319,198,130,152,169,giraffe drinking water from hole,
2415338,157,130,230,160,double decker yellow and red bus,
2415353,198,178,187,86,a brown and tan boat,
2415360,304,44,54,37,the flag on the balcony,
2415361,330,205,165,145,There are noodles in the soup,
2415362,101,170,67,65,A bird with beak open,
2415366,346,276,86,87,The pointer device is trackball,
2415378,158,31,307,271,a dog with a bandana,
2415379,270,68,112,93,TV on the stand,
2415380,278,8,213,75,number on a score board,
2415381,280,168,94,110,name of the book,
2415382,161,126,105,158,person getting in bus,
2415392,230,69,243,226,food on the table,
2415393,0,242,102,221,a pair of blue jeans,
2415395,83,91,211,271,flowers are pink roses,
2415402,123,220,31,8,black stripe on zebra,
2415409,52,25,126,151,The woman has blonde hair,
2415414,103,198,87,60,The snow boarder is jumping high,
2415422,200,55,183,307,a dog sitting on bed,
2415423,268,161,120,50,white smoke in the air,
2415424,123,53,335,257,this is a man,
2415425,281,195,52,93,girl with long hair sitting alone,
2415426,160,338,48,105,player is holding a baseball bat,
2415427,55,165,130,96,Laptop screen is turned on,
2415430,261,88,137,146,a child on a skateboard,
2415435,52,366,218,131,pink plastic bucket,
2415437,400,251,86,45,the sprinkles are colorful,
2415442,375,188,64,73,traffic light is yellow,
