image_id,X,Y,Width,Height,English_text,French_text
2350705,267,259,184,84,red and white boat,
2350706,153,71,290,260,a man petting a horse,
2350708,36,354,65,92,pair of empty champagne flutes,
2350709,82,0,203,169,woman holding cellphone in front of mirror,
2350716,152,135,78,80,direction sign attached to pole,
2350720,36,65,236,245,people walking on the sidewalk,
2350726,296,188,70,99,the urinal in the bathroom,
2350734,174,59,292,249,female swinging her tennis racket,
2350737,273,263,50,152,The fire hydrant is red.,
2350739,266,264,8,12,button on man's shirt,
2350744,192,50,17,20,The blue striped hat the kid on the left is wearing.,
2350751,156,133,50,49,a bike seat on a bed,
2350753,141,132,65,13,White sign that says \Elevator\.,
2350758,391,133,40,44,the watch on the man's wrist,
2350763,172,108,162,103,two wooden cutting board on a kitchen counter,
2350766,99,236,127,162,the boy is on a skateboard,
2350780,168,233,118,55,White cakes with two candles on a plate.,
2350783,0,224,465,144,Water near the elephants,
2350784,64,50,355,323,man in old fashioned brown suit,
2350787,229,214,99,224,red and white clock tower,
2350792,390,199,37,61,White tag on the back of motorcycle.,
2350797,304,104,33,32,yellow tennis ball,
2350799,160,6,113,75,a buit-in black microwave,
2350801,434,133,39,47,whtie plane,
2350804,66,76,432,192,Colorful umbrellas in a row,
2350809,185,30,101,109,whie clock with black hands,
2350818,286,17,128,355,a man with white spots on his tie,
2350822,172,166,71,70,The steam radiator is against the wall,
2350825,10,12,466,284,a pair of polar bears,
2350826,256,175,32,35,White light in front of the fire truck.,
2350827,291,133,123,157,tan and brown giraffe,
2350828,6,123,492,119,Sheep look through the fence,
2350834,332,43,47,65,beige light fixture hanging from ceiling,
2350835,111,59,227,201,The board is orange.,
2350841,76,7,370,302,these two elephants are playing,
2350842,67,117,124,66,orange fur on the woman's jacket,
2350843,106,34,302,297,old fashioned horse drawn funeral hearse,
2350847,172,148,157,117,three people talking,
2350848,41,16,24,24,white clouds in blue sky,
2350852,63,71,121,170,man is looking at his phone,
2350866,124,215,43,64,the beak of the bird,
2350868,364,189,59,42,part of a ground,
2350885,123,124,312,115,the cat on the furniture,
2350886,89,267,10,10,the glowing blue eye of a dog,
2350887,1,95,498,75,A hill behind the buildings,
2350897,6,16,477,302,The people are at the beach,
2350901,118,343,147,81,A foal is on the beach.,
2350912,84,309,71,52,Basket with neatly rolled towels on table,
2350913,24,27,424,269,this is a nature setting,
2350920,211,183,107,130,blue watering can with handle,
2350924,36,115,105,135,a stuffed animal standing on a shelf,
2350925,16,255,348,237,multicolored blanket made from yarn,
2350926,288,122,84,15,a blue and white snowboard,
2350930,163,159,146,118,green liquid in a clear pitcher,
2350935,30,297,286,171,the pizza sitting on the table,
2350937,228,134,70,52,white printed woman's tank top,
2350945,186,165,122,283,woman holds a red umbrella,
2350952,30,1,295,267,bikes near a car,
2350953,234,81,22,80,clock,
2350960,138,217,101,215,tall giraffe on park,
2350961,213,280,144,68,the sink in the bathroom,
2350962,327,139,30,10,Nose of longhorn cow,
2350963,22,17,428,259,this picture is taken outside,
2350966,117,101,117,156,red street sign with white letters,
2350978,221,7,76,77,white clock,
2350979,213,56,105,227,white clock tower,
2350980,10,183,71,132,The white chairs are stacked.,
2350983,151,18,120,122,the head of a man,
2350986,370,167,45,29,a dog on a plain grass field,
2350989,13,232,480,117,many green leaves in the fronnt,
2351003,128,119,217,104,White tea cup on top of the table.,
2351005,20,5,470,345,The train is carrying many passengers,
2351006,5,158,493,140,train tracks with stones along the rails,
2351007,331,225,23,30,tail light on bus.,
2351012,19,274,427,193,a fleet of boats at the dock,
2351016,251,164,192,57,People standing on the yacht.,
2351020,238,238,23,37,the yellow sock of a baseball player,
2351028,5,31,196,277,The people are in the water,
2351031,18,215,286,252,a young lady with a plate of food,
2351035,54,70,147,295,woman standing in store,
2351037,18,139,274,349,This is a cat,
2351038,246,253,30,44,a black guitar,
2351041,164,89,56,34,a large white clock,
2351042,458,96,27,58,white bristle on brush,
2351048,292,11,72,97,green traffic light,
2351051,55,88,150,90,cell phone laying on table,
2351055,116,2,180,192,snow boarder jumping in air,
2351062,5,2,184,407,woman at the table,
2351070,179,168,105,129,child on the ground,
2351073,175,228,107,75,a woman eating banana,
2351075,75,345,225,81,seating area of place,
2351077,133,45,100,65,plate on a table,
2351080,145,28,286,250,boxes are stacked on the floor,
2351082,43,55,350,237,people skiing on the snow,
2351088,401,133,88,117,The green building on the right.,
2351098,106,98,75,145,A brown shoulder bag,
2351100,12,8,481,315,modern and spare bedroom,
2351103,242,144,137,150,Little girl carrying an umbrella,
2351106,107,33,92,263,this giraffe is closest to the camera,
2351107,61,192,37,26,Woman wearing pink shorts,
2351112,384,285,33,20,The letters TV on the sign.,
2351117,0,96,333,402,a smiling happy man,
2351131,224,11,41,39,white clouds in blue sky,
2351132,129,164,87,57,gray elephant,
2351134,279,145,146,150,Child's face smirking to the camera,
2351135,186,220,33,67,the roll of paper towels,
2351140,151,264,72,160,white dog on a field,
2351141,86,253,183,22,stove top of oven,
2351146,117,100,381,143,Train on the tracks.,
2351148,112,32,250,445,girl wearing red gloves,
2351157,5,39,490,241,propeller plane,
2351158,20,187,155,46,large body of water,
2351161,20,9,38,28,white clouds in blue sky,
2351165,173,95,185,116,train on the track,
2351166,5,236,45,47,Ripples in the water,
2351169,106,48,304,220,people sitting on a bench,
2351175,4,2,147,98,a blue coffee mug,
2351179,1,61,329,320,Giraffe standing among group of trees,
2351181,190,100,55,23,A man is wearing red glasses.,
2351184,336,97,106,256,woman playing tennis,
2351188,200,154,295,27,small wave in the water,
2351193,169,97,247,85,yellow wall of building,
2351196,8,0,483,372,a cat lying on a chair,
2351203,138,153,80,100,the butterfly is brown,
2351204,87,177,84,69,a dog's left ear,
2351215,8,44,405,225,a group of women are having a conversation,
2351217,116,197,85,63,white cargo truck,
2351218,393,113,54,102,artificial plant in a white container,
2351228,0,115,90,40,Snow on top of mountain,
2351231,237,131,103,43,cat sitting in chair,
2351232,101,153,198,218,There are two people sightseeing.,
2351235,290,205,30,20,Nose of sitting cat,
2351239,255,410,59,24,A light brown bench,
2351247,220,16,67,70,a person with a hat on,
2351249,189,216,18,55,the tan leg of the cow,
2351251,78,137,211,331,man throwing baseball,
2351256,102,216,12,17,The letter is black.,
2351269,94,366,146,26,a pair of cross country skis,
2351272,0,83,407,174,elephants in the field,
2351276,179,57,231,177,a white wooly sheep,
2351284,100,25,361,301,Someone is on the mountain today,
2351286,65,48,152,146,a parasail in the air,
2351289,211,251,125,31,brown bear paws with claws showing,
2351294,167,94,52,41,A long green bit of chive,
2351298,9,428,101,16,Home plate in a baseball diamond,
2351301,0,221,223,92,a brown tile bathroom floor,
2351307,8,108,484,255,skateboard park on a pier,
2351311,61,112,124,122,red umbrella graphic on a wall,
2351318,14,257,29,53,The window is rectangular.,
2351319,231,272,175,121,a stack of red paper plates,
2351322,131,6,329,305,two beds in a room,
2351329,175,60,180,170,man skate boarding off ramp,
2351332,40,113,457,264,a group of people all wearing white hats,
2351337,107,166,202,115,several motorcycles drive down a street in front of several cars,
2351342,121,85,173,199,silver and yellow train,
2351343,347,1,69,23,the numbers 1866 on the sign,
2351346,155,8,137,185,Woman sitting on a rug outside,
2351361,273,191,101,124,man riding snow board,
2351363,41,264,64,60,black and white clock,
2351371,226,270,22,18,the light is blue,
2351374,119,375,85,80,man in white shirt,
2351378,236,327,77,65,gray and black flip phone,
2351380,284,50,180,102,dog with a frisbee,
2351384,150,370,214,126,Care tire tracks in sand,
2351388,192,242,13,23,dark brown spot on a giraffe,
2351392,374,33,101,283,a policeman nodding off,
2351400,134,119,207,80,a newspaper,
2351401,122,250,85,76,clock on the building,
2351405,88,39,141,48,two horizontal traffic lights,
2351418,60,5,387,231,skiers on flat snowy ground,
2351419,12,102,360,245,skiers on the slope,
2351421,414,120,84,62,gray elephant walking through field,
2351425,215,328,31,43,a faucet on the wall,
2351429,123,5,293,368,two cats stand over a toilet,
2351430,15,117,482,164,this is a picture of a train and cattle,
2351436,133,156,77,58,a large clock on a building,
2351440,39,106,315,290,an old book on the tabel,
2351445,185,114,180,250,the white toilet,
2351447,9,50,203,228,a clock on the wall of a business,
2351449,370,15,129,307,The green vase on the right.,
2351452,66,123,165,156,A small white cup of cole slaw.,
2351458,261,103,101,200,the person riding the horse,
2351462,247,109,23,28,the arm is extended,
2351471,170,64,138,128,Bulldog leaning on a skateboard.,
2351475,420,163,12,21,dark red traffic cone,
2351484,89,58,322,273,A bus has two sections stacked.,
2351486,142,297,153,67,ground covered with white snow,
2351487,114,90,175,109,Black face of a sheep,
2351491,13,46,308,278,a double decker bus,
2351500,40,211,137,69,long blue boat in water,
2351518,260,125,46,54,White wii remote in the hand.,
2351520,58,33,288,400,a little boy looking at a giraffe,
2351523,97,232,32,36,gray and white bird on the beach,
2351527,61,297,112,200,boy is wearing boots,
2351531,266,256,58,22,a rock in the water,
2351532,1,8,329,433,A female sitting on concrete.,
2351536,163,78,100,139,Person snow boarding.,
2351539,257,20,157,202,The flowers are orange and yellow,
2351541,66,48,254,236,a person playing tennis,
2351547,254,108,68,184,fancy shelf for holding items on,
2351551,210,88,107,178,THIS IS A PERSON,
2351559,17,39,70,56,white and brown head of giraffe,
2351570,0,153,498,221,a large snowy hill,
2351576,38,15,50,35,white clouds in blue sky,
2351580,109,28,170,303,a girl holding a white frisbee,
2351585,110,3,173,261,a woman wearing a green apron,
2351587,142,216,345,82,an aircraft carrier on the water,
2351596,60,117,261,349,a boy walking outside,
2351600,95,9,144,148,a cork dart board in a bathroom,
2351603,4,24,324,310,three girls in a school basketball game,
2351604,120,110,201,119,the surfboard is white,
2351609,141,96,355,368,a computer on a bed,
2351613,96,112,90,150,sparkly case on a smart phone,
2351614,103,129,113,65,a small wooden bowl,
2351615,347,114,45,63,A framed portrait on the wall,
2351618,55,46,406,220,a fighter jet is flying,
2351621,10,58,61,27,a man wearing a baseball cap,
2351649,223,30,142,95,half portion of sliced green apples,
