image_id,X,Y,Width,Height,English_text,French_text
2359316,143,46,31,14,Dark shades on the head,
2359317,142,97,92,92,the cake on the plate,
2359319,144,168,45,28,The horse in the background is brown.,
2359322,0,2,499,278,The ocean shore,
2359324,314,256,35,50,Man is wearing shoes,
2359327,34,173,42,23,Black sedan and white van,
2359332,197,15,93,80,helmet on the player,
2359334,347,140,20,47,The cat's paw is white.,
2359342,78,25,237,300,a snowboard,
2359348,0,98,35,130,internet router with an antenna colored silver and dark gray,
2359364,215,107,136,215,cat sitting car roof,
2359372,133,100,52,44,white Frisbee in the air,
2359373,323,369,13,16,part of a wall,
2359374,8,49,490,323,bunches of yellow bananas,
2359383,95,31,154,178,the woman is surprised,
2359385,151,52,143,235,a hanging white light bulb,
2359386,83,218,112,127,Silver and black cell phone,
2359388,192,43,238,315,A woman is carrying two baskets.,
2359393,47,24,170,110,a sanwich is on the dish,
2359398,326,146,77,159,a green shower scrub,
2359402,209,53,71,67,a red brick wall,
2359408,27,48,102,220,Ground is green and brown color.,
2359409,61,68,299,236,the hand of a person,
2359420,181,189,232,154,People are on skis,
2359423,214,167,50,40,skateboard in the air,
2359424,175,151,103,161,the person is holding a Frisbee,
2359425,438,70,24,36,number on a clock,
2359430,409,0,37,23,The hat the child is wearing.,
2359431,169,64,122,267,Man wearing gray jacket,
2359432,332,225,72,54,laptop on a table,
2359433,363,25,135,125,White bowl of pasta,
2359446,189,22,51,328,the pole is white,
2359450,26,138,397,154,the buses are parked,
2359459,190,68,20,38,a candle,
2359460,31,135,415,189,the long red train on the runway,
2359461,292,441,12,12,part of the grass,
2359464,85,347,36,26,Bottle on the floor,
2359468,178,72,27,50,black and grey telephone,
2359469,82,24,294,375,Woman wearing white tank top,
2359472,98,104,232,221,Women on court playing tennis.,
2359473,336,428,12,8,part of the grass,
2359479,146,30,254,56,The clouds are the color white,
2359481,447,242,51,132,old wooden chair,
2359482,172,317,19,9,a gray metal flusher handle,
2359483,177,90,20,36,A small bottle of pills,
2359489,69,0,166,240,a baby girl brushing her teeth,
2359492,196,227,22,15,the laptop is on,
2359501,88,56,54,178,A bat in the photo,
2359503,409,15,65,74,blue sky above land,
2359510,3,5,401,366,a snowman wearing a hat,
2359519,0,0,499,347,An urban street scene,
2359520,106,65,142,175,college student talking on his cell phone,
2359525,25,41,472,264,three very big sheeps,
2359532,91,369,17,10,The cats eyes are yellow.,
2359533,308,143,100,90,Man sitting on sidewalk,
2359535,306,132,26,25,Blue snow boarding helment,
2359540,147,210,146,275,a man in a green coat,
2359554,196,0,302,373,the people standing in the kitchen,
2359560,2,247,186,168,a bowl of soup,
2359563,6,208,492,26,line of barbed wire,
2359565,3,114,145,99,a sign sitting on top of the wooden bench,
2359576,268,164,31,112,The woman is wearing blue jeans.,
2359580,232,67,196,200,blue double decker bus,
2359585,353,39,145,128,mug with a handle on its side,
2359591,211,304,170,41,Back of truck with TOY4fun,
2359593,169,180,21,16,a red and white umbrella,
2359594,304,44,103,137,a large table lamp,
2359600,177,163,140,91,Brown and white cow on street,
2359603,253,5,178,281,A person is in the foreground,
2359606,37,185,70,135,black top on a woman,
2359613,442,212,28,72,The lady in the orange bathing suit.,
2359623,199,57,35,19,A hat worn by a tennis player,
2359631,11,226,487,104,Bear is wearing a shirt,
2359632,320,69,131,85,Black and white bird in sky,
2359636,25,150,191,158,The small black bag.,
2359650,10,130,55,92,A table top mirror,
2359653,84,78,350,92,Elephants in a group,
2359657,238,184,24,67,toilet seat left open,
2359660,3,30,491,302,flat stones set into gray walkway,
2359663,201,90,120,107,White and black zebra standing on all four legs,
2359666,351,211,100,60,The small elephant on the right.,
2359668,2,144,370,296,White plate on table,
2359669,339,356,79,127,clear glass on table,
2359677,359,316,27,20,roman numeral on the clock,
2359679,137,239,75,78,The black and white shorts the kid is wearing.,
2359680,170,61,167,101,Skateboarder doing a trick,
2359687,233,12,134,57,Brown cow in the field,
2359690,162,137,35,41,black motorcycle safety helmet with chin strap,
2359691,24,27,451,328,a kite in a room,
2359692,178,200,47,35,Cow standing in grass covered field,
2359693,145,103,15,55,the toilet is made of ceramic,
2359709,226,97,93,150,guy holding a bat,
2359713,178,275,127,90,A dirty plate on the table,
2359717,22,5,433,366,old style red firetruck,
2359726,21,6,477,248,A black and white kitten asleep,
2359731,143,110,94,360,the refrigerator door is closed,
2359732,161,55,68,103,Red and white cans of Coca-Cola stacked up.,
2359733,53,211,437,141,A large black and white checkered floor.,
2359736,111,120,72,330,A yellow plastic baseball bat.,
2359740,144,128,126,117,man sits on sofa,
2359741,354,191,126,87,The snow is the color white,
2359745,42,43,445,314,a birthday cake piece,
2359750,131,117,81,92,A brown tie,
2359758,200,194,55,98,Small Yellow fire hydrant,
2359760,1,63,492,334,A man in the foreground,
2359761,14,57,474,315,A table full of laptops.,
2359764,276,255,58,40,the train tracks,
2359770,103,92,226,135,His shoes are black.,
2359773,156,100,137,163,pink and white kite,
2359776,23,10,40,267,the barriers are green,
2359785,143,175,50,32,The plane in the sky.,
2359790,137,80,61,100,the bird has a tail,
2359793,61,122,66,218,A woman holding a kite string up,
2359794,140,399,46,29,blue color on the table,
2359804,300,225,37,70,Man wearing striped tie.,
2359805,213,228,54,39,head of the man,
2359812,35,25,391,306,surfer in front of white wave in green water,
2359814,7,163,245,140,black cow with white face,
2359816,339,300,55,29,a man's black wristwatch,
2359818,48,14,434,231,a silver motorcycle,
2359832,57,52,319,372,A man sitting down in front of a big white bowl.,
2359833,231,35,195,101,A red brick building.,
2359837,6,57,488,290,a round white plate,
2359851,127,152,47,61,White tusk on an elephant,
2359865,18,32,439,256,a passenger rail over a city,
2359868,9,122,408,137,a long train,
2359876,16,17,112,353,A stop sign on a pole.,
2359877,246,195,93,38,piece of cut carrot,
2359884,238,216,135,114,oranges in red bags,
2359886,37,130,273,356,statue of man on horse,
2359890,69,154,428,99,zebras crossing a road,
2359891,73,60,413,264,Cat with piercing eyes,
2359892,11,11,121,111,man has brown hair,
2359903,174,108,137,110,A cow standing near the bushes,
2359910,142,100,65,57,a white skateboard,
2359911,28,285,22,44,Part of black pavement,
2359919,109,397,214,44,Skiis on the snow,
2359921,109,217,296,157,three ducks in a row,
2359924,176,172,82,115,the dress is blue,
2359928,218,30,142,190,girl riding skateboard,
2359930,136,55,312,310,A couple sharing skis.,
2359935,199,243,101,77,a red white and blue bus,
2359941,10,102,462,157,Airplane flying in sky.,
2359946,168,266,92,37,Snow covering the ground,
2359948,450,145,48,119,the spoon is black,
2359949,340,55,30,18,Green leaves on a tree,
2359958,401,100,38,205,a metal silver knife,
2359959,281,448,9,6,part of a wall,
2359967,115,52,322,264,the horse is brown,
2359976,158,65,111,72,White blue and pink hat,
2359979,61,230,245,72,The ground is made of concrete,
2359980,99,148,72,65,Bright orange fruit on bowl,
2359982,145,68,65,105,small black dog is sitting on park bench,
2359985,36,178,58,67,yellow and black helmet,
2359997,186,120,123,110,people riding an elephant,
2360004,143,236,25,42,a black short pole,
2360006,155,348,35,57,radiator grate on front of bus,
2360008,314,238,70,135,Child standing on street,
2360009,235,177,247,139,two zebras rubbing,
2360030,176,95,140,261,a red fire hydrant on street,
2360034,105,195,210,212,Old white toilet on the sidewalk,
2360036,17,5,158,346,a group of chairs is stacked up,
2360037,258,154,176,147,The girl has luggage,
2360039,33,13,254,133,flower stems are green,
2360043,117,75,277,299,Lilies in a clear glass vase.,
2360045,31,129,144,170,Man looking at his hand,
2360047,120,188,231,55,donuts on a metal tray.,
2360051,172,194,110,92,black bear walking down street,
2360061,165,218,24,24,the man is looking at his phone,
2360064,254,168,107,57,Orange carrot topping on meat,
2360066,405,108,19,27,the coat is blue,
2360071,3,13,486,279,a whole lot of umbrellas,
2360081,90,310,175,134,a laptop computer box,
2360082,311,73,72,111,man watching cow,
2360090,148,53,60,97,a portion of the chalkboard,
2360096,146,345,51,93,jean pants,
2360098,211,103,41,60,An odd looking lamp,
2360099,343,109,79,351,tie with tiger face on it,
2360100,165,262,18,12,Black and white checkered Bedding,
2360101,9,28,450,263,old man laying on the bench,
2360105,9,36,70,92,the sky is clear,
2360109,183,189,245,141,Boards on the ground.,
2360110,151,29,338,240,a man carrying baskets,
2360111,317,88,181,282,An old man.,
2360112,110,14,318,125,the plane in the sky,
2360113,171,68,249,240,Cake on the plate.,
2360114,5,223,485,107,White sandy beach,
2360121,391,165,80,90,a long white pole,
2360123,1,142,39,60,part of a white car,
2360125,102,158,190,142,a blanket on a mattress,
2360126,101,454,26,27,Woman wearing shoes,
2360131,56,49,239,450,a giraffe facing to the right,
2360137,75,275,22,42,purse by woman's waist.,
2360145,124,142,267,105,Two dogs with tongues visible.,
2360150,2,189,495,182,murky brown water,
2360151,220,42,30,53,A man is eating food.,
2360153,67,11,312,262,a truck on the side of the road,
2360154,5,57,491,397,Two chili dogs on a plate,
2360156,221,0,70,99,the christmas tree along the wall,
2360159,68,276,38,132,The trunk of the elephant on the left.,
2360163,290,44,85,251,a kid standing on the snow,
2360164,13,4,467,360,photograph of a city street,
2360168,251,145,77,80,White and black striped pillow,
2360171,85,109,357,152,A bus in the photo,
2360174,421,58,66,82,Man wearing yellow vest,
2360178,95,79,359,229,a white and blue train engine,
2360179,271,235,29,36,AN ANCHOR IS HANGING FROM THE BOW,
2360185,234,265,47,53,reflection of photographer in the fender,
2360186,233,126,20,17,bird has grey head,
2360187,244,308,42,65,a green glass bottle,
2360209,344,243,31,22,Small section of the gray beachwalk,
2360210,15,367,128,130,a blue US Mail Post,
2360215,44,247,205,208,The clock is sitting outside,
2360216,38,224,315,229,Snowboarder in the snow.,
2360218,13,16,351,470,a motorcycle is on display,
2360219,86,202,149,161,vintage toilet made of porcelain,
2360220,213,114,74,84,bristols on the toothbrush,
2360224,314,163,183,51,mouse on mousepad,
2360225,71,11,237,361,yellow and red fire hydrant,
2360226,240,246,30,72,Luggage is on the ground,
2360229,37,245,40,16,Black shingles in a roof,
2360239,390,58,10,11,The green walking person on the cross walk light.,
2360240,102,99,84,99,freshly folded bath towels,
2360244,265,283,142,85,This is a little girl,
2360246,276,18,217,289,a flower in a glass,
2360249,97,3,161,229,table and chairs by window,
2360254,177,20,153,220,a man wearing red on snow skis,
2360260,76,48,155,64,mountains in the distance,
2360268,82,24,112,101,American flag patterned helmet,
2360269,86,52,168,280,a man riding the cow,
2360276,24,136,113,73,These are tusks,
2360280,100,78,119,97,Round stop sign painted on rock,
2360281,3,0,494,371,this is a scrumptious assortment of donuts,
2360283,263,192,30,57,the guy is steeping off the curb,
2360284,173,117,68,101,Boy skatboarding off the side,
2360287,111,65,122,137,man jumping in snow,
2360289,237,49,232,280,gray horse statue,
2360298,0,197,65,41,a section of green and brown grass,
