image_id,X,Y,Width,Height,English_text,French_text
2340595,279,252,41,72,the tread on the tire,
2340596,159,118,141,142,Bird on the wood.,
2340598,368,205,76,9,brown wooden fence board,
2340600,88,60,125,118,people in the ocean,
2340606,355,208,32,24,flower on white oven mit,
2340610,1,0,435,334,Hand holding a black cellphone,
2340613,256,143,189,176,the zebras are eating,
2340621,220,113,122,105,a tall church in the background,
2340628,224,155,193,117,this is a chair,
2340629,72,69,154,157,A man wearing a cream hat,
2340630,68,0,206,366,mirrors on the wall,
2340633,38,7,69,75,A man wearing a cap,
2340634,240,334,60,63,bowl with liquid in it,
2340643,6,57,492,308,a herd of black and brown cattle,
2340644,433,305,25,13,Blue surf board on the sandy hill.,
2340648,0,0,460,279,Bicycle tired in a puddle.,
2340673,184,11,277,286,a man on a tennis court,
2340675,392,309,12,14,the white letter P,
2340676,318,74,140,149,he is playing with a frisbee,
2340682,10,43,479,288,a placemat on the table,
2340689,140,432,102,39,grizzly bear paw and claws,
2340691,116,140,21,25,woman wearing white shirt,
2340692,123,68,192,42,the horns on the cattle,
2340697,200,147,187,117,the sheep are beige,
2340702,81,123,407,248,several sheep in metal pen,
2340703,415,182,84,217,a white bus,
2340704,32,16,122,105,the head of a woman,
2340709,210,96,121,188,Man wearing a blue shirt,
2340711,164,231,130,250,large branched out tree,
2340712,113,53,301,200,passenger train on the track,
2340713,78,412,52,41,pink shrimps on a pizza,
2340714,303,78,195,138,a white bowl with soup in it,
2340721,220,119,96,168,Owl sitting on metal,
2340722,34,59,426,204,the train on the tracks,
2340729,135,168,29,46,telephone pole in the background,
2340730,234,5,45,27,A bird is in the air.,
2340734,292,145,129,100,the cow is black,
2340738,86,83,412,215,a man flying a kite,
2340739,104,65,192,219,a baseball player at home plate,
2340741,239,302,31,20,the head of a man,
2340744,346,230,125,50,car in the lot,
2340750,333,165,72,41,A frisbee is in the air,
2340753,219,98,66,122,this is a person,
2340756,324,157,57,39,zebra grazing on a vast field of greenery,
2340761,41,11,38,49,White chimney on roof of house,
2340762,9,109,486,211,a bowl of fruit,
2340767,199,88,67,104,a red sweet shirt with hood,
2340769,186,46,86,69,A man is snowboarding on snow.,
2340770,81,8,372,360,man has a cell phone on his head,
2340773,54,101,210,246,the boy in the skatepark,
2340777,128,40,80,35,kite in the sky,
2340778,93,100,175,310,a bear figurine on a table,
2340779,56,30,419,270,DeliciousItalian pizza pie,
2340780,175,322,84,32,water,
2340785,217,167,63,154,Popeye the Sailorman on the t-shirt with a can of spinach,
2340786,186,26,72,69,the cats right ear,
2340788,122,74,353,279,a baseball player pitching a ball,
2340791,310,158,22,52,small silver metal piece,
2340799,52,5,417,315,three skiers coming off if a ski jump,
2340800,254,183,10,23,a tail light on a car,
2340813,12,7,478,307,boat makes its way on a body of water,
2340820,49,157,156,235,Man catching a red Frisbee.,
2340828,392,217,45,46,the soccer ball a little above the grass,
2340839,114,74,124,255,a woman playing tennis,
2340846,54,3,212,223,person in black jeans and white shoes,
2340849,133,13,223,298,Elephant walking in the forest,
2340855,198,150,99,73,a plaque located on a bench,
2340859,315,265,12,31,white patch on pants,
2340861,234,219,14,18,Red penguin logo on sweater,
2340863,181,108,135,134,a blue winding train,
2340864,63,132,10,15,hoody on boys head,
2340865,96,27,390,276,Two motorcycle police officers,
2340868,330,79,44,19,Sign on bus say Private,
2340869,225,292,16,26,a woman with red jacket,
2340878,440,27,15,22,silver metal support beam,
2340886,259,124,138,207,A woman holding a cup.,
2340896,4,228,370,110,Five scooters parked outside,
2340907,74,160,34,39,a woman with short brown hair,
2340908,156,359,16,20,rust on fire hydrant,
2340910,83,173,218,172,this is a calf,
2340913,109,286,77,54,that is a hand,
2340914,127,80,30,26,a logo on a helmet,
2340916,175,317,56,79,girl holding silver knife,
2340917,0,0,497,373,a park on a rainy day,
2340919,325,98,70,161,The ribbon is red and blue.,
2340923,46,88,433,91,a natural finished surf board,
2340928,187,125,111,96,Striped zebra in enclosure,
2340933,173,93,88,72,Yellow and black flower,
2340941,7,104,490,204,several people at a skateboarding event,
2340951,4,3,329,491,a scene inside,
2340953,3,4,495,362,group of animals,
2340956,307,22,25,119,red and white lighthouse,
2340959,8,319,33,49,green grass on ground,
2340961,49,30,378,260,this is a pizza,
2340969,77,95,361,224,Two zebras watching two lions,
2340971,285,40,172,92,A man holding a tennis racket.,
2340975,122,9,151,158,the face of a little girl,
2340977,169,103,149,65,an old street sign that says Hope Street,
2340978,411,133,75,36,black stripe on zebra,
2340980,151,119,193,192,2 polar bears together,
2340981,33,45,395,281,Two zebras in a field.,
2340982,204,46,155,148,thin sliced piece of mushroom,
2340988,293,154,30,22,a black and white soccer ball,
2340989,68,123,255,131,orange truck on road,
2340994,276,154,172,140,The suit case is blue,
2340997,50,233,367,265,Pizza on a board,
2341000,265,72,31,27,a man weaing sunglasses,
2341007,34,23,185,192,Orange slices in a container,
2341009,171,194,112,175,person sitting on carriage,
2341017,38,58,160,195,front of yellow train,
2341022,153,80,220,293,A girl playing tennis.,
2341023,192,66,84,70,window in side of train,
2341024,65,18,99,84,man has white hair,
2341025,158,71,42,33,white snow on ground,
2341026,92,30,177,192,the train front is yellow,
2341027,135,85,265,205,the large truck on the street,
2341028,135,70,341,160,Purple double deck bus,
2341032,12,98,258,147,The bird is graceful.,
2341038,41,202,143,265,woman swinging tennis racket on tennis court,
2341039,3,41,407,223,dog holding a frisbee,
2341040,225,14,52,65,a ring on the finger,
2341044,338,318,21,5,Reflection of two people in the mirror.,
2341051,155,96,106,68,a black and white baseball hat,
2341057,112,189,15,14,Yellow tennis ball on the ground.,
2341076,295,105,30,23,Person wearing hat on head.,
2341086,30,38,437,295,a lot of food on the table,
2341089,102,11,123,283,jumping tennis player,
2341090,245,302,22,21,this is a wheel,
2341092,37,70,441,198,a giraffe in the wild,
2341101,291,137,62,60,the head of a zebra,
2341112,134,48,62,62,the head of a man,
2341118,110,105,240,226,this is a cave,
2341123,98,158,66,74,Big bird flying in the sky by statue.,
2341125,10,34,299,293,an elephant in the zoo,
2341127,431,205,32,25,a yellow and black ball,
2341129,52,48,230,140,a pasta and vegetable salad,
2341140,40,71,430,224,Group of people standing together,
2341141,36,41,411,111,white and blue plane,
2341145,208,319,83,79,red fabric quilt piece with handwriting design,
2341147,185,57,150,122,white clock on building,
2341148,53,265,28,55,white wave in water,
2341149,8,143,75,130,A girl running on the grass,
2341154,125,194,152,137,Small dark brown wooden chair on the ground,
2341156,195,355,5,33,Silver bracelet around woman's neck.,
2341158,52,17,143,481,a brown grandfather clock,
2341159,87,209,215,139,Cup of a very disgusting looking concoction,
2341161,193,373,56,39,ornate white clock inside a building,
2341170,0,237,361,134,the bus is on the street,
2341176,111,234,185,170,fruit on the plate,
2341177,39,126,218,362,this is an elephant,
2341178,213,86,255,41,A train with an upper deck,
2341185,24,72,222,150,Red and gray train,
2341186,132,15,153,286,The head of the horse.,
2341190,48,147,310,108,Bunch of stop signs in a supply yard,
2341191,10,39,387,309,cat has brown fur,
2341193,178,192,10,9,Hands swinging a bat,
2341195,74,31,224,423,woman talking on her cell phone,
2341198,146,158,292,205,open silver laptop on table,
2341200,122,14,43,55,man has short hair,
2341203,87,132,403,190,group of children on beach,
2341214,140,90,93,67,face of a giraffe,
2341217,101,95,146,197,two black traffic lights,
2341219,182,257,101,81,a plushie dog,
2341221,203,185,45,43,the head of a man,
2341222,120,0,125,235,Hanging doughnut is speckled with sprinkles.,
2341226,119,227,16,19,black letter on a red telephone booth,
2341227,248,12,184,353,Yellow metal fire hydrant,
2341233,32,184,51,44,white snow on ground,
2341238,147,159,97,161,person in red helmet holding baseball bat,
2341239,103,171,37,21,Man has short hair.,
2341248,94,176,40,47,MAN WEARING A RED COAT.,
2341251,9,12,440,278,a cat in the picture,
2341256,55,14,294,344,A woman skiing on snow,
2341257,141,190,75,130,The carrots are inside of the basket.,
2341259,86,84,225,162,red ski poles in person's hand,
2341262,224,142,185,145,computer laptop screen,
2341265,184,12,87,56,lights on the ceiling,
2341266,321,158,67,61,Black and white name tag,
2341267,210,461,21,30,an orange and white sign,
2341269,259,254,41,27,small footprints on sand,
2341270,347,85,25,17,eye of person wearing red scarf,
2341278,27,139,51,22,a button on a remote,
2341280,96,30,147,197,a green sign on a pole,
2341282,233,143,141,92,Red tomato on bread,
2341285,236,124,47,37,Person wearing red hat.,
2341293,121,11,128,133,a woman talking on her cellphone,
2341294,178,164,90,137,a dining chair,
2341296,182,75,143,87,Head and neck of a white dog,
2341306,0,20,493,300,the picture is black and white,
2341307,219,161,213,198,glass beads in jar,
2341310,72,6,166,447,Large brown elephant,
2341314,90,109,402,228,this is a bed,
2341317,230,48,170,252,two men sitting on bench,
2341320,298,181,30,32,A parking meter,
