image_id,X,Y,Width,Height,English_text,French_text
2355848,18,0,118,124,Flowers in a vase,
2355849,79,216,370,177,three people playing frisbee on a flat grassy area,
2355863,93,39,323,297,Two skiers in the woods,
2355872,66,33,432,287,peopl standing at microphone,
2355879,48,3,134,324,Green bottle with clear liquid,
2355880,11,97,255,220,some people on the scene,
2355883,13,252,246,202,a bowl of greens,
2355889,155,134,74,72,This is a clock,
2355891,127,223,178,233,a tennis player,
2355896,5,46,491,322,Animals in a pasture.,
2355897,4,187,248,68,wooden spoon in stew,
2355898,315,5,62,82,black wrought iron chandelier hanging from ceiling,
2355903,323,68,15,22,the red letter t,
2355905,39,59,352,272,the motorbike is blue,
2355910,198,81,215,77,Man wearing black framed glasses.,
2355911,195,123,247,248,woman holding a tennis racket,
2355913,78,25,400,398,The dog is on top of the motorcycle,
2355914,20,102,473,152,a plane fllying to canada,
2355916,413,166,62,31,bus windshield is tinted,
2355931,178,81,288,215,White polar bear in the front.,
2355933,207,154,113,45,white words on a blue train,
2355935,54,74,396,257,GROUP OF TEENAGERS IN GRASSY FIELD,
2355944,6,120,410,250,The dog is a golden color,
2355946,191,186,132,94,a slice of tomato,
2355949,232,12,245,350,man has cat on lap,
2355952,0,49,104,229,man wearing a pale yellow striped shirt,
2355957,232,230,20,24,Blue and white public phone sign,
2355962,13,136,311,175,A busy city intersection under a tram system,
2355967,248,71,57,29,kite is red,
2355968,167,6,319,367,a man eating a bread,
2355969,113,416,43,49,white nike tennis shoes,
2355971,1,238,347,123,the counter is yellow,
2355973,308,211,61,45,the person is holding a frisbee,
2355974,64,40,435,289,woman laying on pillow,
2355976,144,47,345,182,A bird is next to a zebra,
2355977,75,50,167,373,a male and female tennis player,
2355978,88,429,71,49,the tiny hand of a newborn baby,
2355980,273,22,88,308,Guy playing a video game,
2355983,5,0,91,246,Evergreen trees on mountain trail,
2355990,0,102,195,151,living room windows covered with white blinds,
2355991,143,194,110,88,motorcycle has yellow plate,
2355998,3,0,121,67,books stacked on a bookshelf,
2356006,196,137,130,140,a goose walking in the green grass,
2356008,162,380,36,85,the cup is blue,
2356009,73,133,399,209,orange motorcycle with rider,
2356012,4,6,492,325,A well-lit modern home kitchen with wooden-look cabinets.,
2356013,307,52,145,228,an ATM at the sidewalk,
2356015,108,6,266,263,Dog behind mirror.,
2356016,374,78,122,68,water in the air,
2356020,77,114,58,33,short green and yellow grass,
2356023,190,128,151,104,the cat is sleeping,
2356025,294,105,67,158,a young child in swim trunks,
2356027,12,116,480,208,Shoes are on a shoe rack,
2356034,175,30,270,126,It is dark out,
2356037,369,59,112,149,Mirror on compartment wall,
2356038,130,173,160,197,A young boy skateboarding,
2356067,0,0,499,125,a large patch of gray sky,
2356068,78,65,333,309,Three people in a kitchen,
2356070,138,97,324,236,This is a bathroom,
2356075,126,122,262,168,a train rolling down the tracks,
2356079,436,107,40,88,streetlight on a post,
2356084,171,91,177,190,big white umbrella,
2356088,90,71,261,243,a red double level bus,
2356091,21,258,140,93,pink frosting,
2356093,74,12,297,379,woman playing tennis,
2356094,96,8,233,149,little pigeons on nest,
2356098,87,85,131,114,The sticker is colorful.,
2356099,7,0,45,221,a window in a room,
2356102,206,39,27,14,Nose of polar bear,
2356104,353,335,75,33,bars across the train tracks,
2356106,3,5,483,302,The people are at a ballgame,
2356107,136,43,51,194,Man holding a tennis racket,
2356116,127,200,90,103,The dog is running,
2356118,301,86,51,52,The woman's hair is brown.,
2356130,171,175,95,160,walk signal on cross walk sign,
2356140,166,58,52,42,a man with a black hard hat,
2356160,196,200,33,40,bird flying,
2356161,313,72,91,72,the head of a horse,
2356164,211,38,144,169,a man with black hair,
2356165,2,38,490,218,A building featuring a variety of stores.,
2356177,439,268,59,61,chair in the room,
2356179,363,196,23,45,silver and white bolt,
2356180,18,26,272,283,a hotdog where a person has taken a bite out of,
2356181,137,82,360,182,The people are sitting on a bench,
2356184,32,70,335,428,girl is asian,
2356195,422,144,54,97,Decorative lamp on table,
2356201,135,336,60,132,the pants are orange,
2356205,37,7,370,155,kites in the sky,
2356206,232,83,130,178,A man is jumping with his skateboard,
2356210,30,86,132,346,mini tree in a light brown holder,
2356211,71,51,45,57,W on the net,
2356218,5,2,434,354,Person cutting food with scissors and tongs,
2356223,261,3,237,367,The train is blue and silver,
2356225,367,66,68,221,A man in an army uniform,
2356231,48,243,37,92,serviceman standing in a line,
2356244,2,2,492,367,A person in the kitchen.,
2356249,3,0,495,370,A room with a mattress.,
2356250,28,73,103,95,The monitor is on.,
2356258,376,181,37,89,the bottle is green,
2356261,22,32,476,276,the boy is holding a cell phone,
2356262,81,45,324,290,luggage and small black bag,
2356269,67,31,239,407,a sculpture of traffic lights,
2356275,43,43,394,291,a nice celebration cake,
2356276,136,227,186,201,Cat wearing a white hat,
2356279,26,151,230,301,woman with a kite,
2356284,61,59,296,126,This is a boat,
2356288,407,229,51,58,long green and yellow grass,
2356292,102,205,98,103,oranges are ripe,
2356295,278,127,102,84,the book is on the suitcase,
2356300,130,285,316,151,a small sub sandwich,
2356301,122,13,146,95,black microwave,
2356305,197,0,181,257,A boy has blonde hair,
2356310,88,221,77,72,red slippers on tile,
2356312,160,59,250,110,orange cat in bag,
2356313,453,268,29,30,the shirt is red,
2356319,68,97,77,67,A green and grey jacket,
2356321,258,97,52,50,Lamp over a bed.,
2356327,132,397,71,48,woman wearing black sandals,
2356328,244,55,204,276,the man on the tennis court,
2356337,92,30,262,193,the people are riding horses,
2356342,218,3,279,370,the man is African American,
2356346,58,106,149,393,Little girl standing with tennis racket,
2356349,283,145,78,50,A MOUSE IS PRINTED ON THE SHIRT,
2356351,125,33,345,267,This is a motorcyclist,
2356355,26,80,425,300,row of green buses,
2356358,125,181,71,67,clock on a tower,
2356359,306,207,56,79,A swan floating on a river.,
2356363,38,120,319,255,a boy sleeping on a small mattress on the floor,
2356364,360,122,70,100,BOY IS SKATE BOARDING,
2356366,137,84,224,124,this is a plane,
2356370,3,3,403,324,a policeman on a motorcycle,
2356371,239,127,68,108,a refrigerator in a brake room,
2356384,230,115,48,54,the rack is round,
2356387,12,59,338,403,Birds in the shot,
2356404,105,2,335,332,man is cutting woman's hair,
2356407,126,89,115,170,woman in a crouched position,
2356409,151,46,145,278,man holding a bat,
2356417,192,41,98,348,a red hot dog,
2356421,63,45,427,319,a boy holding drumsticks,
2356422,91,241,29,24,the boy's right blue shoe,
2356423,25,2,446,317,picture taken at a baseball field,
2356424,0,7,496,320,Men playing baseball.,
2356427,156,236,44,95,a red and black tie on a man,
2356430,211,245,89,118,The person is skateboarding,
2356434,160,261,101,186,Man in black performing on the street,
2356435,48,16,441,264,seven giraffes together,
2356438,6,236,87,260,The snow is the color white,
2356446,15,13,482,338,picture taken outside,
2356450,255,148,62,70,A giraffe eating grass,
2356451,204,259,80,34,a surfboard,
2356453,165,182,31,32,black hat on a skater's head,
2356454,122,288,146,190,Red toilet on the floor,
2356465,181,128,247,212,toilet in the room,
2356473,76,289,177,135,Black cow in the field,
2356476,259,177,67,37,a reddish fish.,
2356478,65,8,432,323,men standing on balcony,
2356481,151,118,301,277,young male surfer in ocean,
2356483,20,83,440,147,Plane soaring through the sky,
2356489,284,280,117,56,table in center of room,
2356490,403,106,80,98,picture on the truck,
2356491,302,184,56,40,nose on the bear,
2356503,14,229,372,91,people walking in the street,
2356514,216,106,212,262,Two men playing soccer,
2356518,11,32,77,63,the number is 2,
2356521,303,254,102,77,A meatlic rusty railway,
2356523,172,111,230,53,white and orange train,
2356533,191,200,215,50,A low country boil on the table.,
2356540,171,90,85,138,Traffic sign showing good to walk,
2356546,170,73,65,67,head of the man,
2356555,137,246,112,171,a transparent pink jar,
2356560,12,23,438,290,picture is black and white,
2356564,0,30,371,307,a woman wearing a red shirt laying on bed,
2356576,288,179,58,59,Bouquet of colorful flowers.,
2356577,181,295,123,203,a woman holding a tennis racket,
2356580,233,32,20,43,a green banana hanging from a bunch,
2356582,25,143,79,124,man flying kite,
2356587,88,196,230,184,A sleeping baby with a pacifier.,
2356593,267,225,41,99,a red and white stop sign on a pole,
2356595,101,54,321,297,small pizza on plate,
2356596,74,4,216,441,person on a board for skating,
2356599,12,65,482,214,PIZZA SERVED ON PLATE,
2356602,95,18,209,461,tennis player is jumping,
2356603,327,278,58,108,the trashbin is green,
2356605,39,100,460,120,blue plane parked on tarmac,
2356606,195,209,73,63,Two orange traffic cones,
2356607,0,301,191,119,The net on the tennis court,
2356608,48,63,142,60,Brown headband on bear,
2356612,117,192,32,32,tree on side of road,
2356622,363,58,17,17,the small horns of the giraffe,
2356629,62,70,151,50,black seat of the motorcycle,
2356633,25,192,320,233,CAT IS ON THE BED,
2356642,34,52,229,240,a happy man is smiling,
2356651,201,182,115,91,front window of train,
2356653,56,78,415,146,White plane on the runway,
2356662,0,45,495,307,A delivery truck is in a city,
2356675,1,47,352,451,A man riding a horse,
2356677,278,72,127,193,A tall giraffe walking,
2356678,239,65,90,40,white tiles on the wall,
2356679,162,205,322,68,Colorful graffiti on ribbed steel,
2356680,167,111,83,94,head of the man,
2356682,0,1,329,492,Black fence,
2356684,83,6,270,367,small girl sitting on a mans lap,
2356691,5,55,327,443,a black and white picture,
2356694,19,124,475,77,animals on a prarie,
2356701,215,379,71,59,A dog's wet nose,
2356706,103,360,76,61,A woman is wearing a watch.,
2356707,253,120,114,117,mouse to a computer,
2356709,217,210,68,20,The toothbrush in the kid's hand.,
2356711,93,142,252,173,red bus driving down the street,
2356715,280,1,85,102,orange curtain hanging in a window,
2356716,181,256,50,28,boy with purple and white shoes,
2356719,35,64,275,425,The girl is enjoying the beach,
2356721,209,235,33,42,The toilet paper roll.,
2356727,191,262,24,24,This is a sheep,
2356731,1,3,495,117,The sky is blue.,
2356732,155,0,205,131,Lady sitting at table that has pizza on it,
2356735,199,144,112,77,Modern style fireplace,
2356739,298,298,64,17,black lettering on white background,
2356740,14,68,482,292,white round ceramic plate,
2356750,277,57,190,79,A green sign post,
2356751,40,15,130,118,The dishes on the wall.,
2356756,124,200,84,113,Black bear with brown nose,
2356759,244,22,255,296,Woman sitting at table,
2356766,65,76,365,306,the man is on a bike,
2356767,91,4,232,121,a bench on back of an elephant,
2356769,0,141,490,118,black and white cows in a grassy field,
2356773,126,202,76,36,horns on the ram,
2356780,210,46,192,115,A man holding a bat,
2356782,410,115,47,60,person in the crowd,
2356790,236,89,109,97,A black police hat,
