image_id,X,Y,Width,Height,English_text,French_text
2365162,199,473,130,26,name of photographer,
2365164,1,0,455,373,people in front of building,
2365165,333,198,54,79,Person in fire hydrant costume,
2365166,94,131,278,219,A black and white cat.,
2365170,254,55,69,217,A flagpole on top of the building,
2365172,102,282,35,20,Brown and gray tiled floor in the bathroom,
2365173,117,238,22,9,Grey snow goggles worn by man.,
2365174,0,0,478,318,blue photo of hockey game,
2365193,45,119,404,300,a green and white vehicle,
2365199,145,22,250,123,red umbrella,
2365200,0,22,487,235,A large plane flying in the air.,
2365201,77,85,233,100,two people standing on beach,
2365204,296,100,42,40,a surfer in a black wetsuit,
2365205,230,45,195,181,small plane flying,
2365207,279,66,70,125,a skater with a skateboard,
2365212,2,199,414,87,a group of elephants,
2365218,34,32,287,420,motorcycle,
2365219,124,254,117,89,a clock on a building,
2365224,161,95,35,7,part of a cloud,
2365225,61,122,341,168,two elephants standing together,
2365227,0,2,498,329,Five zebras standing in an open field.,
2365228,57,91,302,205,This is a hand,
2365232,4,6,366,492,a toilet in the bathroom,
2365240,350,83,105,120,tennis racket in the air,
2365245,6,115,437,105,a bunch of cows standing around,
2365257,187,52,75,57,A windscreen on the train,
2365261,84,14,414,299,a remote controlled airplane,
2365262,219,25,149,228,a woman holding a tennis racket,
2365265,245,168,77,110,The woman is holding a racket.,
2365267,103,53,175,242,old train is parked,
2365269,8,126,475,130,A long train parked on the tracks.,
2365273,8,5,482,319,a kitchen,
2365276,61,89,435,177,This is picture of a cat,
2365280,30,65,466,258,Eight cats waiting to be fed,
2365284,308,60,94,105,a small room window,
2365293,37,45,453,327,three men sitting on a couch,
2365294,0,0,373,498,clean tiled bathroom,
2365299,205,305,109,68,Painted white arrow on ground.,
2365301,170,33,240,136,white board with markings,
2365315,21,17,62,21,A long thin line,
2365316,106,17,384,309,man is playing tennis,
2365317,228,311,92,82,This is a sugary donut,
2365320,331,47,30,33,button to open the door,
2365321,10,1,475,373,girl picking at pizza slice,
2365322,132,203,121,120,woman riding a brown horse,
2365323,55,33,317,262,Bunch of almost ripe bananas,
2365325,65,76,371,127,airplanes in an airport,
2365332,248,182,157,149,This is a cell phone,
2365336,208,153,198,169,the cow is brown and white,
2365337,164,186,15,27,person walking on a path,
2365342,0,54,499,202,Large area of green hillside.,
2365343,35,237,260,93,white border between white upper wall and dark green wall,
2365345,248,52,41,23,A man in a yellow hat.,
2365348,227,77,25,13,a man's eyeglasses,
2365349,303,153,97,165,the catcher crouching down,
2365354,0,1,496,327,apples and oranges,
2365355,426,309,68,65,white van is parked,
2365357,320,143,80,185,yellow post holding many signs,
2365365,60,14,136,117,Little girl is wearing a helmet,
2365376,342,65,98,40,aircraft taking off,
2365378,64,103,156,170,three sheep walking down road,
2365386,291,168,51,69,the shirt is white,
2365388,6,18,480,337,little boy brushing teeth by white sink,
2365390,5,3,488,77,people in bleachers,
2365393,327,215,35,50,airplane in the sky,
2365400,170,12,89,128,the wall is white in colour,
2365402,2,52,38,141,tan and brown statue of standing cat,
2365404,65,230,183,63,buses parked on side of road,
2365405,440,96,50,105,two people waiting on platform,
2365410,17,37,409,212,A double decker bus that is blue white and green,
2365411,423,123,35,38,a british flag on front of truck,
2365414,0,33,360,81,Traffic lights hanging over street,
2365417,213,215,63,18,black glasses on the desk,
2365418,74,387,60,55,white car parked on the street,
2365423,109,53,237,252,desktop computer on work station,
2365428,222,79,112,141,bird catching a fish,
2365429,31,122,197,298,Two people on the sidewalk,
2365433,322,80,80,43,the hat is orange,
2365435,352,276,25,50,Very dirty foot of girl,
2365441,27,227,94,87,the shirt is red,
2365452,81,88,32,30,guy with tongue out,
2365454,171,170,71,121,man in blue in snow,
2365456,385,255,98,86,toilet in a room,
2365472,139,189,67,48,person surfing in ocean,
2365473,14,27,444,284,skier between red and blue poles on slope,
2365479,5,3,492,326,a plane in the sky,
2365484,182,357,163,49,cows grazing in field,
2365486,2,5,496,356,a cooker in a kitchen,
2365488,0,113,96,187,A large green potted plant,
2365495,297,210,117,97,This is a motor bike,
2365497,220,37,82,87,opened black umbrella,
2365502,245,95,15,11,right eye of a girl,
2365510,155,209,42,72,Boy standing by the river.,
2365511,173,261,40,53,part of a ground,
2365516,113,107,121,141,This is a large airplane,
2365518,252,71,117,302,A man is speaking for the camera.,
2365519,178,252,187,202,A slice of a burger,
2365529,94,76,233,297,a cat bending his head to the right,
2365531,192,79,104,187,boat traveling on waterway,
2365536,6,2,492,127,Beautiful scenery,
2365537,306,112,70,98,head of a horse,
2365543,289,111,82,68,A man white his leg up in the air.,
2365545,404,17,32,71,Cat has black ear.,
2365549,55,11,147,292,The wooden paddle in the blue bin.,
2365552,3,164,490,102,This is a tooth brush,
2365563,239,133,72,79,the woman is laughing,
2365564,185,13,232,271,two guys on the beach,
2365568,114,28,99,19,pizza in pan on top of oven,
2365572,243,222,114,86,A broccoli floret,
2365583,110,294,153,190,This is a toilet,
2365589,113,239,23,24,woman in blue jacket,
2365590,205,10,71,88,woman hanging on a swing,
2365595,115,64,156,170,giraffe head having a drink,
2365599,203,314,25,31,part of a carpet,
2365601,134,98,114,128,child smiling at camera,
2365611,93,125,370,108,a good looking pizza,
2365614,128,340,19,28,part of a shade,
2365615,147,69,55,55,face of a boy,
2365618,154,137,242,102,blue and white train,
2365619,271,217,108,102,A coffee cup with Tigger on it.,
2365625,297,277,54,22,A tail swishing to the left.,
2365633,47,112,39,94,a orange tent cover,
2365647,251,376,19,30,part of a splash,
2365653,10,7,488,389,the photograph is black and white,
2365656,24,86,375,235,large bull inside fence made of sticks,
2365662,406,33,93,70,this is the sky,
2365664,68,65,417,163,the plane is a navy plane,
2365670,40,21,425,365,An Asian woman sitting on a bench,
2365675,303,163,63,58,snow on bear's butt,
2365678,207,400,97,79,Leaf design in froth of cappuccino,
2365679,232,178,115,69,round clock on tower,
2365680,114,90,67,61,man riding a bike,
2365687,182,173,56,19,shade from the bridge,
2365691,1,56,497,273,packed green army lorries,
2365696,173,53,277,192,horse in the field,
2365706,209,147,90,80,A direction sign board,
2365710,0,4,496,364,crates of green and red apples,
2365713,447,195,25,109,This woman is wearing a black sling pack,
2365715,56,33,57,52,Man wearing blue head band,
2365716,90,136,135,130,This is a sign board,
2365718,17,0,114,192,Bathroom urinal,
2365720,149,279,146,198,the hydrant is yellow and white,
2365721,126,179,179,319,small boy sitting on bear,
2365728,222,263,68,13,The writing on the motorcycle is white.,
2365731,204,178,55,52,little girl pointing at sheep,
2365732,20,195,285,252,This is tennis match,
2365734,2,102,280,220,black furry cat resting on computer,
2365735,29,69,326,240,A piece of chicken with red sauce and cheese on top.,
2365738,132,442,105,54,black and white sign,
2365744,0,0,498,371,A display of achievement trophies,
2365745,329,48,129,207,tabby cat with white chest,
2365748,222,64,154,53,orange sign above door,
2365753,35,26,437,321,This is along a beach,
2365758,141,144,152,78,Eggs on top of pizza.,
2365759,9,141,182,153,slice of red tomato,
2365760,139,111,20,17,Person wearing white shirt.,
2365766,212,290,91,130,A blue color cup,
2365767,110,86,22,20,Flag waving on pole.,
2365768,153,117,238,132,This is a small bird,
2365773,361,131,135,200,the man is in glasses,
2365777,172,107,157,133,the plastic target bag,
2365780,220,187,277,145,a person's legs in blue jeans,
2365782,214,43,262,202,man on the water,
2365783,9,230,35,38,a white sheep grazing,
2365788,37,196,70,53,picture of a fruit,
2365797,439,217,15,34,statue of liberty in background,
2365799,366,179,49,35,a text saying SQL,
2365800,112,96,23,40,part of a racket,
2365806,87,172,293,200,A small pile of green apples.,
2365812,216,21,218,293,man on the grass,
2365819,338,45,161,111,white window sill on the pink wall,
2365821,164,8,145,67,blue sky above the building,
2365826,220,155,63,52,A brown bean bag chair,
2365830,5,17,482,225,This is a train,
2365833,137,185,42,102,man riding a bike,
2365834,285,2,77,167,tan curtains hanging by woman,
2365836,329,120,165,121,A yellow and grey train car,
2365838,218,292,102,24,A white skateboard,
2365842,370,288,67,45,Bird in a field,
2365845,93,264,192,160,an apple cake on a white plate,
2365846,133,128,303,65,two elephants standing in a field,
2365851,10,60,355,245,These are giraffes,
2365853,46,162,153,15,A wood boat dock,
2365862,84,136,68,45,pink pan in bucket,
2365867,222,30,48,62,part of a smoke,
2365878,39,140,106,26,A white ocean form,
2365886,79,13,243,136,Gloves on a pole.,
2365890,281,441,34,48,part of a stair,
2365900,255,176,26,22,a headlight on the car,
2365901,381,230,16,15,A bracelet.,
2365918,1,67,313,238,black and white photo,
2365919,23,270,44,36,this is the ground,
2365922,70,95,183,176,a tv screen,
2365923,46,17,185,355,woman carrying a large light blue tote bag,
2365931,16,17,480,308,picture taken outside,
2365933,215,196,57,101,catcher crouched down in the dirt,
2365939,16,95,471,130,the plane is made of metal,
2365942,197,185,100,95,animal in the photo,
2365944,158,109,220,188,A black and white cat on a sink,
2365949,168,61,218,130,An orange bulldozer parked across from the stroller,
2365952,73,64,320,364,A stone building that resembles a castle with clocks on the top.,
2365953,0,95,498,46,cows in a green field,
2365955,125,196,140,169,A white bathtub.,
2365957,34,191,60,62,the abbey has many windows,
2365960,121,111,77,33,black letters on the side of a plane,
2365963,156,120,112,142,the man is looking down,
2365967,109,202,121,179,a white porcelain toilet,
2365968,1,0,497,279,two generously portioned breakfasts,
2365969,251,131,45,155,the tail of a horse,
2365973,255,393,21,32,a white sneaker on a lady on a bike,
2365976,16,65,306,245,horse on the grass,
2365977,6,96,100,249,Fork and knife on a napkin,
2365980,319,25,45,78,the head of a horse,
2366001,208,214,98,20,The word enter,
2366002,1,153,214,220,A cowboy on a horse,
2366004,106,327,19,47,part of a pocket,
2366005,16,11,461,311,Someone is playing a tennis game,
2366006,167,410,23,34,a switch on the blender,
2366009,239,10,31,26,CROSS IS ATOP THE CENTER STEEPLE,
2366016,171,257,107,53,Partially eaten cookie on a plate,
2366018,188,0,307,301,Woman holding a red umbrella,
2366026,294,3,204,332,a woman that is laughing,
2366030,198,206,41,30,thumb on the button,
2366033,151,98,257,197,A white cow in the middle of the road,
2366034,0,0,498,374,A bedroom scene,
2366037,155,55,343,281,the dog is brown,
2366040,217,3,207,50,Phillies baseball team emblem,
2366041,139,221,39,46,a green pedestrian light,
2366047,189,206,14,64,This is a tree,
2366049,391,17,50,40,back pack sitting on sidewalk,
2366050,27,125,330,225,the boat at the beach,
2366054,47,41,315,242,black and white pastry,
2366055,58,77,190,167,Long-haired skateboarder performing a trick,
2366056,85,130,135,137,ghostbusters logo on the shirt,
2366058,135,20,112,39,the seat of the bike,
2366059,91,125,70,77,pitcher standing on the field,
2366064,106,153,359,113,Two people with surfboard,
2366068,195,137,159,362,digital parking meter on sidewalk,
2366071,203,268,23,50,edge of a wing,
2366076,197,27,115,97,dispenser of toilet seat covers,
2366083,5,28,320,456,people in a an airport,
2366096,223,120,250,253,a black leather jacket,
2366098,93,255,279,92,Regulation size tennis court,
2366100,29,131,92,54,a gray and black microwave,
2366108,383,114,35,30,An orange and white floatation device.,
2366111,57,238,93,41,silver sink on the counter top,
2366114,378,156,27,25,a patterned garden sphere,
2366118,65,365,246,125,square white plate with sandwich on it,
2366125,10,7,485,311,picture taken outside,
2366127,7,33,65,67,woman with long brown hair and red shirt,
2366130,232,111,150,113,Large shiny metal spoon lying face down on a brown table,
2366137,83,103,356,292,Three giraffe's in the forest,
