image_id,X,Y,Width,Height,English_text,French_text
2379922,123,54,130,77,baseball player with safety helmet,
2379924,248,2,108,92,THE BOY HAS SHORT HAIR,
2379926,275,73,129,300,Fork on the pan.,
2379931,90,17,292,280,the streetlights are visible,
2379932,188,225,217,147,a doughnut on a white paper wrapper,
2379935,153,405,93,57,the hand of a woman,
2379939,111,4,283,62,name on the board,
2379940,177,145,54,59,the white face of a clock,
2379951,182,126,99,166,black snowboard in air,
2379952,210,45,170,222,Woman is wearing a purple coat,
2379958,241,143,255,139,an airplane in the sky,
2379963,163,65,52,46,a square analog clock face,
2379972,154,222,117,59,the bathroom sink,
2379978,23,85,53,87,two rolls of white toilet paper,
2379981,98,104,62,31,the elephant tusk,
2379985,56,283,104,74,the snow is white and clear,
2379987,72,148,344,55,long train travelling on train tracks,
2379995,262,70,40,47,the head of a man,
2379996,229,47,94,57,patch of blue sky,
2380002,49,9,444,292,the person is waterboarding,
2380008,154,211,33,24,string of a kite,
2380018,207,96,113,381,a man on roller blades,
2380020,15,28,432,292,Vegetables in the tray.,
2380023,242,61,63,81,A white sign with a red arrrow.,
2380026,187,71,167,160,The bird is eating an apple slice.,
2380028,156,55,86,59,seagull flying above the boats,
2380029,340,0,153,100,colorful tablecloth and silverware,
2380035,57,19,147,146,Smiling child,
2380036,337,145,160,222,green and brown bushes,
2380045,96,93,138,264,A young child skiing,
2380052,218,48,91,157,bottles on the table,
2380054,417,0,47,85,light shining on desk,
2380059,3,17,200,155,small bowl of Golden Grahams,
2380060,246,135,132,167,front part of the bus,
2380064,222,193,107,117,Person sitting on floor using laptop.,
2380068,211,59,65,66,the tusks of an elephant,
2380073,116,260,35,78,clear empty wine glass,
2380077,63,32,199,370,man wearing suit and tie,
2380086,137,193,116,113,pink and white umbrella,
2380090,214,268,142,223,this is a pedestal sink,
2380091,35,202,414,171,cows in a field,
2380093,9,12,478,274,open blue suitcase,
2380096,271,57,137,213,an elephant,
2380097,201,304,95,144,clock on tower showing time,
2380098,56,48,343,207,an airplane on a pedestal,
2380106,196,77,125,216,the elephant is fat,
2380109,120,195,120,62,boob candy on display,
2380117,331,145,67,130,Girl is riding bike.,
2380118,96,9,276,309,woman talking on the phone,
2380120,253,318,35,61,a white tennis shoe on a man,
2380128,196,146,218,172,a blue and white surfboard in the water,
2380129,198,95,114,95,the spine of a book,
2380133,261,416,66,35,the grass,
2380136,97,247,217,82,Pile of fruit in a box,
2380138,122,260,45,68,baseball umpire dressed in black,
2380143,1,0,498,498,a brown wooden table,
2380145,331,194,97,167,a bike is parked,
2380146,121,416,50,66,a wooden stool,
2380150,45,302,159,26,calm blue water in the bay,
2380152,151,102,348,357,a blue suitcase open,
2380158,41,22,392,320,Food on the table.,
2380163,1,2,331,293,The sky is blue.,
2380170,283,89,216,229,a surfboard on the beach,
2380172,19,90,176,393,a teenage girl sitting on a golden toilet,
2380175,84,91,398,227,a man water skiing,
2380187,122,0,139,135,the crown of a piece of broccoli,
2380191,279,92,96,260,a man,
2380197,123,83,127,85,piece of log on the ground,
2380218,177,137,57,15,green frisbee disc in flight,
2380222,204,71,272,222,Green bananas in a bunch,
2380227,216,96,73,85,black and white dog,
2380232,46,115,27,80,A cutout of a sailor,
2380235,239,321,69,37,Sign for San Diego Convention Center,
2380238,293,174,66,61,a child on a surfboard,
2380240,75,74,246,247,tall and old building,
2380248,20,89,202,200,young man doing skateboard trick,
2380265,169,62,69,50,a pair of black sunglasses on the business man's face,
2380266,449,71,35,66,woman's shirt is red,
2380268,52,32,408,291,a big elephant,
2380269,0,60,498,272,the wave is crashing,
2380272,4,15,475,272,three Toshiba laptop computers,
2380273,49,214,165,88,the number 2 on a truck,
2380277,361,87,17,18,the head of a man,
2380289,311,152,97,156,two small British flags,
2380290,247,359,70,83,cup of tea,
2380292,131,111,88,108,man wears black suit,
2380294,203,137,36,41,dog on a leash,
2380299,0,80,152,282,a girl who is texting,
2380303,60,111,40,100,tower sticking out above the trees,
2380315,42,28,381,345,books on the shelf,
2380317,58,72,57,38,Green grapes.,
2380326,35,236,79,142,silver flip phone with blue display,
2380327,47,191,315,182,glazed donut,
2380330,79,105,207,174,a banana,
2380331,0,183,496,125,The fence is wood.,
2380332,46,165,450,183,people playing frisbee game,
2380335,179,208,276,75,the sign is yellow,
2380340,6,3,485,422,horned owl in a pine tree,
2380344,82,237,19,36,the flower is red,
2380345,45,122,263,172,train tracks are black,
2380347,117,84,45,59,blue parasailing sail,
2380349,255,0,243,150,the head of a man,
2380352,40,185,14,24,person walking on the beach,
2380353,200,93,13,16,a tennis ball,
2380355,83,55,155,246,the child holding a ball,
2380357,13,99,147,117,The car is white.,
2380361,237,72,32,23,a plastic piece on the shower head,
2380382,211,139,83,82,the man in the water,
2380383,331,192,64,147,man on a bicycle,
2380388,175,27,200,178,beautiful little boy with short brown hair,
2380408,1,2,488,327,A man is on an elephant.,
2380412,359,160,90,175,a cross country skier,
2380414,99,38,392,281,Baby elephant.,
2380424,205,172,86,65,a blue motorcycle in street,
2380428,146,180,185,87,old fashioned car on road,
2380429,116,16,141,160,the head of a boy,
2380435,16,246,110,65,a yellow flower on the stem,
2380449,199,120,32,35,window on side of train car,
2380457,280,78,148,160,yellow front of train,
2380458,47,76,165,340,man holding bear and sign,
2380463,97,125,355,249,the computers on the table,
2380465,91,91,284,402,fire hydrant on a sidewalk,
2380467,146,121,138,149,Building in the background.,
2380468,116,72,172,257,kite flying in sky,
2380474,104,81,359,224,hot dog on white paper,
2380478,157,454,75,44,black metal post under parking meter,
2380481,141,153,176,142,baseball players,
2380493,128,95,82,47,tan cap,
2380498,17,384,93,114,The vase is short.,
2380500,190,29,152,94,a stainless steel fork,
2380505,78,15,207,482,black and white fire hydrant,
2380507,179,5,164,368,dark haired little girl,
2380508,254,121,58,69,grains of white rice,
2380512,105,63,202,44,Lights on the truck.,
2380522,157,50,151,325,The woman is standing.,
2380525,58,163,96,103,man holding a tennis racket,
2380526,68,161,167,147,oversized black metal wheels,
2380530,20,62,440,171,two monitors above desk,
2380534,275,329,223,45,silver-plated teaspoon,
2380536,241,144,61,66,THE SIGN IS RED AND WHITE,
2380537,3,152,171,189,woman sits on bus,
2380538,241,336,166,149,black beans on plate,
2380539,91,163,205,124,a black and white sheep,
2380542,278,59,70,90,zebra's right ear,
2380545,9,0,488,327,Photo taken in a bathroom,
2380559,72,17,385,313,two men sitting on bench,
2380560,420,167,28,29,a red maple leaf on a plane,
2380564,18,16,283,424,a man holding two donuts,
2380565,80,68,292,220,the zebras are visible,
2380569,250,7,122,91,neon hanging lights,
2380576,174,13,236,63,The open blue sky,
2380577,212,107,285,148,golden brown hash browns,
2380590,1,77,497,254,the grass is tall,
2380593,231,175,45,85,grass in a bird's beak,
2380599,137,268,80,105,Man is holding a knife.,
2380602,5,24,355,393,a served breakfast,
2380615,96,91,300,207,two signs on metal pole,
2380618,73,196,155,200,black and white animal,
2380619,6,7,487,358,A tennis court scene,
2380633,236,136,15,15,the head of a man,
2380646,46,13,436,337,black cat asleep on papers,
2380647,264,161,65,45,skateboard in the air,
2380653,284,106,15,124,red flag in grass,
2380657,70,154,211,331,Livelihood depends bicycle transportation.,
2380662,94,104,129,40,The eyes are brown.,
2380669,137,29,220,460,a grey parking meter,
2380675,119,136,20,16,a white airplane in flight,
2380682,95,165,340,165,Many skiers and snowboarders are together.,
2380684,229,222,24,38,blue pants on a skier,
2380686,41,65,73,45,side mirror of the bike,
2380692,160,60,160,261,man walking with an elephant on the street,
2380699,251,151,85,77,the faucet is stainless steel,
2380704,83,196,121,73,a baby calf,
2380705,74,176,184,140,boat's line is coming in to shore,
2380710,217,37,246,227,Sign is diamond shape,
2380714,78,11,220,177,the cake is red,
2380717,219,211,116,142,The apple on the table,
2380718,33,162,407,179,a bench is facing the water,
2380731,199,112,70,94,a surfer,
2380732,26,94,51,51,36 lit up on the back of bus,
2380736,301,0,76,70,a red marketing flag,
2380741,232,199,56,30,brown horse is walking,
2380742,63,143,158,145,A side view of a players head,
2380743,1,203,322,128,White lines on brown dirt,
2380750,286,186,210,156,a blue cargo train car,
2380753,225,265,64,86,metal wheel on cart,
2380755,160,101,80,71,warning sign on bus window,
2380757,10,12,197,297,The man is wearing a hat.,
2380759,32,121,363,170,long train going around bend,
2380761,157,159,192,145,a tabby cat looking out the window,
2380776,225,23,240,200,An old cellular telephone,
2380777,21,100,341,210,People watching television inside.,
2380780,217,116,18,44,Zebra has black nose.,
2380789,278,129,25,13,white hat on man's head.,
2380791,126,217,97,70,Tray on a bed.,
2380792,219,25,47,79,Person has dark hair.,
2380795,44,142,128,230,man with long hair tied back,
2380796,8,65,405,179,huge fluffy cat with big green eyes,
2380800,72,303,79,167,the boy standing on the grass,
2380801,70,54,249,244,Bathroom with white walls and blue sliding glass,
2380808,16,38,333,405,man playing frisbee golf,
2380810,229,117,183,169,man riding a back on a street,
2380816,1,190,322,306,food in red bowl,
2380819,131,181,52,25,brown spot on a giraffe,
2380823,15,0,289,303,Two elephants standing near eachother,
2380832,139,173,171,246,a white horse,
2380835,83,157,72,135,yellow hanging traffic signal,
2380838,0,11,495,361,food in bowls on a plate,
2380839,25,96,472,170,Surfers are in the water.,
2380840,21,16,370,315,The man is old.,
2380841,115,99,316,157,Suitcase on a sidewalk,
2380842,161,360,187,13,red and grey speckled surfboard,
2380844,131,164,216,126,Two donuts on a paper bag,
2380853,2,7,492,324,a bicycle,
2380855,60,97,142,111,the umbrella is red,
2380856,9,181,85,77,the cow has horns,
2380858,380,140,47,52,Man has short hair.,
2380860,24,84,195,49,gold letters on building,
2380864,35,255,144,207,the man has a phone case,
2380867,169,78,227,184,the elephant has tusk,
2380870,3,5,240,180,Walls made of wood.,
2380875,253,202,85,35,white airplane in the sky,
2380880,337,88,100,193,woman on skis on snow,
2380881,1,80,278,265,The elephant is gray.,
2380882,167,170,216,204,A woman sitting on a boat reading,
2380888,27,67,304,295,The train is on the tracks,
2380890,33,143,15,40,Woman wearing blue jeans,
2380894,138,86,14,57,paper sign taped to wall,
2380903,116,72,283,283,long necked giraffe in field,
2380904,15,71,482,257,a wall with stoves,
2380907,272,179,32,40,man in the water,
2380917,156,296,127,201,boy in red t-shirt,
2380920,250,97,137,178,cat in suitcase is black,
2380923,71,22,50,37,White wall in the house,
2380927,1,27,110,347,man in green shirt is standing,
2380932,170,206,228,194,shrimp dish on top of blue plate,
2380936,66,63,229,384,Man shows off best friend.,
2380948,20,228,136,82,Decorative round bathroom sink,
2380950,5,59,297,287,a flat bathroom sink,
2380953,179,437,5,15,part of a floor,
2380961,20,157,479,212,Round pizza on a tray,
2380966,371,240,65,87,Umpire is crouching down,
2380970,253,185,26,35,a white ski hat,
2380973,432,173,66,95,White tshirt with green logo,
2380975,197,263,67,57,man is holding straps,
2380976,274,143,63,72,elephant is a baby,
2380979,327,217,59,12,Continental brand on plane,
2380988,138,98,233,85,DiCarlo's on a green sign,
2380989,81,21,262,289,a tower on roof of building,
2381000,45,21,266,463,this is a football player,
2381006,197,32,280,172,the trees with sparse leaves,
2381008,88,96,320,142,people in the snow,
2381011,32,141,269,165,a cake,
2381023,169,466,52,26,An opera house,
2381026,138,81,146,180,kid looking backwards,
2381027,47,124,410,122,Large yellow school bus,
2381030,76,22,379,250,bikes on the street,
2381042,52,49,384,280,The train is red.,
2381046,327,145,22,22,a white number 2,
2381049,186,198,97,70,woman sipping the soup,
2381054,116,257,22,27,a man in the valley,
2381057,216,75,77,78,person on the grass,
2381061,141,28,193,180,toilet in the bathroom,
2381064,81,75,280,242,Zebra behind zebra,
2381068,188,0,143,455,very tall trees in the forest,
2381071,47,8,175,74,red leaves on the ground,
2381073,137,205,276,123,the man in blue jeans,
2381082,317,10,57,48,light fixture in ceiling,
2381084,265,288,109,69,Silver railing on boat.,
2381087,291,40,207,285,Completely involved reading book.,
2381097,352,109,128,222,Girl with pink Jacket,
2381103,399,341,6,4,edge of a table,
2381108,95,112,200,238,man skiing downhill,
2381111,50,123,448,232,the plate is white,
2381119,16,367,84,98,The grass is green and patchy,
2381120,18,69,438,235,Nine pirates on a field,
2381140,205,154,104,96,clock suspended from ceiling,
2381141,77,198,221,97,a fire truck,
2381142,288,179,38,58,Bananas hanging on rack,
2381153,28,98,384,215,backs of walking people,
2381154,9,177,489,160,empty train tracks on right,
2381156,218,107,70,92,long-haired surfer in the ocean,
2381167,0,7,499,483,large iron green clock,
2381173,266,147,24,42,part of a cheek,
2381177,120,189,67,53,Door is closed.,
2381185,372,257,42,70,American flag on a flag pole,
2381186,137,95,15,15,circle shaped red sign,
