image_id,X,Y,Width,Height,English_text,French_text
2395066,87,234,32,58,a skier in silhouette,
2395072,23,125,111,39,a row of 4 traffic lights,
2395076,20,78,375,239,the lights are bright,
2395078,42,40,296,180,Green street sign E Green Lake Dr N,
2395079,124,61,163,355,a woman snowboarding on a snowboard,
2395081,104,355,24,9,dark black sunglasses,
2395084,77,426,40,17,small loose leaf on ground,
2395099,207,160,82,107,Chair with white jacket hanging on it,
2395101,168,351,104,135,Light brown tiled floor,
2395105,40,70,241,347,the bird is iridescent,
2395111,35,86,407,240,a pizza,
2395116,22,197,470,285,the table is wooden,
2395117,66,20,289,279,a white and black spotted dalmation.,
2395119,165,60,102,65,a woman turning her head,
2395121,72,60,412,194,the plane is white and green,
2395123,91,253,161,194,the toilet is clean,
2395128,29,48,451,280,two teddy bears,
2395131,123,170,60,105,a section of an elephant trunk.,
2395133,45,200,37,38,a woman in a bikini,
2395134,123,55,299,273,a woman bent over,
2395145,396,92,42,95,Person wearing red jersey.,
2395146,28,109,115,193,the glass is half empty,
2395151,280,153,34,18,red sandal on person,
2395152,119,199,27,52,a man walking on a platform,
2395157,244,110,125,180,a baseball player swinging a bat.,
2395161,327,74,150,133,white flatscreen computer monitor,
2395167,185,195,15,17,edge of a rock,
2395172,7,182,116,181,Kneeling man photographing another man,
2395173,78,158,217,274,small orange and white cat,
2395174,276,40,222,292,a black cat facing left,
2395175,4,239,492,135,grey and white stones,
2395176,367,220,97,101,hairy wet dog,
2395178,137,74,341,201,Three roads signs.,
2395180,283,255,56,67,the man satanding is holding remote controls,
2395183,275,193,99,119,an oven with two knobs,
2395187,115,33,242,207,a small window,
2395192,68,6,176,196,a man holding a game controller,
2395193,10,164,485,277,cat sleeping on the counter,
2395195,353,270,88,86,metal round trash can,
2395196,418,298,30,12,Small pile of cat food,
2395199,273,357,23,141,A stop sign on the corner.,
2395201,125,293,28,12,Food on white plate,
2395207,271,220,80,73,little black dog on the ground,
2395218,138,179,97,154,A bird perched on a rail,
2395219,175,90,141,155,Boat in the lake,
2395229,226,45,75,63,Child has long dark eyelashes.,
2395234,329,150,51,121,man wearing orange sweater,
2395253,283,57,117,260,a large clock on the facade of a building,
2395255,225,160,32,27,letter m on boat,
2395260,246,115,113,45,red framed eye glasses,
2395263,169,135,152,182,stop sign with graffiti,
2395281,129,69,283,197,Cinamon roll on white plate,
2395288,138,191,54,64,Aqua colored ski jacket,
2395293,159,164,91,88,roman numeral hanging clock,
2395296,173,146,150,167,Brown horse on a sidewalk,
2395298,138,74,254,108,A train is visible.,
2395300,94,240,85,25,headlights to a train,
2395301,355,52,140,245,chips on a white plate,
2395302,125,17,294,286,Brown bear sitting on ground,
2395304,19,16,282,313,the dome is yellow,
2395310,171,217,263,65,White bed,
2395313,366,160,81,95,yellow face of train,
2395316,183,88,132,112,silver laptop on desk,
2395318,70,6,210,335,white blue and green toothbrush,
2395319,98,256,272,97,Zebras eating grass,
2395320,279,85,82,146,red and white ball sitting on glove,
2395321,55,83,281,248,two men playing games,
2395322,166,231,117,100,a woman sits on a chair,
2395324,103,193,166,189,RETICULATED GIRAFFE STANDING TALL,
2395333,18,42,435,143,a train on a bridge,
2395337,47,42,236,220,teddy bear in chair,
2395340,20,10,443,295,bears in and near stream,
2395345,0,3,371,477,a box holding fruit,
2395349,106,201,123,76,Table in a living room,
2395350,47,184,326,315,a cart loaded with green bananas,
2395352,308,208,157,119,wood and metal bench,
2395354,79,12,47,143,tall green pointy roof,
2395355,102,127,129,279,a beef hot dog is on a bun,
2395357,0,0,348,218,Six zebras are in the picture.,
2395358,213,5,169,276,a happy man working at a fruit market,
2395364,246,34,49,22,sun glasses on a skier,
2395368,7,67,236,306,a jar of cherry jam,
2395371,32,59,422,207,four black cell phones,
2395372,129,106,17,144,a metal post,
2395373,181,80,142,147,red and white STOP sign,
2395376,5,222,76,143,a fluffy grey zombie teddy bear,
2395378,325,336,36,46,Gold doorknob on bathroom door,
2395384,132,289,78,68,a black cat walking across a floor,
2395388,385,185,80,80,jet flying in sky,
2395391,21,74,287,390,people standing among displays at convention,
2395395,175,25,262,255,dog in the water,
2395397,96,87,124,92,a computer monitor,
2395402,57,50,370,239,reflection of dog in car mirror,
2395406,413,285,12,2,front wheel of a bike,
2395408,40,103,435,252,yellow food truck,
2395414,1,49,498,297,sheep running on the grass,
2395419,46,29,452,138,airplane on the tarmac,
2395421,40,17,429,345,traffic jam in a city,
2395425,18,174,237,306,stylish vintage white motorcycle,
2395430,274,204,22,27,beak of a sandpiper,
2395431,58,323,77,134,White shirt on a man,
2395453,270,123,62,99,the black and silver handle of a suitcase,
2395455,160,95,335,221,three zebras drinking water,
2395462,61,87,312,245,a group of four giraffes,
2395472,179,57,122,127,square flat screen computer monitor,
2395474,130,84,140,231,man is carrying suitcase,
2395477,30,27,451,317,The photo is black and white.,
2395480,352,77,72,74,white metal ice machine,
2395481,123,65,129,247,a man stretching his arm above head,
2395483,12,126,124,102,a tasty food item,
2395484,122,106,365,185,huge hill of hay,
2395485,41,119,31,64,man smiling wearing glasses,
2395488,154,163,292,159,the motorcycle is black,
2395489,85,56,40,51,blue and white sign,
2395492,162,5,130,140,Two coca cola cans,
2395493,83,117,410,216,unmade blankets on a bed,
2395495,13,18,319,480,brown stuffed teddy bear,
2395496,216,83,32,14,blue visor on the player's head,
2395505,15,248,336,185,set of cows in field,
2395511,241,225,88,147,Brown wood chair near table.,
2395514,93,48,276,203,a multicolored umbrella,
2395515,195,57,49,83,window on a wall,
2395519,386,192,79,103,a giraffe with its head turned,
2395521,69,4,427,355,two white paper plates,
2395522,145,227,65,96,the blue plastic necklace of the woman,
2395523,52,151,431,230,a large aqua blue and red airplane,
2395525,236,59,70,42,Man wearing blue helmet.,
2395526,78,57,386,272,A white laptop computer,
2395532,184,76,123,207,man hunched over,
2395537,258,115,72,96,An airplane sitting on the terminal.,
2395540,288,110,205,127,A lot of oranges.,
2395547,104,113,26,116,a shampoo bottle on the table,
2395554,108,168,267,246,A group of sheep.,
2395556,121,12,237,334,large amount of flowers on a bike,
2395560,194,213,29,100,elephant trunk curled at end,
2395567,42,15,425,267,the people are playing baseball,
2395568,44,112,418,185,The plane is parked,
2395571,195,186,136,40,piece of steak on plate,
2395576,274,179,132,89,front of a train,
2395582,142,135,98,260,person standing out in snow,
2395589,223,95,71,80,number 91 on the bus,
2395596,345,288,95,72,cell phone in hands,
2395602,238,337,72,68,Nintendo wii controller,
2395609,315,210,15,13,the head of a man,
2395612,13,11,484,313,two women have finished surfing,
2395613,0,61,220,245,Grey wing of plane,
2395622,305,55,187,281,man playing tennis,
2395623,186,95,94,82,Man in black shirt,
2395626,67,50,350,280,Man about to serve a tennis ball,
2395628,138,93,151,140,the man is skiing,
2395629,3,2,95,316,bare deciduous trees in winter,
2395631,190,13,309,242,The zebra is eating,
2395632,268,39,62,53,people standing by the water,
2395643,147,75,200,204,the man is surfing,
2395645,208,159,43,25,the man has a spoon,
2395646,287,8,165,132,black rain boots,
2395649,127,97,118,90,a small silver laptop computer,
2395652,7,0,487,38,the crowd of people,
2395656,230,137,57,71,The orange cone sits next to the plane.,
2395660,150,65,255,266,Mother elephant carrying foliage to eat,
2395661,291,154,110,69,the horse is eating,
2395663,99,83,310,67,White banner with black lettering,
2395678,85,189,87,65,thin black plane propeller,
2395691,208,164,121,97,a yellow and white bus,
2395695,40,151,203,149,black and white tennis racket,
2395696,53,137,135,95,Sign annoucing promotion of refrigerator.,
2395703,18,33,456,268,motorcycle on inside display,
2395706,61,126,86,54,white letters that spell tennis,
2395709,122,55,376,350,Cat sleeping on the comforter,
2395710,2,139,363,343,meat sandwich on a table,
2395711,118,50,294,243,Two birds sitting on a tree branch.,
2395715,194,95,20,97,a man standing in the train,
2395717,165,126,179,113,A bus driving down the road,
2395719,79,127,200,102,citizen volunteer on back of shirt,
2395725,132,15,306,165,Green safari style hat on top of the body.,
2395727,234,21,59,17,neon store sign on door,
2395729,203,315,291,57,clean water on the stones,
2395745,10,10,81,65,An orange Frisbee in the air,
2395751,216,272,197,60,ground covered in sand,
2395752,113,260,33,32,Wooden floor in the bathroom,
2395755,267,129,145,128,Large square green sign.,
2395762,113,121,105,100,grape tomatos,
2395776,9,22,63,130,MAN WITH UMBRELLA IN RAIN,
2395787,447,62,51,143,knife on the table.,
2395802,273,357,19,28,a red light above a road,
2395813,55,43,386,65,a store front sign.,
2395815,178,285,45,48,a man wearing a orange safety vest,
2395824,81,192,31,43,a circular globe of light lining the walkway,
2395826,117,9,120,104,Woman eating a slice of pizza.,
2395827,251,208,236,151,Grey and red truck,
2395833,110,27,277,375,a skinny brown bear,
2395834,44,74,417,186,white truck on the street,
2395835,79,210,69,96,orange cone near tire,
2395837,271,191,61,91,woman is walking with a kid,
2395840,2,2,494,142,the water is blue.,
2395846,71,105,237,115,A woman wearing a striped shirt,
2395850,121,51,180,236,man riding a brown horse,
2395855,19,116,479,77,a crowd of people at the beach,
2395862,421,243,55,50,yellow frisbee rolling on side,
2395864,31,94,27,182,streetlight with round globe,
2395882,73,102,50,25,A frisbee is in mid air.,
2395883,65,255,86,60,a small laptop computer,
2395884,7,197,484,128,Nice clear blue water,
2395888,186,85,106,286,a tall yellow fire hydrant,
2395892,51,26,268,311,Man skateboarding at night.,
2395902,339,221,82,45,headlight on small black car,
2395904,18,61,455,244,a lot of parked bicycles,
2395905,179,64,92,261,Brown horse pulling carriage,
2395906,325,26,172,142,The tree has leaves on it.,
2395911,2,208,486,165,a cement patio on the beach,
2395913,115,92,165,46,a plate with a knife on it,
2395917,15,18,369,480,a black dog with curly hair,
2395918,3,3,495,420,A black and white photograph,
2395921,177,90,35,35,part of a ground,
2395924,316,214,24,50,This is a jar of jelly that is on the counter,
2395927,17,54,322,257,three players at bat,
2395937,86,140,228,140,man surfing some waves,
2395940,317,250,90,75,path covered in snow,
2395947,0,79,379,256,a very tall snow covered mountain.,
2395951,122,6,376,65,black computer key board behind sandwich,
2395953,144,224,285,124,the pizza is cooked.,
2395956,49,243,170,249,vase made of ceramics,
2395957,22,60,185,104,He is wearing a red hat.,
2395958,62,174,188,80,man holding a black bat,
2395962,197,24,90,46,a white visor,
2395964,214,423,83,71,The pole the street signs are mounted on.,
2395966,34,0,80,52,orange vehicle in background,
2395971,340,125,97,56,pile of green beans,
2395979,137,18,42,27,part of the sky,
2395981,75,127,22,32,the door of an airplane,
2395984,2,46,444,286,white plate with yellow and gold edges,
2395991,279,125,137,151,Front of yellow bus,
2395993,186,160,30,43,part of the sky,
2395998,14,81,473,212,man inside a small plane,
2396005,283,232,26,41,part of a wheel,
2396010,7,120,491,118,a blue and white train,
2396013,314,204,23,53,a person next to a horse,
2396016,8,137,477,168,A truck is parked.,
2396026,309,122,19,80,the tail of an elephant,
2396031,5,3,363,470,Picture of a workshop.,
2396032,22,172,209,125,a white leather love seat is in the room,
2396039,164,222,192,224,Large yellow sign with black letters,
2396040,202,136,242,208,net behind home plate,
2396042,214,220,44,42,a blue knit hat,
2396048,33,72,250,300,a young boy playing games,
2396050,201,161,32,20,black leather catcher's mitt,
2396058,157,0,212,152,reflection on the glass.,
2396062,186,319,62,41,sand on the ground.,
2396070,162,134,59,133,Skateboard in the air,
2396071,258,56,38,88,black traffic signal light,
2396072,1,30,490,242,Four sheep are in the picture.,
2396077,352,206,25,25,Second kite from the right.,
2396080,47,141,66,57,White and grey house in landscape background,
2396084,151,237,347,93,a grey gravelly shore,
2396099,81,263,44,68,the white dirty tusk of a gentle elephant,
2396103,213,97,220,193,A cave opening.,
2396108,146,137,322,159,this is a train,
2396113,252,38,132,92,man is surfing,
2396116,13,4,360,49,The sky is clear.,
2396119,144,12,347,361,a bedroom,
2396121,27,104,105,142,woman looking off screen,
2396122,2,21,137,214,this is a man,
2396123,122,107,192,196,a man surfing,
2396129,80,293,26,21,An alarm clock,
2396131,311,190,82,133,a hand holding a tennis racket,
2396132,24,55,474,236,A large group of asian women riding bikes,
2396140,393,211,32,34,Rolls of metal on a train car,
2396144,398,262,29,55,Woman riding bicycle on road,
2396151,73,40,259,320,Two full bottles of milk,
2396156,405,142,47,107,green loading door on building,
2396157,12,74,200,148,Green liquid in mug,
2396159,64,31,110,80,the head of a brown bear.,
2396161,288,111,112,62,train traveling on rails,
2396163,34,169,153,114,brown tabby cat on a window sill,
2396165,145,41,307,220,guy with brown hair,
2396166,41,10,426,351,tan tabletop with electronic devices,
2396167,26,47,161,237,blue handle of scissors,
2396170,296,122,57,97,long neck of giraffe,
2396173,189,133,117,202,Th head of the zebra,
2396184,1,0,494,84,step by step photo on how to make pizza,
2396185,4,17,361,443,A baseball game,
2396189,166,29,154,151,a skateboarder soarding through the air,
2396194,20,6,247,193,asian meal on a plate,
2396200,295,184,20,30,two yellow doors,
2396202,43,53,297,195,a horse playing in the water.,
2396213,2,1,495,56,Clear and blue sky,
2396214,271,168,121,109,a wooden coffee table.,
2396215,29,123,273,348,giraffe sitting on ground,
2396222,16,7,338,481,tan two-door refrigerator,
2396223,225,140,147,115,man surfing in the ocean,
2396226,73,127,39,61,this is a podium,
2396233,182,418,41,50,part of a floor,
2396234,6,212,224,149,a taupe army jeep,
2396238,22,109,392,136,plane taking off,
2396239,16,196,428,51,A group of several people attempting to surf,
2396240,171,56,252,117,Three lights hanging from ceiling.,
2396255,12,190,30,43,panda is on sign,
2396257,11,25,106,145,a couple embracing.,
2396261,0,128,83,371,a man walking beside an elephant,
2396263,271,81,165,177,Tiny red and green apple.,
2396267,93,5,351,318,two motorcycles are parked in a parking lot,
2396270,46,17,160,216,this is a tennis player,
2396273,88,144,98,63,orange neon eyeglasses on sign,
2396278,78,91,328,219,a traffic signal.,
2396281,226,0,272,259,Large brick buildings with windows.,
2396285,233,200,50,25,a brown crunchy noodle,
2396287,51,54,336,177,brown bear outdoors somewhere,
2396289,120,62,227,270,a man squatting down,
2396297,5,100,39,51,White number 4 in blue sign.,
2396301,85,185,110,16,White wave on the water,
2396306,267,164,71,40,The trashcan is white.,
2396312,297,148,55,50,window of the truck,
2396315,120,145,163,228,this is a horse,
2396319,156,112,54,16,In flight passenger airplane,
2396320,124,2,180,41,the man's black hat,
2396321,179,196,38,71,Blue circular sticker on post.,
2396322,150,215,239,63,large RON LEE letters on wall,
2396324,41,212,254,223,broccoli starting to grow,
2396333,333,229,80,99,The person is wearing a baseball mitt.,
2396336,56,78,142,195,bird on a blue thing,
2396340,96,35,57,80,traffic light above the road,
2396341,93,29,268,329,a woman drinks a shot,
