image_id,X,Y,Width,Height,English_text,French_text
2355445,258,84,41,122,the man is on a horse,
2355448,19,48,439,323,the zebra in the tall grass,
2355449,213,232,277,99,The table is made of wood.,
2355452,128,19,360,398,two men cutting a red ribbon,
2355466,144,129,52,119,strapless bathing suit is floral,
2355469,178,49,203,194,the person is on a surfboard,
2355471,55,159,250,142,Two motorcycles parked in a lot,
2355474,191,90,75,79,Baseball bat held by player,
2355475,177,28,280,297,Zebra walking in the grass,
2355477,143,183,127,117,The onion is purple.,
2355481,238,119,18,13,THE WORD bus IN BLUE,
2355483,106,57,181,23,Beautiful blue ocean water.,
2355484,202,131,256,57,a big white plane,
2355487,37,93,455,265,a bus on the road,
2355489,91,268,27,32,Back left horses hoof on the closest left horse.,
2355490,164,141,26,20,Silver bowl on shelf,
2355492,45,75,298,161,The picture is blurry.,
2355494,51,43,367,315,train's roof is gray,
2355496,91,105,398,121,a passenger train going across a bridge,
2355497,171,379,125,53,Bottom of giraffe's legs are white.,
2355499,22,83,117,94,Bronze statue of horse's head,
2355500,12,175,178,156,light gray colored baby elephant,
2355508,0,190,283,133,a train station platform,
2355512,258,60,135,138,cat under the car,
2355519,300,50,175,140,a yellow frisbee with a logo,
2355520,205,178,25,23,button on the phone,
2355521,55,53,442,310,table laden with decorated cakes,
2355523,101,93,317,222,a clock hangin from ceiling,
2355525,243,18,238,135,A colorful kite on the beach.,
2355528,299,21,112,140,tan luggage with brown trim,
2355531,318,115,152,47,bright green grass on field,
2355532,146,330,22,9,a white base,
2355534,303,188,57,53,Man wearing black shorts,
2355540,196,54,52,76,a man wearing a blue hat,
2355544,12,1,483,295,a professional baseball player,
2355548,281,218,52,50,Caution triangle on the back.,
2355562,186,173,65,27,the bun is brown in color,
2355570,114,186,111,90,they are in the water,
2355572,286,254,35,50,front tire of the tractor,
2355573,151,60,190,190,the plane is flying,
2355576,7,116,32,52,person with red top,
2355577,252,126,58,125,THE BEAR IS IN THE FRONT YARD,
2355578,290,92,35,76,a silver faucet on a bathroom sink,
2355579,480,133,18,28,bright yellow snow jacket,
2355585,86,13,111,77,TV on the ceiling.,
2355590,42,298,295,129,The wall is brick.,
2355594,400,7,37,287,metal lamp post on sidewalk,
2355596,220,85,82,55,an over the range microwave,
2355598,174,231,54,16,grass on the pitch.,
2355603,236,266,75,77,yellow skirt worn by elephant trainer,
2355605,8,86,431,247,woman sits on a bench,
2355606,42,40,457,224,a bear laying down,
2355614,179,18,285,440,tennis player wearing gold and green,
2355616,416,55,80,85,the ball is blue and white,
2355620,179,45,217,77,two bowls of dipping sauce,
2355621,193,185,72,102,Red bus in middle of road,
2355622,120,157,377,165,red wood bench with green support,
2355624,16,174,183,299,a banana is on the table,
2355629,30,23,466,341,three zebras in the wild,
2355636,141,134,220,90,A white bus on the street.,
2355639,26,49,472,282,Family of giraffes on the grass,
2355649,68,175,119,102,TV sitting on a shelf,
2355659,47,43,367,243,a man snowboarding outside,
2355662,384,63,80,95,This cat's eyes are extremely closed,
2355663,294,333,55,40,a white coffee mug,
2355664,50,20,447,344,people on a snow hill,
2355665,306,303,19,10,brick on the wall,
2355673,245,176,133,78,part of a black car,
2355677,111,187,109,107,a dark brown hores,
2355684,319,105,18,32,Bird flying in the sky,
2355688,48,80,274,272,Hot dog with lots of toppings,
2355690,262,106,191,179,A laptop is being used,
2355699,124,213,123,281,a STOP sign on a pole,
2355703,21,2,462,359,food is on the plate,
2355704,161,61,143,431,man has bare feet,
2355705,12,12,392,380,a pizza on a table,
2355708,161,94,191,136,The man is on a surfboard.,
2355716,228,69,40,30,A flat screen television.,
2355722,421,123,77,207,woman touching elephant,
2355723,163,212,31,52,two men on a motorcycle,
2355733,150,220,27,23,it is the headlight of the bus,
2355737,21,28,428,244,small tray of food,
2355749,0,0,499,332,A plane pulling a banner in the sky,
2355750,214,401,65,39,base ball cleats kicking dirt in the air,
2355752,87,69,265,225,This is a street,
2355766,142,238,194,204,a boy walking with a surfboard,
2355770,251,131,5,10,The number seven on the train,
2355785,61,58,302,331,a woman sitting at the table,
2355786,50,98,187,120,a ship on the water,
2355787,248,125,80,73,night stand to the right of a bed,
2355789,63,70,263,222,white bus in the front,
2355794,228,190,102,87,A kite flying in the sky,
2355796,242,19,53,35,the man is wearing a hat,
2355797,74,233,129,248,CELL PHONE LEANING AGAINST DRINKING GLASS,
2355802,265,122,49,28,a black camera,
2355803,376,38,60,42,child holding a white wifi remote,
2355804,55,219,283,194,round green metal bench,
2355812,16,289,475,70,a dry terrain,
2355813,14,105,123,223,Refrigerator left sidewalk safety hazard.,
2355814,0,0,374,499,the interior of a living room,
2355819,9,119,70,66,people going out for the night,
2355821,123,86,152,102,a woman wearing glasses,
2355824,266,72,137,181,four boards attached to wall,
2355828,10,18,229,122,a blue and yellow umbrella,
2355829,361,91,31,50,child sitting on sofa,
2355833,17,99,174,274,the bag is black,
2355841,100,141,43,36,toilet paper roll on toilet paper holder,
2355842,125,77,67,65,an orange with a sticker on it,
2355846,120,148,140,102,Man skiing on the slope.,
2355848,18,0,118,124,Flowers in a vase,
2355849,79,216,370,177,three people playing frisbee on a flat grassy area,
2355863,93,39,323,297,Two skiers in the woods,
2355872,66,33,432,287,peopl standing at microphone,
2355879,48,3,134,324,Green bottle with clear liquid,
2355880,11,97,255,220,some people on the scene,
2355883,13,252,246,202,a bowl of greens,
2355889,155,134,74,72,This is a clock,
2355891,127,223,178,233,a tennis player,
2355896,5,46,491,322,Animals in a pasture.,
2355897,4,187,248,68,wooden spoon in stew,
2355898,315,5,62,82,black wrought iron chandelier hanging from ceiling,
2355903,323,68,15,22,the red letter t,
2355905,39,59,352,272,the motorbike is blue,
2355910,198,81,215,77,Man wearing black framed glasses.,
2355911,195,123,247,248,woman holding a tennis racket,
2355913,78,25,400,398,The dog is on top of the motorcycle,
2355914,20,102,473,152,a plane fllying to canada,
2355916,413,166,62,31,bus windshield is tinted,
2355931,178,81,288,215,White polar bear in the front.,
2355933,207,154,113,45,white words on a blue train,
2355935,54,74,396,257,GROUP OF TEENAGERS IN GRASSY FIELD,
2355944,6,120,410,250,The dog is a golden color,
2355946,191,186,132,94,a slice of tomato,
2355949,232,12,245,350,man has cat on lap,
2355952,0,49,104,229,man wearing a pale yellow striped shirt,
2355957,232,230,20,24,Blue and white public phone sign,
2355962,13,136,311,175,A busy city intersection under a tram system,
2355967,248,71,57,29,kite is red,
2355968,167,6,319,367,a man eating a bread,
2355969,113,416,43,49,white nike tennis shoes,
2355971,1,238,347,123,the counter is yellow,
2355973,308,211,61,45,the person is holding a frisbee,
2355974,64,40,435,289,woman laying on pillow,
2355976,144,47,345,182,A bird is next to a zebra,
2355977,75,50,167,373,a male and female tennis player,
2355978,88,429,71,49,the tiny hand of a newborn baby,
2355980,273,22,88,308,Guy playing a video game,
2355983,5,0,91,246,Evergreen trees on mountain trail,
2355990,0,102,195,151,living room windows covered with white blinds,
2355991,143,194,110,88,motorcycle has yellow plate,
2355998,3,0,121,67,books stacked on a bookshelf,
2356006,196,137,130,140,a goose walking in the green grass,
2356008,162,380,36,85,the cup is blue,
2356009,73,133,399,209,orange motorcycle with rider,
2356012,4,6,492,325,A well-lit modern home kitchen with wooden-look cabinets.,
2356013,307,52,145,228,an ATM at the sidewalk,
2356015,108,6,266,263,Dog behind mirror.,
2356016,374,78,122,68,water in the air,
2356020,77,114,58,33,short green and yellow grass,
2356023,190,128,151,104,the cat is sleeping,
2356025,294,105,67,158,a young child in swim trunks,
2356027,12,116,480,208,Shoes are on a shoe rack,
2356034,175,30,270,126,It is dark out,
2356037,369,59,112,149,Mirror on compartment wall,
2356038,130,173,160,197,A young boy skateboarding,
2356067,0,0,499,125,a large patch of gray sky,
2356068,78,65,333,309,Three people in a kitchen,
2356070,138,97,324,236,This is a bathroom,
2356075,126,122,262,168,a train rolling down the tracks,
2356079,436,107,40,88,streetlight on a post,
2356084,171,91,177,190,big white umbrella,
2356088,90,71,261,243,a red double level bus,
2356091,21,258,140,93,pink frosting,
2356093,74,12,297,379,woman playing tennis,
2356094,96,8,233,149,little pigeons on nest,
2356098,87,85,131,114,The sticker is colorful.,
2356099,7,0,45,221,a window in a room,
2356102,206,39,27,14,Nose of polar bear,
2356104,353,335,75,33,bars across the train tracks,
2356106,3,5,483,302,The people are at a ballgame,
2356107,136,43,51,194,Man holding a tennis racket,
2356116,127,200,90,103,The dog is running,
2356118,301,86,51,52,The woman's hair is brown.,
2356130,171,175,95,160,walk signal on cross walk sign,
2356140,166,58,52,42,a man with a black hard hat,
2356160,196,200,33,40,bird flying,
2356161,313,72,91,72,the head of a horse,
2356164,211,38,144,169,a man with black hair,
2356165,2,38,490,218,A building featuring a variety of stores.,
2356177,439,268,59,61,chair in the room,
2356179,363,196,23,45,silver and white bolt,
2356180,18,26,272,283,a hotdog where a person has taken a bite out of,
2356181,137,82,360,182,The people are sitting on a bench,
2356184,32,70,335,428,girl is asian,
2356195,422,144,54,97,Decorative lamp on table,
2356201,135,336,60,132,the pants are orange,
2356205,37,7,370,155,kites in the sky,
2356206,232,83,130,178,A man is jumping with his skateboard,
2356210,30,86,132,346,mini tree in a light brown holder,
2356211,71,51,45,57,W on the net,
2356218,5,2,434,354,Person cutting food with scissors and tongs,
2356223,261,3,237,367,The train is blue and silver,
2356225,367,66,68,221,A man in an army uniform,
2356231,48,243,37,92,serviceman standing in a line,
2356244,2,2,492,367,A person in the kitchen.,
2356249,3,0,495,370,A room with a mattress.,
2356250,28,73,103,95,The monitor is on.,
2356258,376,181,37,89,the bottle is green,
2356261,22,32,476,276,the boy is holding a cell phone,
2356262,81,45,324,290,luggage and small black bag,
2356269,67,31,239,407,a sculpture of traffic lights,
2356275,43,43,394,291,a nice celebration cake,
2356276,136,227,186,201,Cat wearing a white hat,
2356279,26,151,230,301,woman with a kite,
2356284,61,59,296,126,This is a boat,
2356288,407,229,51,58,long green and yellow grass,
2356292,102,205,98,103,oranges are ripe,
2356295,278,127,102,84,the book is on the suitcase,
2356300,130,285,316,151,a small sub sandwich,
2356301,122,13,146,95,black microwave,
2356305,197,0,181,257,A boy has blonde hair,
2356310,88,221,77,72,red slippers on tile,
2356312,160,59,250,110,orange cat in bag,
2356313,453,268,29,30,the shirt is red,
2356319,68,97,77,67,A green and grey jacket,
2356321,258,97,52,50,Lamp over a bed.,
2356327,132,397,71,48,woman wearing black sandals,
2356328,244,55,204,276,the man on the tennis court,
2356337,92,30,262,193,the people are riding horses,
