image_id,X,Y,Width,Height,English_text,French_text
2379543,166,80,53,52,a red tomato slice,
2379544,350,293,45,55,the snow is white,
2379546,185,32,269,192,the big brown bear,
2379549,208,63,122,152,young boy on surfboard,
2379555,45,146,214,349,Little girl playing in the park,
2379559,320,158,22,34,Cat has pink nose.,
2379563,401,226,65,66,A cup.,
2379567,40,126,100,68,Tent with a window,
2379570,0,1,499,373,more than a dozen sheep looking reasonably content,
2379579,53,52,272,183,The tank of the toilet,
2379580,22,80,447,257,cows are all grazing,
2379581,181,98,222,247,a baby,
2379582,192,435,72,48,white shoe on tennis player,
2379587,210,7,216,259,the group of baseball players,
2379589,142,275,91,101,this is a pot,
2379591,49,121,37,40,an ear of a cat,
2379592,1,125,80,102,the man's left hand,
2379594,378,277,33,56,this is a person,
2379595,36,187,214,289,the doughnuts are visible,
2379596,66,168,396,201,wooden entertainment center,
2379600,219,237,117,128,the case is pink,
2379607,211,220,87,147,the water,
2379615,80,63,260,266,a sign,
2379621,109,217,116,231,top of parking meter is painted yellow,
2379632,245,31,31,100,An arched bathroom window,
2379633,39,75,415,210,sprinkled pastry in hand,
2379636,68,132,340,104,boats passing each other on river,
2379640,253,144,137,175,the couch is blue,
2379644,108,82,296,257,THE PORK IS CUT UP,
2379647,37,42,322,260,an animal walking on the grass,
2379655,80,43,155,135,the sky is clear and visible,
2379660,239,409,14,10,the white letter m,
2379661,308,106,155,162,woman is holding wine glass,
2379665,363,215,81,38,four water cans on the shelf,
2379666,218,303,220,21,the road,
2379667,131,111,188,113,A bicycle leaning against a tree.,
2379669,274,133,126,130,Woman on a surfboard.,
2379673,185,1,146,186,this is a child,
2379675,98,92,291,112,this is a yellow plane,
2379676,15,23,470,345,the silver and blue motorcycle,
2379677,163,315,91,169,the toilet is white,
2379680,151,135,135,104,the horses are visible,
2379681,27,192,145,163,the cloud is dark,
2379683,225,117,103,116,man wearing camo pants,
2379687,193,443,154,49,The grass is green.,
2379690,45,48,400,258,a teal old fashionedd car,
2379695,279,171,123,217,the giraffe has ears,
2379705,276,64,149,232,a giraffe,
2379706,0,6,381,323,a green and white train car,
2379714,9,67,488,306,the boats on the water,
2379722,197,448,119,48,white toilet in bathroom,
2379727,88,343,73,50,a white object in rest room,
2379732,188,82,27,32,the head of a man,
2379741,139,254,68,100,Toilet in the corner of the room,
2379743,71,38,195,158,A white board.,
2379750,125,266,93,218,a flower vase,
2379752,136,146,115,126,a cow,
2379758,102,85,183,122,a young man in air,
2379760,155,164,250,127,the plate is white and blue,
2379763,6,0,65,57,black traffic light on pole,
2379764,230,126,42,66,small table lamp,
2379766,318,296,25,16,part of a beach,
2379769,154,20,59,153,Yellow kite is flying,
2379774,174,57,175,253,a dog,
2379782,454,31,31,44,the head of a woman,
2379784,326,62,89,72,an open air vent,
2379786,22,11,439,265,a dog playing with a horse,
2379788,6,26,488,212,herd of cows,
2379789,127,59,26,36,the fruit is yellow in color,
2379792,132,94,362,206,Three elephants in a forest,
2379795,73,181,25,28,a yellow bus is parked in the snow.,
2379797,232,181,132,74,steps to a plane,
2379798,140,82,36,29,Woman is smiling,
2379800,70,92,296,200,Cow grazing grass in a pasture,
2379801,111,99,269,181,the cat,
2379803,106,67,192,283,a vase,
2379807,136,354,37,144,the toilet bowl,
2379809,179,17,199,200,a parked silver minivan,
2379810,15,0,55,160,this is a person,
2379814,129,283,247,90,a brushed aluminum sink basin,
2379819,66,75,414,187,plane is white and blue,
2379826,155,14,221,355,bird perched on chair,
2379827,275,213,67,62,woman is holding gourmet cupcake,
2379829,23,315,79,47,dirty skateboard tracks,
2379831,26,17,89,92,a man wearing a hat.,
2379833,157,99,168,122,A person is surfing in an ocean,
2379836,206,353,74,83,A white street clock,
2379838,220,214,28,28,minute hand on the clock,
2379841,151,78,50,74,light on the wall,
2379845,166,120,26,48,window on side of train,
2379848,138,391,170,100,the plate is white,
2379853,261,70,82,50,the windshield of the train,
2379854,288,235,188,246,Baby getting his teeth brushed,
2379856,295,84,114,112,a cap of the person,
2379857,16,140,241,102,Plane on the water.,
2379858,82,110,177,130,colorful umbrella in crowd,
2379863,120,82,95,90,brown rusty fire hydrant behind plant,
2379877,283,93,75,114,ornate style street lights,
2379879,289,169,115,96,people crossing the street,
2379884,153,36,185,192,chopped green leafy vegetables,
2379888,176,107,142,66,man with short hair,
2379890,180,17,121,83,blue sky above land,
2379895,223,197,112,153,a blue bicycle on street,
2379896,45,52,134,97,The head of the bird,
2379900,123,114,40,170,giraffe standing in door,
2379906,49,77,137,361,the boy is playing with a frisbee,
2379914,99,7,257,469,A tie with many patterns,
2379917,267,173,67,37,Horse grazing,
2379921,105,10,205,63,The sign says \Ubuntu\,
2379922,123,54,130,77,baseball player with safety helmet,
2379924,248,2,108,92,THE BOY HAS SHORT HAIR,
2379926,275,73,129,300,Fork on the pan.,
2379931,90,17,292,280,the streetlights are visible,
2379932,188,225,217,147,a doughnut on a white paper wrapper,
2379935,153,405,93,57,the hand of a woman,
2379939,111,4,283,62,name on the board,
2379940,177,145,54,59,the white face of a clock,
2379951,182,126,99,166,black snowboard in air,
2379952,210,45,170,222,Woman is wearing a purple coat,
2379958,241,143,255,139,an airplane in the sky,
2379963,163,65,52,46,a square analog clock face,
2379972,154,222,117,59,the bathroom sink,
2379978,23,85,53,87,two rolls of white toilet paper,
2379981,98,104,62,31,the elephant tusk,
2379985,56,283,104,74,the snow is white and clear,
2379987,72,148,344,55,long train travelling on train tracks,
2379995,262,70,40,47,the head of a man,
2379996,229,47,94,57,patch of blue sky,
2380002,49,9,444,292,the person is waterboarding,
2380008,154,211,33,24,string of a kite,
2380018,207,96,113,381,a man on roller blades,
2380020,15,28,432,292,Vegetables in the tray.,
2380023,242,61,63,81,A white sign with a red arrrow.,
2380026,187,71,167,160,The bird is eating an apple slice.,
2380028,156,55,86,59,seagull flying above the boats,
2380029,340,0,153,100,colorful tablecloth and silverware,
2380035,57,19,147,146,Smiling child,
2380036,337,145,160,222,green and brown bushes,
2380045,96,93,138,264,A young child skiing,
2380052,218,48,91,157,bottles on the table,
2380054,417,0,47,85,light shining on desk,
2380059,3,17,200,155,small bowl of Golden Grahams,
2380060,246,135,132,167,front part of the bus,
2380064,222,193,107,117,Person sitting on floor using laptop.,
2380068,211,59,65,66,the tusks of an elephant,
2380073,116,260,35,78,clear empty wine glass,
2380077,63,32,199,370,man wearing suit and tie,
2380086,137,193,116,113,pink and white umbrella,
2380090,214,268,142,223,this is a pedestal sink,
2380091,35,202,414,171,cows in a field,
2380093,9,12,478,274,open blue suitcase,
2380096,271,57,137,213,an elephant,
2380097,201,304,95,144,clock on tower showing time,
2380098,56,48,343,207,an airplane on a pedestal,
2380106,196,77,125,216,the elephant is fat,
2380109,120,195,120,62,boob candy on display,
2380117,331,145,67,130,Girl is riding bike.,
2380118,96,9,276,309,woman talking on the phone,
2380120,253,318,35,61,a white tennis shoe on a man,
2380128,196,146,218,172,a blue and white surfboard in the water,
2380129,198,95,114,95,the spine of a book,
2380133,261,416,66,35,the grass,
2380136,97,247,217,82,Pile of fruit in a box,
2380138,122,260,45,68,baseball umpire dressed in black,
2380143,1,0,498,498,a brown wooden table,
2380145,331,194,97,167,a bike is parked,
2380146,121,416,50,66,a wooden stool,
2380150,45,302,159,26,calm blue water in the bay,
2380152,151,102,348,357,a blue suitcase open,
2380158,41,22,392,320,Food on the table.,
2380163,1,2,331,293,The sky is blue.,
2380170,283,89,216,229,a surfboard on the beach,
2380172,19,90,176,393,a teenage girl sitting on a golden toilet,
2380175,84,91,398,227,a man water skiing,
2380187,122,0,139,135,the crown of a piece of broccoli,
2380191,279,92,96,260,a man,
2380197,123,83,127,85,piece of log on the ground,
2380218,177,137,57,15,green frisbee disc in flight,
2380222,204,71,272,222,Green bananas in a bunch,
2380227,216,96,73,85,black and white dog,
2380232,46,115,27,80,A cutout of a sailor,
2380235,239,321,69,37,Sign for San Diego Convention Center,
2380238,293,174,66,61,a child on a surfboard,
2380240,75,74,246,247,tall and old building,
2380248,20,89,202,200,young man doing skateboard trick,
2380265,169,62,69,50,a pair of black sunglasses on the business man's face,
2380266,449,71,35,66,woman's shirt is red,
2380268,52,32,408,291,a big elephant,
2380269,0,60,498,272,the wave is crashing,
2380272,4,15,475,272,three Toshiba laptop computers,
2380273,49,214,165,88,the number 2 on a truck,
2380277,361,87,17,18,the head of a man,
2380289,311,152,97,156,two small British flags,
2380290,247,359,70,83,cup of tea,
2380292,131,111,88,108,man wears black suit,
2380294,203,137,36,41,dog on a leash,
2380299,0,80,152,282,a girl who is texting,
2380303,60,111,40,100,tower sticking out above the trees,
2380315,42,28,381,345,books on the shelf,
2380317,58,72,57,38,Green grapes.,
2380326,35,236,79,142,silver flip phone with blue display,
2380327,47,191,315,182,glazed donut,
2380330,79,105,207,174,a banana,
2380331,0,183,496,125,The fence is wood.,
2380332,46,165,450,183,people playing frisbee game,
2380335,179,208,276,75,the sign is yellow,
2380340,6,3,485,422,horned owl in a pine tree,
2380344,82,237,19,36,the flower is red,
2380345,45,122,263,172,train tracks are black,
2380347,117,84,45,59,blue parasailing sail,
2380349,255,0,243,150,the head of a man,
2380352,40,185,14,24,person walking on the beach,
2380353,200,93,13,16,a tennis ball,
2380355,83,55,155,246,the child holding a ball,
2380357,13,99,147,117,The car is white.,
2380361,237,72,32,23,a plastic piece on the shower head,
2380382,211,139,83,82,the man in the water,
2380383,331,192,64,147,man on a bicycle,
2380388,175,27,200,178,beautiful little boy with short brown hair,
2380408,1,2,488,327,A man is on an elephant.,
2380412,359,160,90,175,a cross country skier,
2380414,99,38,392,281,Baby elephant.,
2380424,205,172,86,65,a blue motorcycle in street,
2380428,146,180,185,87,old fashioned car on road,
2380429,116,16,141,160,the head of a boy,
2380435,16,246,110,65,a yellow flower on the stem,
2380449,199,120,32,35,window on side of train car,
2380457,280,78,148,160,yellow front of train,
2380458,47,76,165,340,man holding bear and sign,
2380463,97,125,355,249,the computers on the table,
2380465,91,91,284,402,fire hydrant on a sidewalk,
2380467,146,121,138,149,Building in the background.,
2380468,116,72,172,257,kite flying in sky,
2380474,104,81,359,224,hot dog on white paper,
2380478,157,454,75,44,black metal post under parking meter,
2380481,141,153,176,142,baseball players,
2380493,128,95,82,47,tan cap,
2380498,17,384,93,114,The vase is short.,
2380500,190,29,152,94,a stainless steel fork,
2380505,78,15,207,482,black and white fire hydrant,
2380507,179,5,164,368,dark haired little girl,
2380508,254,121,58,69,grains of white rice,
2380512,105,63,202,44,Lights on the truck.,
2380522,157,50,151,325,The woman is standing.,
2380525,58,163,96,103,man holding a tennis racket,
2380526,68,161,167,147,oversized black metal wheels,
2380530,20,62,440,171,two monitors above desk,
2380534,275,329,223,45,silver-plated teaspoon,
2380536,241,144,61,66,THE SIGN IS RED AND WHITE,
2380537,3,152,171,189,woman sits on bus,
2380538,241,336,166,149,black beans on plate,
2380539,91,163,205,124,a black and white sheep,
2380542,278,59,70,90,zebra's right ear,
2380545,9,0,488,327,Photo taken in a bathroom,
2380559,72,17,385,313,two men sitting on bench,
2380560,420,167,28,29,a red maple leaf on a plane,
2380564,18,16,283,424,a man holding two donuts,
2380565,80,68,292,220,the zebras are visible,
2380569,250,7,122,91,neon hanging lights,
2380576,174,13,236,63,The open blue sky,
2380577,212,107,285,148,golden brown hash browns,
2380590,1,77,497,254,the grass is tall,
2380593,231,175,45,85,grass in a bird's beak,
2380599,137,268,80,105,Man is holding a knife.,
2380602,5,24,355,393,a served breakfast,
2380615,96,91,300,207,two signs on metal pole,
2380618,73,196,155,200,black and white animal,
2380619,6,7,487,358,A tennis court scene,
2380633,236,136,15,15,the head of a man,
2380646,46,13,436,337,black cat asleep on papers,
2380647,264,161,65,45,skateboard in the air,
2380653,284,106,15,124,red flag in grass,
2380657,70,154,211,331,Livelihood depends bicycle transportation.,
2380662,94,104,129,40,The eyes are brown.,
2380669,137,29,220,460,a grey parking meter,
2380675,119,136,20,16,a white airplane in flight,
2380682,95,165,340,165,Many skiers and snowboarders are together.,
2380684,229,222,24,38,blue pants on a skier,
2380686,41,65,73,45,side mirror of the bike,
2380692,160,60,160,261,man walking with an elephant on the street,
2380699,251,151,85,77,the faucet is stainless steel,
2380704,83,196,121,73,a baby calf,
2380705,74,176,184,140,boat's line is coming in to shore,
2380710,217,37,246,227,Sign is diamond shape,
2380714,78,11,220,177,the cake is red,
2380717,219,211,116,142,The apple on the table,
