image_id,X,Y,Width,Height,English_text,French_text
2347774,12,7,311,472,convention with people visiting,
2347777,2,181,67,96,ripples on the water,
2347779,79,113,168,161,black engine,
2347780,46,113,370,91,silver and yellow passenger rain,
2347782,8,38,488,330,a person laying on a bed,
2347785,39,39,420,299,the scene is in an airport,
2347786,67,246,317,223,the pile of hot dogs on the grill,
2347788,13,10,471,307,Photo taken during the day,
2347789,75,4,389,322,a hummingbird in flight below a flower,
2347790,15,42,452,261,A boat is in the water,
2347791,163,88,224,170,a man sitting on a red bench,
2347797,172,332,30,44,black and white cat,
2347799,208,161,23,22,tongue sticking out of mouth,
2347803,187,235,34,107,orange cone with two white stripes,
2347806,261,165,230,115,red mirror on the side of the car,
2347808,177,154,56,81,a big white A on the sign,
2347810,115,32,25,65,spectator in the stand,
2347811,290,43,101,118,A baseball player in a white and blue uniform,
2347813,225,135,102,115,a white puppy,
2347815,174,174,51,61,person is wearing a plaid shirt,
2347816,24,6,62,55,The gate sign shows this is an airport,
2347818,95,56,131,136,statue,
2347819,3,13,368,481,woman using hair dryer,
2347822,91,99,192,320,Man sitting on wooden bench,
2347825,130,373,73,44,Big red sneaker on the skate board.,
2347829,55,125,54,52,Big yellow wing on a plane.,
2347833,137,3,262,226,A black laptop computer.,
2347836,157,184,340,212,truck parked on the side of the road,
2347840,60,116,148,124,the base of the toilet,
2347843,82,4,170,477,green circuit board of Wii controler,
2347846,10,277,172,90,silver spatula,
2347857,310,50,34,33,a black baseball glove,
2347865,47,127,400,239,two slices of pizza are on plates,
2347873,95,165,47,38,Big piece of pizza on top of a plate.,
2347874,74,34,176,350,A man running on the beach,
2347878,358,112,75,55,green grass on ground,
2347880,87,95,355,208,two giraffes face each other,
2347882,3,20,470,271,people standing near street corner,
2347887,53,153,357,216,cat inside a sink,
2347888,143,264,64,26,boat in calm water,
2347889,276,157,179,136,brown and white spotted bull,
2347897,185,148,20,44,wooden board of picnic table,
2347902,305,15,190,212,part of a large tree,
2347904,200,152,16,17,number on a clock,
2347915,291,187,112,75,car on a street,
2347916,177,238,40,27,Red pillow on the couch.,
2347917,148,152,25,17,Ditigal lettering stating 216,
2347920,127,191,58,141,Wooden fence post in field,
2347928,249,199,34,52,Bunch of watermelons in a crate.,
2347929,67,3,424,318,Flock of birds on asphalt pavement,
2347930,216,118,38,36,brown brick on wall,
2347935,331,37,51,96,large building in distance,
2347941,247,49,100,41,Big white building behind the fence.,
2347942,194,31,29,23,silver kitchen cabinet knob,
2347948,161,97,23,34,patch of dusty green cactus,
2347952,13,15,469,322,a statue sit on a bench,
2347957,266,40,104,231,a woman standing in a store.,
2347959,214,30,52,64,red hat on a child's head,
2347962,132,2,108,86,Man wearing blue knit cap,
2347963,46,57,68,24,grey colored brick in wall,
2347966,79,69,53,82,This is a window pane,
2347971,92,417,153,17,wood slat under railroad tracks,
2347972,250,251,16,27,key on the laptop,
2347973,360,140,27,55,red octagon traffic sign,
2347976,252,217,37,26,gold button on lapel,
2347978,171,57,129,176,a lady is on a cell phone,
2347979,437,147,62,75,blue car parked on a street,
2347983,286,248,28,28,Man wearing black hat,
2347987,23,14,286,469,woman on surfboard,
2347993,233,120,135,120,black bag on the desk,
2348001,17,14,28,28,white clouds in blue sky,
2348004,306,135,12,10,a green tennis ball,
2348007,245,129,22,69,flowers in girls mouth,
2348008,90,72,385,295,a bus on the road,
2348010,118,120,97,58,surfer on white board,
2348014,29,98,215,179,a white and grey chair,
2348016,182,70,16,18,the 12 on a clock,
2348019,133,228,146,181,big grey indian elephant,
2348022,104,456,218,39,dead log on the grass,
2348023,26,66,75,72,bright light in park,
2348024,149,157,31,30,window on a building,
2348025,36,26,300,451,three pizzas in pants ready for baking,
2348028,286,113,27,25,woman wearing a winter hat,
2348034,14,11,483,312,youth playing soccer match,
2348040,164,109,135,100,blue and white shute,
2348044,49,51,394,293,A slice of orange.,
2348049,87,31,186,264,bike rider on bike,
2348050,22,238,152,135,A paper plate with blue flowers,
2348053,6,38,321,408,A man playing soccer,
2348057,218,119,118,62,the head of a man,
2348061,122,100,97,153,Older man sitting on a bench,
2348072,221,148,98,103,horses pulling a carriage,
2348075,241,110,137,93,train front glass with wipers,
2348082,8,17,46,29,cement steps on the grass hill,
2348083,31,20,57,45,white clouds in blue sky,
2348085,9,73,480,295,cows in the meadow,
2348089,45,33,257,409,this is a parrot,
2348090,157,86,94,96,the head of a man,
2348093,52,152,97,157,person walking on the street,
2348101,220,85,104,107,vines growing on wall fence,
2348106,178,40,280,262,blue plate with food,
2348108,135,312,37,37,green street sign,
2348110,139,153,65,129,two reticulated giraffes,
2348111,368,123,40,61,Red wing on the back of the plane.,
2348117,11,160,152,159,Umpire crouched behind the catcher,
2348121,30,18,45,71,picture hanging on wall,
2348127,126,110,113,192,a sign shaped like a hand,
2348129,134,64,90,212,a bottle of milk,
2348133,161,258,37,51,the man walking on the sidewalk,
2348134,299,22,46,141,The women in the back wearing green,
2348146,181,151,48,48,part of a window,
2348150,149,74,52,51,Person wearing hat on head.,
2348156,79,35,222,329,airplane,
2348162,108,94,176,342,a white window frame,
2348163,214,61,110,140,old wood and board slats chair,
2348168,292,234,18,50,person walking in white snow,
2348170,296,114,66,86,man wearing a white shirt,
2348171,49,33,421,273,Two men shaking hands.,
2348172,354,224,99,84,chair with pillow in room,
2348174,336,108,119,140,a purple flower in a vase.,
2348177,87,101,40,35,Piece of paper by a pair of scissors.,
2348179,315,214,46,124,A phone is hanging on the wall.,
2348182,134,19,119,159,man holding white surfboard,
2348188,73,68,157,235,face of the elephant,
2348189,196,120,40,43,part of a splash,
2348191,338,224,25,17,two rolls of toilet tissue,
2348195,116,85,109,147,man riding in the sidecar on the motorcycle,
2348197,0,116,330,380,man standing in back of truck on brick and gray paved surfaces,
2348202,71,31,165,293,a woman playing tennis,
2348205,11,212,35,55,brown goat grazing in field,
2348215,243,182,148,97,the head of a sleeping man,
2348217,360,185,32,12,CHARTER on a bus,
2348218,389,174,109,137,blue carpet on the floor,
2348220,204,86,142,118,man on blue snowboard,
2348229,334,15,93,119,painting on the wall,
2348230,88,153,30,28,Big blue hat on top of man's head.,
2348231,127,113,287,30,a sign with information,
2348233,61,203,420,169,plane flying in the sky,
2348236,68,150,113,85,Small wicker basket holding items,
2348239,78,160,105,32,Lights on front of train.,
2348251,160,105,59,60,the head of a cow,
2348253,135,354,48,69,Small brown dog walking on sand,
2348254,49,72,214,271,a massively large clock in a weedy lot,
2348257,66,243,150,86,Orange frisbee in the sand,
2348260,323,172,117,162,A cup with a picture on it.,
2348267,405,101,40,75,Red and white bucket on top of stand.,
2348269,139,174,73,65,hand of a woman,
2348270,111,31,121,297,A man is at a market.,
2348271,127,10,216,297,a pensive woman,
2348274,171,169,116,99,White laptop used by two person,
2348276,112,90,173,369,Man holding a bat.,
2348277,103,182,56,19,print on a rearview mirror,
2348279,41,150,122,303,very bent street sign pole,
2348281,229,221,135,116,metal radiator is white,
2348291,3,160,64,86,A toddler in a baby carriage.,
2348292,294,269,50,61,This giraffe has hooves that are functional,
2348294,12,186,481,105,black train in back of dark tracks,
2348296,324,4,175,73,stairs in the background,
2348299,189,215,18,56,a black cat clock,
2348304,153,69,132,89,basket of flowers on display,
2348305,378,193,50,82,The snowboard on the man's feet,
2348311,100,151,44,40,brown bear,
2348317,102,33,315,299,woman holding a cat,
2348319,197,208,38,45,Purple towel on side of boat.,
2348321,260,233,21,37,The yellow soda can,
2348333,199,40,34,37,white clouds in blue sky,
2348337,0,9,495,319,two brown and white giraffes,
2348339,407,302,35,25,Blue square on top of grass.,
2348341,73,100,202,204,black cow in field,
2348342,190,179,127,97,a dog catching a white frisbee,
2348344,233,15,188,113,large colorful kite,
2348345,390,32,91,112,A woman with long black hair.,
2348348,258,340,62,22,fully cooked french fry,
2348353,49,230,361,228,broccoli is on the plate,
2348355,191,130,109,145,Batter swinging a bat,
2348358,187,234,59,51,person holding pink umbrella,
2348359,40,59,146,80,a sandwich on a wrapper.,
2348368,75,62,260,203,a furry brown bear,
2348370,146,100,130,119,man falling off the surfboard,
2348379,171,161,130,74,Orange and black motorcycle on a road.,
2348382,141,194,84,27,lady holding purple umbrella,
2348384,229,140,140,155,train engine pulling train cars,
2348398,189,50,103,111,Light brown and white horse,
2348401,94,40,359,354,an unusual picture of a horse,
2348402,17,75,159,289,Zebra drinking water,
2348413,408,119,61,103,Small plant in a clear vase,
2348415,222,255,211,101,Two hands holding a wii controller,
2348416,208,127,70,40,The steering wheel of the buggy,
2348418,172,142,102,67,Boat on the water,
2348420,51,51,69,223,Man wearing blue shorts,
2348421,199,239,48,60,Fire hydrant in the snow,
2348423,205,125,193,120,cat snoozing on a laptop computer,
2348437,13,97,53,136,round mirror on wall covered with midnight blue tile,
2348438,373,212,26,46,drink box on the table,
2348439,20,31,455,325,red and white boat with round and tubular floats,
2348442,132,178,75,123,that is a chair,
2348447,103,140,90,59,horns on the giraffe,
2348449,19,179,21,27,The tennis ball on the left,
2348450,283,452,13,12,Piece of grass on the ground.,
2348452,139,166,357,323,a mirror off the side of a car,
2348458,87,31,174,155,a microscope on the table,
2348463,188,51,133,167,red phone button covering,
2348465,146,21,36,19,this is the sky,
2348468,133,87,305,212,a teddy bear wearing sunglasses,
2348474,64,20,423,304,a plate of food,
2348476,196,266,22,39,A fountain squirting water.,
2348481,129,60,73,47,the head of a man,
2348483,289,72,17,28,one black and white right zebra ear,
2348489,32,138,262,94,the cows are eating,
2348496,233,13,103,81,the head of a man,
2348498,24,29,463,294,zebras in the prarie,
