image_id,X,Y,Width,Height,English_text,French_text
2358002,35,34,435,293,two men playing a video game,
2358008,83,71,377,269,a rail way cars,
2358012,169,210,40,102,person skateboarding down the street,
2358014,274,214,46,86,speaker with green light on,
2358017,85,233,180,62,Green toilet tank atop lid.,
2358025,23,73,122,206,A zebra and a fence.,
2358026,80,70,33,41,Bird in the sky.,
2358029,390,183,91,68,A white frisbee flying through the air,
2358030,385,108,15,15,part of a hill,
2358040,79,23,100,56,A blue and red tennis racket,
2358044,364,93,134,205,A wall being prepared to paint,
2358048,43,63,256,192,Computer monitor screen in use,
2358050,78,5,307,361,Two giraffes walking along.,
2358051,38,254,102,77,A car on the road.,
2358057,1,2,498,355,hot dogs on tray,
2358058,65,16,374,312,the man is surfing,
2358068,315,22,29,10,these are giraffe horns,
2358073,23,13,25,42,white clouds in blue sky,
2358076,198,1,82,162,a woman sitting in a lawn chair,
2358077,94,243,310,72,a sign,
2358087,139,125,250,348,a child on a skateboard,
2358088,120,145,230,200,the bench is empty,
2358095,8,43,143,52,people behind the bikes,
2358098,283,2,180,368,flowers in a glass jar,
2358100,348,203,147,55,gold Toyota Prius car,
2358107,189,138,104,123,older woman wearing glasses,
2358109,132,128,133,56,The red logo on the shirt says Braves,
2358111,368,78,123,251,Boy playing baseball.,
2358112,218,10,68,111,a jockey wearing a red vest,
2358114,325,28,37,90,the tall tower out the window,
2358116,340,46,117,70,sunlight coming through a large window,
2358117,36,8,405,260,A large black double decker bus,
2358121,161,64,161,133,large gray building,
2358122,389,279,28,27,heart emblem on faceplate,
2358124,108,243,87,46,A boat in the water.,
2358126,17,30,469,213,ducks in green water,
2358127,78,10,315,292,a white and black sail boat,
2358129,225,260,48,39,license plate on the bus,
2358132,43,130,275,346,A man flying a kite at the ocean,
2358136,219,66,184,134,The rice is white.,
2358138,61,112,401,162,Group of sheep laying in grass,
2358140,260,76,177,176,sea coral underwater,
2358141,49,96,337,269,family of giraffes,
2358142,68,73,176,426,a woman on top of a traffic light,
2358146,340,92,65,162,French fries on plate,
2358147,210,46,99,188,Part of traffic light,
2358154,235,122,76,175,man in orange shirt and black plaid shorts,
2358161,371,20,41,46,Man wearing black hat,
2358162,205,38,22,40,Flag with red and white design,
2358171,39,173,48,90,a giraffe by a tree,
2358173,3,0,495,498,food over a white dish,
2358174,93,45,182,204,red stop sign on green post,
2358176,328,263,27,17,part of a court,
2358177,196,40,136,77,The sign is green and white,
2358182,20,77,230,101,row of umbrella closest to the water,
2358183,126,72,78,202,baeball batter,
2358199,196,35,274,186,large blue glider in the sky,
2358200,95,109,59,78,Man surfing the wave,
2358201,26,69,456,224,mama and baby sheep in the grass,
2358208,97,27,88,203,Man in white and black uniform,
2358210,243,160,60,21,A dark boat on the water.,
2358219,450,107,49,35,Girl has blonde hair.,
2358228,30,14,263,237,young man para sailing in ocean,
2358233,229,35,193,278,blonde girl sitting on a bed,
2358234,35,68,62,70,picture on the wall,
2358235,5,30,63,81,a candle in a jar,
2358238,161,148,110,103,surfer,
2358240,321,96,25,15,the bus number is 968,
2358241,76,206,94,65,blue kettle on th stove,
2358244,13,280,96,52,a shadow on the ground,
2358254,43,17,273,426,an older woman cooking,
2358256,0,10,481,292,A man holding a bird,
2358257,31,130,16,18,red letter on building.,
2358258,3,2,302,387,man holding bowl of noodles,
2358260,353,1,130,185,very tall palm trees,
2358269,465,181,30,44,Blue bubbles mouse pad on the desk.,
2358274,216,154,72,67,green sign on right side of road,
2358277,131,185,365,162,dining area outside restaurant,
2358289,140,32,57,66,man is wearing a gray plaid hat,
2358290,0,64,78,108,Green trash can,
2358300,3,5,490,364,A young man sitting in a white plastic chair with his laptop computer looks for something on the ground,
2358301,165,338,161,28,rail the train is traveling on,
2358311,106,83,225,175,a donut of multiple colors,
2358313,188,44,140,202,Man riding a skateboard in a parking lot,
2358315,1,168,168,103,A bowl of french fries,
2358319,178,123,113,148,This man is using a laptop computer here,
2358322,134,10,96,119,Woman wearing a white visor,
2358326,231,414,141,83,wall of room is yellow,
2358327,305,188,71,109,There are bright yellow bananas in this photo,
2358336,103,73,95,52,lights attached to a bathroom mirror,
2358348,99,84,131,88,surf board carried by surfer,
2358349,43,23,239,286,the mannequin is wearing hat,
2358350,21,1,219,319,face of a dog,
2358352,5,48,176,242,woman pouring wine into glass,
2358362,41,11,335,85,yellow gray and white airplane,
2358367,75,2,174,55,A person hand is on top of blender.,
2358372,186,61,100,116,girl has blonde hair,
2358375,199,113,178,100,a brown cow with a black face,
2358378,203,147,55,74,the number is 18,
2358384,281,252,25,24,blue flowers on plate,
2358385,256,15,45,48,white clouds in blue sky,
2358391,64,80,432,202,two cats laying on a wooden bench,
2358395,285,85,27,27,the number 8 in red,
2358401,164,252,60,49,The front wheel is black.,
2358403,187,184,224,62,blue cargo train,
2358404,36,255,93,42,small rocks on the ground,
2358407,15,27,475,220,The horses are running a race,
2358412,40,137,111,150,horse grazing in the foreground,
2358417,262,182,58,137,the girl is skateboarding,
2358420,5,99,487,273,a plate of food,
2358423,356,99,20,26,A feild goal on the ground,
2358426,24,43,173,330,large and orange hydrant,
2358431,197,9,112,53,The frisbee is white.,
2358433,13,84,452,192,Many boats out on the water,
2358434,109,139,150,232,black dog with a short tail on a tiled floor,
2358436,39,234,129,138,two people standing on the beach,
2358441,65,3,88,77,electric kettle on countertop,
2358444,284,189,70,83,The bird is standing in the sand,
2358445,211,55,95,185,a black parking metor,
2358451,10,5,472,354,multiple kites in sky,
2358454,213,242,12,11,piece of chopped white onion,
2358470,167,210,99,112,green pepper on the cutting board,
2358472,164,89,166,153,silver dime in middle of circle,
2358473,247,314,28,77,A blue and red tie,
2358474,169,79,145,159,girl is on snowboard,
2358476,67,87,220,235,two slices of tomato,
2358477,5,13,442,337,Two pieces of pizza on a paper plate,
2358484,41,17,437,357,white plate on wood table,
2358490,404,266,30,27,tires on a plane,
2358492,263,239,108,134,one white toilet with lid closed,
2358519,15,78,460,166,two boats on a beach,
2358520,153,1,170,115,Two glasses on table.,
2358522,282,58,145,185,skateboarder in the air,
2358526,239,147,54,42,Blue and white baseball helmet,
2358529,135,95,88,123,little girl on skies,
2358531,112,248,271,109,an old rusty truck by the train,
2358532,46,18,424,308,Pizza is in tray.,
2358548,90,143,162,298,male skier dressed in black outfit,
2358553,213,40,246,257,a jockey racing a horse,
2358557,131,200,167,188,Two doughnuts on a white plate,
2358575,0,44,280,453,girl is holding a baseball bat,
2358582,39,38,217,227,Black and white cat,
2358593,7,91,264,210,This is a bird,
2358594,89,225,60,32,computer on table,
2358598,315,0,154,164,row of florescent ceiling lights,
2358603,92,109,25,17,one round Q typewriter key,
2358605,43,349,38,18,Bottle inside of garbage can.,
2358607,244,63,37,25,thick round glasses,
2358608,8,131,178,356,folding beach chair,
2358611,30,49,438,325,a cheesy dish for dinner,
2358626,175,83,68,43,Red baseball cap with logo,
2358627,182,123,133,160,young man playing tennis,
2358629,250,171,138,106,sheepskin on the saddle,
2358634,0,112,322,360,vegetables on side road,
2358635,55,169,130,212,child wearing a pink coat,
2358639,0,1,499,223,The sky is blue.,
2358646,385,42,99,100,Stainless steel telephone on wooden desk,
2358649,50,36,425,251,a motorcyle in the area,
2358655,162,150,192,217,the catcher,
2358657,340,88,104,243,white surf board in front of store,
2358658,36,66,450,188,numerous sheep in a field,
2358666,184,147,40,24,a frisbee being played with,
2358668,205,63,82,90,skateboarder in the air,
2358671,122,82,113,170,Woman wearing a white jacket,
2358672,36,220,61,42,a black knob,
2358680,219,240,26,54,Person walking talking cell phone.,
2358690,167,254,71,42,A colorful bow tie,
2358696,105,31,97,218,a woman riding a horse,
2358697,7,12,490,310,a misty scene,
2358703,48,84,33,49,Hat on man's head.,
2358707,39,197,137,126,red double-decker bus close by,
2358711,1,194,97,112,many peeple waiting for the train,
2358712,31,124,460,252,an amazing looking sandwich,
2358716,345,72,153,156,double decker bus is red,
2358722,0,232,207,98,a green metal gate,
2358724,0,91,428,187,Train on the tracks.,
2358727,310,40,186,285,woman with dishes in front of her,
2358729,124,37,213,235,A man has blue eyes,
2358742,161,174,22,37,a red phone booth,
2358745,108,265,99,158,t-ball stand in the grass,
2358746,148,244,268,126,black leather chair,
2358750,43,19,439,291,A very white bathroom,
2358751,267,166,37,34,silver handle on toilet,
2358756,253,194,20,15,Orange frisbee in hand.,
2358765,103,52,243,92,white words on sign,
2358772,305,88,154,282,Man holding a clipboard.,
2358777,0,94,40,63,silver metal fork,
2358781,53,60,250,290,a puppy color black and brown,
2358783,209,109,80,124,the cats in the suitcase,
2358788,232,133,81,115,white ski pole touching the snow,
2358791,156,210,319,35,The ocean water is the very calm,
2358793,457,228,16,7,part of the grass,
2358799,233,183,112,85,animal in the water,
2358803,50,101,99,126,person riding a surfboard,
2358805,229,47,220,323,Man getting hair cut.,
2358811,105,44,227,270,Woman riding a bike.,
2358823,161,0,250,332,The boy biting a cell phone.,
2358826,46,22,287,444,mother and baby giraffe,
2358831,473,253,10,10,part of the beach,
2358835,159,95,257,135,White polar bear with black nose.,
2358847,301,57,37,137,Traffic light hanging from wire.,
2358848,32,8,271,91,A sign is hanging from the ceiling,
2358849,211,167,31,17,white print on a train,
2358851,273,183,170,71,White dog in the guitar case.,
2358852,121,27,142,153,oranges on the ground,
2358859,152,216,33,83,A girl in a yellow visor and blue and yellow outfit.,
2358863,260,158,25,27,black and silver smart phone,
2358870,20,10,458,350,men gathered outside their tour bus,
2358872,340,74,44,80,Lamp on the table.,
2358873,120,115,358,107,Blue and white passenger train,
2358875,50,72,430,251,a train on a bridg,
2358879,249,383,124,115,top of a tree,
2358881,124,150,206,328,the skateboard is upside down,
2358882,50,21,377,311,jockey on a horse's back,
2358888,48,48,412,305,giraffe out near tree,
2358891,442,7,57,44,Smooth textured table top,
2358896,133,0,363,329,A woman blowing out candles,
2358898,171,153,71,237,Brick oven in the back.,
2358900,44,113,125,110,one plaster cow snout,
2358901,112,38,84,49,bat in the person's hand,
2358910,117,326,85,92,small flag on top of a cake,
2358911,397,125,22,20,part of a wall,
2358913,41,101,315,205,A pile of apple skin,
2358916,105,138,367,150,Train moving on train tracks,
2358917,95,67,290,180,a small bowl full of food,
2358922,85,20,316,273,lap top on a desk,
2358924,9,8,479,249,cereal and a banana,
2358927,118,39,220,138,woma is wearing a bright big yellow brimmed hat,
2358939,104,15,150,120,head of the man,
2358940,88,0,116,292,a white toilet in front a trunk,
2358941,108,165,14,18,Large white P.,
2358944,138,118,82,48,A boat on the water,
2358959,175,103,61,57,frisbee is round and orange,
2358962,441,285,17,22,part of a wheel,
2358964,40,12,126,110,cloud in the sky,
