image_id,X,Y,Width,Height,English_text,French_text
2405285,287,70,85,125,The clear blue sky.,
2405296,226,21,37,26,edge of a glass,
2405311,290,7,125,64,black and white flying seagulls,
2405319,314,169,183,135,car is metal and silver,
2405328,157,57,142,315,a woman looking at a cell phone,
2405332,232,22,55,52,part of the sky,
2405334,20,45,450,265,man in military uniform speaking,
2405337,62,11,85,181,meter with hour glass figure,
2405338,159,140,23,45,Tall brown telephone pole,
2405347,274,79,87,100,shadow of a tennis racket,
2405348,47,32,83,73,section of blue sky,
2405358,156,91,205,133,giraffe with one visible eye,
2405366,15,230,72,119,woman wearing yellow safety vest,
2405369,0,0,468,338,The dog is sleeping.,
2405371,229,176,40,29,part of the ground,
2405372,24,332,197,39,Part of a pamphlet or magazine on table,
2405385,85,123,47,124,man in a white shirt wearing a yellow tie,
2405392,203,174,85,79,yellow circles on the side of the train car,
2405395,0,171,141,46,brown spot on grass,
2405398,47,5,435,296,Two trains are on two tracks,
2405407,90,183,120,43,Sir John Betjeman is on the front of the train.,
2405409,215,175,110,70,this is a ship,
2405410,268,74,150,121,The bowl of orange soup,
2405412,139,225,53,26,yellow street sign with black arrow,
2405419,69,169,89,104,white and tan dog facing down,
2405422,357,175,77,79,this is a wii player,
2405426,66,87,121,78,the words are green,
2405432,167,200,154,261,dog jumping in the air,
2405433,185,447,45,51,this is a carpet,
2405438,61,47,176,170,A CAT ON THE DESK TOP,
2405446,373,312,45,38,part of the floor,
2405454,25,60,42,47,this is a picture,
2405455,411,72,70,34,this is a knife,
2405465,189,83,78,59,part of the sky,
2405471,172,74,70,77,Person is in the air.,
2405472,107,123,320,140,dish is black and iron,
2405478,351,133,138,153,brown horse roaming the field,
2405485,113,0,324,105,three skateboarders on a ramp,
2405488,121,258,206,222,ground is red and stone,
2405496,11,44,57,43,Bird in the sky.,
2405498,149,95,60,163,door is black and open,
2405499,238,77,85,77,a red snowboard with black and white lettering,
2405504,2,1,496,371,Black and white picture of cows.,
2405509,33,188,137,212,sign is black with logos,
2405512,192,222,117,109,A glass sits on a table.,
2405516,68,248,164,215,stop sign is red and white,
2405521,75,298,244,115,water is wavy and unclear,
2405526,225,114,62,85,brown bear is standing,
2405527,223,62,196,185,man is riding surfboard,
2405531,5,11,177,213,tree is lush and green,
2405532,87,236,385,205,image is a photo,
2405536,202,326,140,170,baseball field is green and brown,
2405542,348,213,110,115,a brown and black dog,
2405544,341,102,117,257,a man wearing a hat,
2405552,66,59,403,207,boat is white and blue,
2405560,400,96,42,26,yellow x in a black circle,
2405564,32,57,397,285,truck driving down road near buildings,
2405568,117,311,118,184,Large black plant pot,
2405573,24,50,462,222,packages of electronic devices,
2405575,127,338,115,119,sponge is porous and purple,
2405580,286,217,25,63,woman wearing black pants and tan sweater,
2405581,263,53,202,319,Two women linking arms,
2405583,83,71,282,322,Bikers in the road,
2405584,352,205,47,58,red plastic cup on desk,
2405585,61,142,230,100,green hanging street sign,
2405586,86,137,285,191,bicycle parked in front of frames and door,
2405592,170,1,224,329,baby touching teddy bear,
2405596,277,269,171,41,Sign that says Jesus saves.,
2405604,122,0,208,257,a skateboarder doing a trick,
2405610,312,126,48,129,Red bag on man's back,
2405613,156,35,187,215,image is in black and white,
2405617,13,247,109,151,Container of parmesan cheese,
2405625,73,346,221,107,water is green and clear,
2405629,206,175,110,131,black motorcycle covered by white tarp,
2405635,161,192,247,132,fridge is bright and white,
2405641,22,362,289,106,water is green and still,
2405643,60,82,405,210,sky is clear and blue,
2405653,122,58,295,270,Black umbrella carried by woman.,
2405654,4,47,237,173,a white building with a red roof,
2405660,257,136,58,41,part of some trees,
2405665,244,183,167,130,basket is weaved brown,
2405669,326,205,29,17,this is a red spots,
2405670,313,351,144,40,a white street line,
2405672,35,2,325,308,tennis player reaching up with racket,
2405675,174,107,157,56,worn red train car,
2405676,103,381,142,106,grass and green and stony,
2405678,204,14,265,252,a double decker bus driving down a city street,
2405681,52,355,309,130,plate is all white,
2405682,302,215,42,41,part of a window,
2405685,149,6,191,142,The sign says railroad crossing.,
2405686,341,48,151,175,sky is blue and clear,
2405687,131,227,77,109,car is red and black,
2405688,418,245,40,19,part of a rail,
2405694,150,147,243,97,bottom half of a banana,
2405702,161,128,156,239,kite flying over residential area,
2405704,151,99,87,227,man in blue and yellow,
2405705,351,188,78,63,part of a water body,
2405706,217,102,239,160,this is a sandwich,
2405715,0,384,373,114,Stone wall the cat is sitting on,
2405720,195,189,118,306,parked bike on train platform,
2405724,100,130,112,86,swan in the water,
2405728,16,325,240,91,two rowboats on shore,
2405732,87,45,351,193,sky is pink and blue,
2405733,360,27,94,52,Kite flying in the air,
2405741,167,60,190,301,A baseball player,
2405747,187,29,110,44,part of the ceiling,
2405748,299,30,51,42,part of the sky,
2405749,121,108,108,60,a surfer is in a wave,
2405754,193,285,22,14,tail of a cat,
2405762,279,45,67,198,cucumbers are on bread,
2405763,224,120,48,145,this is a man,
2405768,164,42,239,285,Man holding some food.,
2405772,190,39,274,250,person watching television in small apartment,
2405774,395,70,55,57,part of the cloudy sky,
2405775,9,10,281,119,black and white umbrella,
2405778,37,108,310,225,reclined black bear in dirt,
2405784,45,163,42,72,keep out sign on fence,
2405788,106,23,91,70,part of the dky,
2405791,418,5,65,295,the clock tower is Big Ben on the River Thames,
2405795,60,196,238,232,these are bunches of bananas,
2405797,279,272,22,49,metal parts on the wall,
2405798,245,17,88,61,part of the sky,
2405800,314,127,46,41,part of the cloud,
2405807,18,41,455,453,An old bathroom being remodeled,
2405808,157,9,153,195,this is a giraffe,
2405809,178,324,34,64,A motorcycle on a cobblestone street,
2405812,104,44,345,328,Two men on tennis court.,
2405813,390,283,25,32,number four sign on ground,
2405817,12,226,85,263,woman holding two cups of coffee,
2405822,235,248,66,77,a teddy bear is being held by the ear,
2405824,128,98,72,77,Yellow paint on train,
2405826,341,14,156,320,large light pink door,
2405830,286,210,184,103,Three surfers.,
2405840,7,10,81,55,this is the sky,
2405841,130,181,111,198,this is a man,
2405844,130,395,146,89,this is the road,
2405853,0,89,354,173,Brown dog sits on lap of man,
2405855,27,198,142,82,Orange and white cat,
2405857,71,101,365,271,Dove stand on a bench,
2405858,211,60,277,196,red and white car of teain,
2405863,318,146,151,92,a big brown bear in the yard,
2405871,98,111,263,164,yellow and white boat,
2405875,197,73,26,44,unshaded light bulb,
2405881,26,21,465,334,kites flying over a field,
2405891,38,186,250,242,Bus moving in traffic.,
2405892,261,140,137,229,a man leaning down while skiing,
2405894,320,183,120,93,the snow is white,
2405895,7,6,490,282,Ducks in the pond.,
2405900,313,54,127,154,a stop sign,
2405903,130,76,71,205,A striped towel hanging on the wall,
2405904,195,115,144,105,Elephant walking in a wild park.,
2405909,267,107,45,81,hair of a lady,
2405911,96,185,106,36,red and yellow surf board,
2405913,69,83,250,405,Young boy skateboarding,
2405916,249,268,93,50,the sign is blue,
2405917,390,55,60,140,traffic light,
2405919,325,240,79,97,part of a cloudy sky,
2405923,148,46,71,49,Black base ball hat with writing.,
2405943,226,200,85,63,the sign says stop,
2405952,0,0,397,280,Red horse in an open barn.,
2405954,139,54,84,52,clear lid of soda container,
2405956,42,171,85,85,Man sitting on the grass,
2405958,249,228,81,97,this is a cup of tea,
2405959,138,15,190,299,a young zebra,
2405971,250,204,136,115,two pickles near sandwich,
2405973,196,190,84,45,Photo of Jennifer Lawrence,
2405979,111,329,53,56,several people walking away,
2405980,172,127,79,62,White base ball plate.,
2405983,1,78,387,159,the skateboard sitting on the road,
2405984,59,74,81,214,a cool looking lava lamp,
2405996,184,40,189,170,Waffle cut fried potatoes.,
2406004,78,190,171,261,White ceramic toilet in bathroom,
2406009,172,133,325,197,vehicle on a street,
2406015,92,117,280,179,Miniature scissors on the table.,
2406018,129,269,122,230,a white toilet with signs,
2406023,383,27,100,54,kite in the sky,
2406040,283,78,70,140,this is a man,
2406041,15,21,481,297,a fruit stand,
2406043,198,127,154,155,A doughnut has red icing,
2406044,210,220,53,65,Blue clock on the building,
2406045,20,7,440,341,different vegetables close to each other,
2406047,20,10,354,412,a snowy day,
2406050,249,22,58,52,part of the sky,
2406052,258,230,190,160,cat licking the top up,
2406053,103,70,266,286,Teddy bear on a bed of rocks.,
2406054,6,78,339,367,Picture is taken during the day.,
2406055,99,311,54,83,man carrying a surfboard,
2406063,181,102,120,76,man wearing black wet suit,
2406064,347,322,71,15,wrinkles in white sheet,
2406067,19,10,447,426,woman sitting outside with computer equipment.,
2406068,179,292,93,40,Red patterned bow tie,
2406069,0,0,497,255,a bunch of trees in the background,
2406072,0,208,115,130,Half shown gray truck,
2406074,71,15,157,225,Woman preparing to hit a tennis ball,
2406080,59,174,420,141,a small herd of zebras,
2406082,38,85,405,140,group of people skate boarding down center of raod,
2406086,131,102,110,200,man on bicycle,
2406088,301,103,120,228,Asian man,
2406094,87,57,342,195,white lights from hanging globes,
2406098,15,57,255,322,Two giraffes.,
2406106,290,247,198,84,tennis court is blue,
2406109,366,166,67,75,a man on motorcycle,
2406110,0,171,135,192,Man in green shirt sitting with friends,
2406111,208,321,80,46,License plate of the truck.,
2406117,1,11,490,30,power lines above the train tracks,
2406130,283,81,215,177,Meal on a dish,
2406131,7,25,320,462,some birds on the ground.,
2406132,133,50,105,173,Word stop in white letters,
2406135,293,187,87,77,zebra has black mouth,
2406140,117,137,19,38,Red traffic light,
2406144,232,104,76,113,White dog wearing collar,
2406150,158,60,248,276,A man wearing a hat,
2406151,49,190,157,129,tennis court is green,
2406153,447,15,45,181,tan wall in living room,
2406154,45,35,345,421,A baseball pitcher in action.,
2406156,319,128,23,34,a white lawn chair,
2406161,2,2,496,326,the photo is in black and white,
2406165,318,246,157,181,purse is black and white with floral pattern,
2406173,185,58,165,73,beautiful baby boy with short hair,
2406179,248,2,229,389,Cable Car schedule board,
2406184,0,280,320,208,Apartment bathroom,
2406185,192,111,117,85,Bluebird in tree,
2406189,200,146,59,53,part of a side mirror,
2406193,178,67,127,184,baby wearing a tie,
2406195,119,318,209,84,skier cutting up snow,
2406199,2,1,497,294,the photo was taken during daytime,
2406201,77,163,14,26,A can with two contrasting colors.,
2406205,214,101,64,27,Airplane in flight,
2406207,223,177,116,70,pony is brown and black,
2406217,22,5,476,233,man walking with animals,
2406220,8,5,490,317,The picture is taken outside.,
2406226,320,236,73,58,hot dog is pink,
2406228,303,137,40,57,Green and white table lamp,
2406230,44,405,28,82,Small solar path light,
2406236,95,62,180,240,this is a bear,
2406237,78,25,255,301,A brown bear sitting,
2406245,116,154,183,113,Bench is wood,
2406246,93,77,348,240,A black bear walking,
2406247,182,91,162,32,surfboard is black and white,
2406252,210,138,142,176,toast is brown and tan,
2406260,43,28,431,316,Two long legged birds,
2406268,7,100,149,143,A blue bus stop,
2406272,33,152,245,276,vintage picture of woman standing with dog.,
2406281,52,185,105,172,Tail of elephant,
2406284,78,14,378,347,two women in a room,
2406287,8,23,351,189,A brown horse,
2406289,120,154,104,52,laptop has black keys,
2406290,6,77,368,421,a busy street,
2406293,272,55,121,197,A baseball player batting,
2406298,161,275,110,84,chocolate is covering the donut,
2406300,330,43,150,231,Magazine is fold,
2406302,50,8,395,365,A disheveled bathroom.,
2406303,1,108,16,74,Railing that is probably used by snow boarders.,
2406304,28,140,205,78,empty white plate,
2406317,245,354,35,30,watch is silver and white,
2406318,45,2,370,329,Woman looking concerned,
2406319,162,145,160,129,Two giraffes standing up,
2406322,34,130,186,238,woman's shirt is blue,
2406326,86,332,73,63,A blue clock on a building,
2406327,110,119,123,212,dog is in the air,
2406331,82,169,21,13,Bus driver is wearing sunglasses.,
2406335,30,124,217,165,the meal has rice in it,
2406336,206,221,32,37,blue pattern going down tie,
2406337,247,164,83,65,A small lamb.,
2406342,16,16,171,315,a shirtless man is standing around,
2406344,108,90,388,283,a happy elephant by a tree,
2406347,9,9,286,85,white clouds in the sky,
2406354,33,152,70,57,creases in the white sofa,
2406357,142,33,257,132,hot dog on bun,
2406358,39,155,437,125,these cattle have long horns,
2406359,10,25,482,280,bowl of some fruit.,
2406361,218,102,277,225,cow is white and flabby,
2406372,16,242,287,67,filled cracks in the pavement,
2406373,28,321,343,168,water is green and murky,
2406375,109,73,109,216,Statue standing on pedestal.,
2406377,135,126,250,108,Antique fire truck,
2406379,0,31,60,215,man standing next to young man,
2406380,186,100,224,205,monkey has brown fur,
2406381,166,167,170,145,the book is red,
2406385,256,199,97,133,table is wooden and brown,
2406387,48,17,451,285,a trail through the country,
2406388,66,338,257,28,beautiful blue calm waters,
2406390,189,94,118,90,black bear in a wooded area,
2406393,2,185,422,164,sign is green and white,
2406398,255,42,140,155,A strawberry on top of a cake.,
2406421,198,90,89,192,dog running towards the camera,
2406433,41,109,430,147,a bus,
2406435,91,35,285,344,a chicken breast,
2406436,19,12,212,317,A woman,
2406437,275,323,123,47,big pile of cow poop,
2406439,27,104,457,250,snow covered road into town,
2406440,70,27,242,136,person's hands on keyboard.,
2406441,27,1,346,91,black power lines up in the air,
2406452,22,174,150,129,a white pillow,
2406453,436,220,62,69,blue parking meter near the street,
2406454,60,0,73,411,a tall silver pole,
2406455,10,16,398,409,kitten sitting on laptop keyboard.,
2406457,30,366,210,132,tile is brown and bright,
2406459,135,91,29,48,yellow letter \S\ reading on side of bus.,
2406462,126,227,110,219,A public toilet,
2406464,130,54,112,151,Shadows on a brick wall.,
2406473,139,411,41,46,license plate says 14386,
2406474,114,6,215,386,Unopened bottle of champagne.,
2406477,16,357,163,136,the broccoli is laying in the box,
2406483,375,183,40,109,Abraham Lincoln banner,
2406489,123,71,314,230,man doing ski trick,
2406493,89,245,102,52,a slatted wooden bench,
2406494,111,101,210,179,a pizza oven in the wall,
2406497,343,250,82,65,a basket of tennis balls,
2406502,155,110,215,62,the front windows of the bus,
2406509,311,244,146,67,new street station sign is blue,
2406511,82,96,325,219,Three surfers with surfboards.,
2406512,157,88,314,150,bomber plane in sky,
2406515,275,146,48,65,man in blue jeans awaiting a red frisbee,
2406518,226,1,112,298,Tower is color brown,
2406520,91,45,379,340,the child is holding a chicken,
2406521,81,14,170,275,barbecue sauce on a sandwich,
2406524,273,180,27,29,a white star in a circle,
2406526,155,46,44,47,this is a plane,
2406529,222,262,74,76,the floor is tiled,
2406534,74,110,408,385,newly married couple cutting cake,
2406539,288,88,126,191,a woman sitting on a bench,
2406543,138,278,33,33,A white and black clock face,
2406549,297,77,152,87,verizon wireless sign,
2406552,220,32,52,62,The face of a young smiling man.,
2406553,114,378,109,65,the cloth is red,
2406556,62,13,111,320,Soccer player in yellow shirt,
2406558,96,121,95,118,the red colored jam served to eat,
2406559,163,80,190,193,this is a train,
2406565,104,41,215,291,a baby elephant standing in the forest,
2406576,153,227,102,41,boat on water is blue and white,
2406577,108,81,259,231,this is a birds,
2406581,131,0,305,290,these are zebras,
2406587,44,23,210,85,A BLACK AWNING,
2406588,48,91,381,230,part of some tasty pizza.,
2406590,8,185,484,142,some snow,
2406591,103,65,77,84,a player with a bandana,
2406592,177,109,151,47,Cock St. sign on top of pole.,
2406603,257,157,44,58,glove is black and brown,
2406605,308,54,105,174,A beige closed cabinet in the right corner,
2406606,182,87,36,65,The man is wearing a tie,
2406608,105,157,172,121,a graceful silhouette of a water foul,
2406609,23,211,162,137,A COMMUTER BUS,
2406613,207,288,137,85,Shadows cast on the grass.,
2406615,266,301,145,66,the sink is white,
2406620,121,298,92,60,Pizza on the pan,
