image_id,X,Y,Width,Height,English_text,French_text
2395947,0,79,379,256,a very tall snow covered mountain.,
2395951,122,6,376,65,black computer key board behind sandwich,
2395953,144,224,285,124,the pizza is cooked.,
2395956,49,243,170,249,vase made of ceramics,
2395957,22,60,185,104,He is wearing a red hat.,
2395958,62,174,188,80,man holding a black bat,
2395962,197,24,90,46,a white visor,
2395964,214,423,83,71,The pole the street signs are mounted on.,
2395966,34,0,80,52,orange vehicle in background,
2395971,340,125,97,56,pile of green beans,
2395979,137,18,42,27,part of the sky,
2395981,75,127,22,32,the door of an airplane,
2395984,2,46,444,286,white plate with yellow and gold edges,
2395991,279,125,137,151,Front of yellow bus,
2395993,186,160,30,43,part of the sky,
2395998,14,81,473,212,man inside a small plane,
2396005,283,232,26,41,part of a wheel,
2396010,7,120,491,118,a blue and white train,
2396013,314,204,23,53,a person next to a horse,
2396016,8,137,477,168,A truck is parked.,
2396026,309,122,19,80,the tail of an elephant,
2396031,5,3,363,470,Picture of a workshop.,
2396032,22,172,209,125,a white leather love seat is in the room,
2396039,164,222,192,224,Large yellow sign with black letters,
2396040,202,136,242,208,net behind home plate,
2396042,214,220,44,42,a blue knit hat,
2396048,33,72,250,300,a young boy playing games,
2396050,201,161,32,20,black leather catcher's mitt,
2396058,157,0,212,152,reflection on the glass.,
2396062,186,319,62,41,sand on the ground.,
2396070,162,134,59,133,Skateboard in the air,
2396071,258,56,38,88,black traffic signal light,
2396072,1,30,490,242,Four sheep are in the picture.,
2396077,352,206,25,25,Second kite from the right.,
2396080,47,141,66,57,White and grey house in landscape background,
2396084,151,237,347,93,a grey gravelly shore,
2396099,81,263,44,68,the white dirty tusk of a gentle elephant,
2396103,213,97,220,193,A cave opening.,
2396108,146,137,322,159,this is a train,
2396113,252,38,132,92,man is surfing,
2396116,13,4,360,49,The sky is clear.,
2396119,144,12,347,361,a bedroom,
2396121,27,104,105,142,woman looking off screen,
2396122,2,21,137,214,this is a man,
2396123,122,107,192,196,a man surfing,
2396129,80,293,26,21,An alarm clock,
2396131,311,190,82,133,a hand holding a tennis racket,
2396132,24,55,474,236,A large group of asian women riding bikes,
2396140,393,211,32,34,Rolls of metal on a train car,
2396144,398,262,29,55,Woman riding bicycle on road,
2396151,73,40,259,320,Two full bottles of milk,
2396156,405,142,47,107,green loading door on building,
2396157,12,74,200,148,Green liquid in mug,
2396159,64,31,110,80,the head of a brown bear.,
2396161,288,111,112,62,train traveling on rails,
2396163,34,169,153,114,brown tabby cat on a window sill,
2396165,145,41,307,220,guy with brown hair,
2396166,41,10,426,351,tan tabletop with electronic devices,
2396167,26,47,161,237,blue handle of scissors,
2396170,296,122,57,97,long neck of giraffe,
2396173,189,133,117,202,Th head of the zebra,
2396184,1,0,494,84,step by step photo on how to make pizza,
2396185,4,17,361,443,A baseball game,
2396189,166,29,154,151,a skateboarder soarding through the air,
2396194,20,6,247,193,asian meal on a plate,
2396200,295,184,20,30,two yellow doors,
2396202,43,53,297,195,a horse playing in the water.,
2396213,2,1,495,56,Clear and blue sky,
2396214,271,168,121,109,a wooden coffee table.,
2396215,29,123,273,348,giraffe sitting on ground,
2396222,16,7,338,481,tan two-door refrigerator,
2396223,225,140,147,115,man surfing in the ocean,
2396226,73,127,39,61,this is a podium,
2396233,182,418,41,50,part of a floor,
2396234,6,212,224,149,a taupe army jeep,
2396238,22,109,392,136,plane taking off,
2396239,16,196,428,51,A group of several people attempting to surf,
2396240,171,56,252,117,Three lights hanging from ceiling.,
2396255,12,190,30,43,panda is on sign,
2396257,11,25,106,145,a couple embracing.,
2396261,0,128,83,371,a man walking beside an elephant,
2396263,271,81,165,177,Tiny red and green apple.,
2396267,93,5,351,318,two motorcycles are parked in a parking lot,
2396270,46,17,160,216,this is a tennis player,
2396273,88,144,98,63,orange neon eyeglasses on sign,
2396278,78,91,328,219,a traffic signal.,
2396281,226,0,272,259,Large brick buildings with windows.,
2396285,233,200,50,25,a brown crunchy noodle,
2396287,51,54,336,177,brown bear outdoors somewhere,
2396289,120,62,227,270,a man squatting down,
2396297,5,100,39,51,White number 4 in blue sign.,
2396301,85,185,110,16,White wave on the water,
2396306,267,164,71,40,The trashcan is white.,
2396312,297,148,55,50,window of the truck,
2396315,120,145,163,228,this is a horse,
2396319,156,112,54,16,In flight passenger airplane,
2396320,124,2,180,41,the man's black hat,
2396321,179,196,38,71,Blue circular sticker on post.,
2396322,150,215,239,63,large RON LEE letters on wall,
2396324,41,212,254,223,broccoli starting to grow,
2396333,333,229,80,99,The person is wearing a baseball mitt.,
2396336,56,78,142,195,bird on a blue thing,
2396340,96,35,57,80,traffic light above the road,
2396341,93,29,268,329,a woman drinks a shot,
2396350,60,62,202,210,a dog hanging it's head out of a window.,
2396353,378,85,112,157,Man is wearing a white tank top,
2396361,163,176,77,42,man is wearing earbuds,
2396362,150,141,80,30,a skateboard under the person,
2396365,22,25,462,288,zebras grazing in brown grass,
2396368,123,190,134,27,a canoe on the water,
2396371,263,233,84,47,this is a plant,
2396374,390,22,61,147,the white window above the toilet,
2396377,283,159,35,49,baby elephant walking in front of its mother,
2396382,166,45,285,215,man holding a red umbrella,
2396393,380,217,62,33,edge of a roof,
2396394,327,58,33,51,the tail is blue,
2396396,94,19,118,297,lady wearing red dress,
2396397,8,10,138,134,overcast skies with sun shining,
2396400,206,8,78,52,A GRAY HELMET,
2396401,0,117,177,170,a woman petting a giraffe.,
2396402,9,23,480,286,nice fireplace area in home,
2396412,196,44,110,255,this is a man,
2396415,94,162,138,102,a bear standing in water,
2396423,176,46,65,38,black and yellow and green logo,
2396424,129,45,133,105,Ski lift at the top of the hill,
2396425,7,135,107,61,the blue maroon orange and yellow tail of a plane,
2396428,440,17,46,48,no bottles warning label,
2396432,238,281,90,105,green sign with black figure on it,
2396435,318,79,140,109,this is a train,
2396440,144,48,276,186,woman leaning her head on a man's shoulder,
2396443,332,253,76,90,design is on board,
2396446,120,150,85,101,Duck with a green head,
2396448,72,150,153,174,a train emerging from a tunnel,
2396453,36,48,116,201,man leaving a place,
2396455,41,114,333,260,a small brown tea pot,
2396456,187,442,22,16,part of a grass,
2396459,178,53,101,162,woman with glasses on,
2396462,345,290,52,50,part of a court,
2396464,60,15,212,392,A man playing Wii,
2396467,228,192,52,160,this is a lady,
2396469,19,287,94,35,a patch of green and brown vegetation,
2396472,409,174,90,65,camera on a stuffed elephant,
2396473,263,71,163,146,a computer screen.,
2396475,177,211,25,34,grimace on face of man,
2396479,233,182,61,85,head of a cat,
2396482,0,0,499,373,this is a kitchen,
2396489,17,227,482,98,leaky melted cheese drips,
2396490,136,152,95,111,the woman wears glasses,
2396499,95,70,80,175,a baseball player headed to base,
2396502,190,86,122,124,red and white stop sign,
2396505,288,0,210,178,the green opened umbrella,
2396506,4,88,327,408,a winter scene,
2396513,58,218,243,273,the head of a man,
2396522,303,202,35,21,the head of a man,
2396525,151,30,293,255,the homemade tortilla pizza,
2396527,174,190,40,30,green stripes on black shorts,
2396532,201,124,134,94,bench in the woods,
2396533,156,98,290,217,Cat is lying in bed.,
2396541,183,126,131,73,two people riding horses,
2396550,449,318,35,55,rainbow colored flag,
2396553,226,312,20,14,part of a floor,
2396554,31,49,441,259,Two zebra head is focused.,
2396555,14,17,477,308,A parking lot scene is pictured,
2396558,155,418,217,69,two lemons at the bottom side by side,
2396561,123,156,362,158,Teddy bear on the sidewalk,
2396567,73,131,55,76,large dark capital A,
2396570,8,127,490,196,A white and blue bus,
2396582,237,166,102,135,the leg of a man,
2396593,259,173,199,79,bright blue swimming pool,
2396603,98,233,59,97,man on a skate board,
2396605,116,181,378,100,a row of pottery,
2396609,362,176,76,90,a blue hair dryer,
2396611,363,297,14,16,edge of a laptop,
2396613,180,139,37,47,a kite that looks like a bird flying in the air,
2396615,77,70,71,54,a teddy bear on top of a couch,
2396616,207,242,166,130,dog is sitting on toilet,
2396621,307,182,92,142,A large mug of beer,
2396622,187,317,49,14,green street sign on road,
2396626,66,172,58,222,young man standing on the beach,
2396628,192,150,99,90,pile of clothes on the bed,
2396639,16,2,149,328,a dark brown beer bottle,
2396640,48,80,27,45,part of a screen,
2396641,355,206,107,168,glass of red wine,
2396645,84,146,73,274,a yellow tie,
2396654,263,250,97,84,green leaf on top of pizza,
2396656,55,282,70,83,ring on his finger,
2396658,47,30,283,130,Large yellow and blue umbrellas,
2396663,253,92,152,240,the ball player is dressed in black & yellow uniform shirt,
2396665,10,53,476,250,elephants gathered in water,
2396667,91,76,180,398,A very tall giraffe,
2396669,118,259,141,112,green pepper pieces in pizza,
2396671,374,54,101,159,black and white photos,
2396676,99,328,57,111,the skate board is black with beige wheels,
2396681,344,79,152,220,a man with skis,
2396686,231,160,164,165,open bag laying on bench,
2396693,151,25,32,271,The washington monument,
2396699,177,129,99,70,a zebra standing in a field.,
2396702,308,26,30,65,Clear straw in cup.,
2396704,13,17,465,461,doughnuts in a brown box,
2396707,121,270,192,200,food on baby plate,
2396710,234,34,231,100,The sky is clear.,
2396712,269,80,30,32,a blue traffic sign,
2396713,43,83,117,100,the horns are black,
2396716,168,9,162,95,the umbrella is red/orange,
2396721,121,156,310,61,six zebras in a field,
2396723,107,165,195,149,Black and white cat,
2396730,132,413,31,20,edge of a cloth,
2396737,203,5,112,285,a black and white painted fire hydrant,
2396738,52,270,140,82,a big red basket,
2396743,124,105,339,180,A brown dog standing between the cabinets.,
2396753,200,426,108,50,a man hole covering,
2396756,15,15,273,135,green trees on the shore,
2396769,12,36,72,97,picture is framed on wall,
2396777,252,133,101,171,Hotdog stand behind man,
2396779,35,30,391,57,The sky is clear.,
2396785,186,18,103,301,a sign on the pole,
2396786,37,31,450,239,The zebra is looking at the ground,
2396787,141,167,118,122,A clock is visible.,
2396788,277,258,2,47,a group of wheels for landing,
2396789,324,75,141,404,this is a laptop,
2396792,288,5,96,296,empty bottle of spanish sparkling wine,
2396793,368,77,125,87,Wall-mounted flat screen television,
2396798,216,318,89,176,A fire extinguisher is visible.,
2396800,190,215,19,17,tip of a plane,
2396811,366,54,104,177,it is a traffic light,
2396812,300,192,80,68,A glass bowl full of green okra,
2396819,8,121,183,56,tops of purple flowers in the field,
2396820,357,15,50,209,the teddy bear has a paint brush resting between its hand,
2396827,7,6,490,209,Photo was taken in the daytime,
2396837,224,270,72,47,the bird is blue,
2396842,44,92,222,316,Man talking on cell phone.,
2396848,88,82,311,230,two giraffes standing by a building,
2396854,75,349,75,20,fried food on plate,
2396856,408,23,49,57,man with dark hair,
2396863,97,45,345,300,The giraffe is outside.,
2396870,243,116,42,57,the head of a zebra,
2396871,307,196,170,60,surfboard under the left arm of man,
2396875,88,186,349,192,Three dogs on a bench,
2396877,376,58,43,40,large square clock on tower,
2396879,40,159,193,241,the toilet is white,
2396880,146,1,24,20,a baseball in mid-air,
2396882,12,11,474,51,a mass of dark grey clouds,
2396887,21,37,330,452,lady offering a bite,
2396889,120,110,112,107,two large silver lights,
2396891,163,52,139,192,the giraffe has long neck,
2396896,395,81,56,175,red fire hydrant,
2396899,182,24,137,243,large Monster energy drink logo,
2396903,234,8,50,20,a light over a mirror,
2396904,25,31,135,113,a chain link fence,
2396906,197,285,92,89,the sign is white.,
2396908,12,121,474,184,two elephants in a plain,
2396915,192,47,110,96,The rider in orange,
2396917,195,193,35,30,Flag of the United States of America,
2396921,291,72,21,39,traffic light over street,
2396924,360,247,58,62,The grass is green.,
2396928,134,78,129,240,giraffe eating at the zoo,
2396929,103,21,167,22,Lights on the ceiling,
2396930,11,89,306,142,the view of a harbor,
2396933,105,12,188,486,male worker in reflective gear,
2396935,271,122,49,124,red flag with a white cross,
2396939,206,118,174,97,person surfing in ocean,
2396941,316,79,45,51,the head of a man,
2396943,90,97,335,149,group of people watching video screen,
2396944,11,22,480,294,A street scene at night,
2396946,64,183,153,148,The bananas are riped.,
2396952,103,95,337,201,couple people skiing uphill,
2396958,149,266,53,120,Large white letter J,
2396960,112,4,350,270,a snowboarder in the air,
2396963,229,147,88,60,Two women walks towards the ocean,
2396964,312,1,151,141,the head of a man,
2396971,283,96,20,36,white b on blue back ground,
2396974,163,66,58,249,this is a lady,
2396976,227,215,120,97,The grass is green.,
2396982,14,148,301,44,a blue train over the water,
2396985,121,18,173,221,Woman sitting by a table,
2396988,287,70,103,96,the head of a man,
2396991,75,204,111,80,black and white zebra in the savannah grass,
2397008,73,282,107,169,A baseball is visible.,
2397009,327,145,52,81,a boy with a red hat,
2397010,221,192,57,21,bike lane symbol on the street,
2397011,62,180,191,171,A stop sign is visible.,
2397014,82,222,19,23,ponytail fit for a surfer,
2397015,90,234,212,137,A table is visible.,
2397016,39,82,125,125,An octagonal red and white sign,
2397022,168,210,165,39,black lights at front of bike,
2397024,307,179,80,164,The door is black.,
2397027,44,232,63,97,The grass is green.,
2397035,105,159,133,162,A brown and white calf walking down the middle of the road.,
2397041,13,8,358,480,a bathroom,
2397043,177,117,33,40,the wine in the glass,
2397052,110,27,344,109,Kites flying in the air.,
2397054,192,36,258,360,female baseball player,
2397056,16,186,352,240,a partially eaten pizza.,
2397060,36,83,205,190,An older model television,
2397065,5,97,465,235,plane flying against clear and deep blue sky,
2397070,34,268,55,29,large cracks in the side walk,
2397074,0,117,328,234,tall concrete wall,
2397075,158,266,70,28,brown grains in bowl,
2397078,97,112,178,171,A plane is visible.,
2397082,16,7,380,202,two people sitting on an elephant,
2397083,380,81,95,75,a red stop sign,
2397087,221,22,273,304,a pair of fake giraffes,
2397106,77,69,255,49,Sky is blue color.,
2397107,130,253,326,115,blue and white plaid mattress,
2397115,264,101,66,139,light shining through the window,
2397119,112,38,301,57,The wall is yellow.,
2397121,207,88,121,157,bear looking up,
2397122,198,341,48,54,this is a sheep,
2397124,199,140,91,127,Pink bus on road.,
2397136,359,133,114,170,Black and white stove,
2397137,67,46,229,425,orange and white fire hydrant,
2397145,103,5,344,325,a woman playing tennis,
2397151,263,55,127,100,man's shirt is yellow,
2397157,252,224,82,71,the mouse is blue,
2397161,280,21,202,363,The man is playing tennis.,
2397167,181,263,55,26,paw on cat's foot,
2397170,45,284,218,122,Some animals in snow.,
2397171,120,211,111,156,red and white sign on front of red door,
2397179,118,348,72,125,the hydrant is red,
2397186,355,1,102,105,White metal support leg,
2397187,295,59,67,213,white door with handle,
2397191,201,158,97,25,glasses are in the picture,
2397200,297,316,76,98,the fingernails are visible.,
2397215,270,123,206,222,A man skateboarding at a skate park,
