image_id,X,Y,Width,Height,English_text,French_text
2335127,208,65,174,271,a reflection of the man,
2335128,211,63,90,28,Kid has blonde hair.,
2335130,102,150,19,10,ping pong ball in the air.,
2335133,34,125,154,70,white whisker on cat,
2335134,48,82,199,372,Teenage girl texting on a cell phone,
2335142,263,109,69,72,A surfer in the ocean.,
2335147,220,96,55,264,brown spotted giraffe,
2335151,19,169,131,108,White glasses on the girl.,
2335152,65,36,170,337,A man with a hat and sunglasses,
2335153,40,92,415,368,this is a woman,
2335157,97,127,127,97,flat panel television on entertainment stand,
2335161,206,95,75,61,a wild bird in a woman's hand,
2335163,231,110,30,65,window on front of building,
2335165,296,160,13,20,earring hanging from woman's ear,
2335173,192,52,137,220,a white clock tower,
2335180,114,26,250,347,a motorcycle in front a window,
2335181,262,215,217,130,the countertop is empty,
2335187,103,128,42,27,green leaf on strawberry,
2335195,1,0,498,116,clear blue sky with no clouds,
2335198,268,250,36,10,grill on the truck.,
2335202,19,13,468,201,drawing of horse and carriage,
2335211,120,180,190,80,brown oars in boat,
2335215,54,165,122,160,A white sign with price tag for the vegetable pizza,
2335218,20,2,246,238,Computer monitor on a wooden table.,
2335220,344,85,140,50,Body of water,
2335226,158,174,195,171,a Japanese toilet in the floor,
2335227,159,216,105,197,Two giraffes in a zoo.,
2335228,7,10,460,312,the inside of a residential restroom,
2335230,76,172,423,97,Field of grazing sheep,
2335236,42,71,217,425,black and yellow meter,
2335245,93,3,400,325,Man is eating a hot dog,
2335249,173,161,20,25,The symbol is red and blue.,
2335258,176,60,109,314,a male urinal,
2335261,278,133,94,101,person on snowboard mid air,
2335264,211,156,105,121,blue wet suit pants on white boy,
2335269,123,134,104,227,a white and blue fire hydrant,
2335272,275,95,37,28,blue picture on remote,
2335277,282,140,186,70,black birds are sitting on the fence posts,
2335278,78,71,90,110,bird is on cup,
2335281,146,103,81,86,A child has black hair,
2335286,240,336,23,27,white knob on stove,
2335287,17,276,49,74,Man wearing a black shirt,
2335289,125,183,92,78,the head of a person,
2335291,288,123,117,63,this is a person,
2335292,0,133,348,197,White pick up car,
2335293,210,65,120,142,a man is in a suit holding a glass,
2335299,136,43,64,159,The man is holding a baseball bat.,
2335301,1,196,67,97,a bowl of soup on a plate,
2335302,77,373,279,115,The plate in the woman's hand,
2335310,211,46,90,88,image on the wall,
2335312,281,64,74,267,Woman holding umbrella in hand.,
2335332,81,154,270,80,blue and white airplane,
2335335,32,157,277,234,ostrich is near fence,
2335338,256,90,105,47,white tile on wall,
2335341,100,83,313,195,a blue and yellow train,
2335342,1,94,487,147,planes pulled up to terminal,
2335343,165,2,105,222,a window,
2335344,318,133,59,26,breasts of woman riding on motorcycle,
2335345,59,77,371,161,bear resting on a rock,
2335349,2,0,492,274,large number of sailboarts at anchor,
2335353,346,222,90,152,Man wearing a white shirt,
2335369,23,44,337,287,woman on a mattress,
2335370,292,140,20,20,White animal laying in grass.,
2335371,76,138,422,195,A man and a baby asleep on a bed,
2335375,364,73,52,70,Colorful kite flying in sky.,
2335376,11,102,430,265,a brown and white horse,
2335384,115,305,70,67,shadows on the pavement,
2335388,128,382,160,117,Red and white Cavalier King Charles Spaniel,
2335396,237,274,81,59,small white sedan car,
2335406,214,178,119,52,steam boat on the water,
2335411,28,60,189,94,birds in the sky,
2335413,75,310,170,62,black stripe on carpet,
2335417,288,87,89,138,Banana's on a hook,
2335419,209,86,92,97,surfer on a white surfboard,
2335420,10,77,438,159,white red and blue airplane,
2335424,83,55,30,118,a tree in the hung picture,
2335426,0,311,497,60,a body of smooth blue water,
2335428,21,110,460,215,A person is on a skateboard,
2335432,62,43,206,124,boy has brown hair,
2335433,180,51,112,132,a girl wearing hat,
2335442,76,186,405,186,Brown wooden cupboards.,
2335445,53,32,111,106,man wearing a cap,
2335447,10,6,348,484,two people posing for photograph,
2335449,2,0,181,292,red travel bag emptied out,
2335451,69,176,367,60,a slathering of yellow mustard,
2335456,276,86,70,36,Person has short hair.,
2335465,0,22,497,308,A skiier on a ski slope,
2335467,304,186,61,85,a glass of orange juice,
2335470,142,87,190,191,A woman milking a cow,
2335475,238,33,138,130,Two yellow tipped ski poles in the air,
2335476,366,76,55,190,Person wearing white T-shirt and blue jeans,
2335478,175,199,59,111,white horse with rider,
2335479,0,104,232,393,clock on a pole,
2335481,11,130,60,52,White van following a bus,
2335486,436,173,61,50,Red basket on microwave.,
2335492,2,2,497,91,white clouds in sky,
2335495,404,1,78,74,cloud cover in sky,
2335496,164,140,52,75,zebra with there heads down,
2335497,113,164,36,29,screw at top of hydrant,
2335499,9,369,83,13,Small brown wooden 2 by 4 on the wall,
2335500,61,252,27,30,This is a tire,
2335502,155,84,192,236,A hamster licking its toes,
2335517,303,168,42,47,eye of a person,
2335519,211,121,272,156,a car on the road,
2335520,0,0,499,279,the interior of a home,
2335524,154,62,180,309,yellow parking meter,
2335527,85,94,208,314,This is a male,
2335532,205,279,57,20,plate on the counter.,
2335537,95,11,236,327,guy on a skateboarder,
2335545,190,16,41,6,Mane on the neck,
2335546,81,103,35,77,baseball pitcher,
2335559,14,15,481,350,white plate with brown stripe and blue accents,
2335574,74,50,30,27,bright yellow colored light,
2335576,6,8,492,265,birds flying in the air,
2335577,209,153,97,180,one skier walking on snow,
2335578,304,154,51,45,the head of a man,
2335582,230,412,96,79,shadow of the horse and person,
2335587,328,128,44,99,This plane is painted yellow and red and white and blue,
2335591,22,71,224,372,one baseball player jumping on field,
2335594,36,44,15,11,Small green leaf of a plant,
2335596,92,0,390,498,Tennis player in white outfit,
2335613,21,73,161,130,Giraffe's walk on the plain.,
2335619,67,11,257,100,Yellow bananas on a white platter,
2335623,91,158,407,215,Twin bed,
2335639,221,38,99,90,a bird sitting in the flower,
2335640,45,101,147,178,clock is shaped like an apple,
2335641,122,138,37,42,large glass bus window,
2335644,244,26,255,239,boy lying on surfboard,
2335649,103,107,241,207,Bucking bronco with its feet in the air,
2335652,307,111,30,50,Cat with a pink nose.,
2335655,1,1,73,94,Bag is rainbow colored.,
2335658,180,238,265,117,a boat is in the water,
2335662,152,223,19,17,Keys on a lap top,
2335667,308,163,13,37,head of a zebra,
2335668,172,13,41,51,Black bird flying in front of building,
2335682,2,2,495,370,Cat laying down,
2335683,439,308,59,65,car with its brake light on,
2335686,358,181,110,82,a bird on the ground,
2335689,391,248,102,60,a gold mini van,
2335692,153,140,30,33,head of a person,
2335696,394,30,90,38,Small brown grout line on the wall,
2335699,269,168,44,52,the head of a man,
2335704,337,208,70,110,a person on the back of a bike,
2335706,159,35,227,217,woman sitting in a booth,
2335707,55,111,256,387,brown dog is jumping,
2335709,178,34,53,56,Small doughnut on a kids hat,
2335718,0,1,84,35,light of daytime sky,
2335719,124,132,15,18,frisbee flying through air,
2335726,226,352,99,56,GIRL WITH PINK PANTS AND WHITE SHIRT LYING DOWN ON GREEN BENCH,
2335728,96,135,131,305,person carrying bananas on their head,
2335732,170,135,178,155,a woman is wearing skis,
2335733,1,79,182,233,green and white reflex hammer,
2335734,320,228,24,49,the rectangle window of the building,
2335748,286,129,65,54,Yellow taxi on a road,
2335752,310,106,98,89,child wearing a white shirt,
2335758,16,93,227,215,two men on motorcycles,
2335764,0,41,345,290,Bench with large amount of debris on it.,
2335769,34,256,107,117,floral print cloth on a chair,
2335770,230,0,180,227,biker in mid air,
2335774,21,15,461,307,light to darker blue sky,
2335777,3,223,487,106,still water looks glasslike,
2335782,40,97,412,150,This is a train,
2335783,113,6,138,276,person doing parasailing on the water,
2335792,1,259,153,115,Floor is small white tiles,
2335793,308,130,180,56,a person sitting in the office,
2335797,127,179,74,90,man wearing reading glasses,
2335802,321,143,110,49,A white envelope on the counter,
2335811,10,0,396,240,tan wall with patches and light smears,
2335813,104,10,270,466,vase with wild flowers,
2335815,213,139,58,189,Grilled mushrooms on the burger.,
2335817,78,120,256,60,Guests enjoying the pool.,
2335824,109,409,64,28,Buttons on the jacket.,
2335828,32,104,357,287,PERSON HOLDING A CAKE,
2335834,10,170,139,162,The tree is the color green,
2335836,251,255,79,145,soap on the sink,
2335842,128,254,33,32,white colored fluffy sheet,
2335850,136,5,307,320,A woman riding a bull,
2335853,175,191,212,160,pottery in the photo,
2335857,230,392,31,29,silver colored water faucet,
2335858,235,300,40,56,green colored banana on bunch,
2335865,57,32,260,280,large kite on the beach,
