image_id,X,Y,Width,Height,English_text,French_text
2353349,378,208,21,20,white waves crashing in water,
2353354,43,121,88,176,a white porcelain toilet in the bathroom,
2353355,116,63,202,292,girl on a surfboard,
2353366,13,9,425,316,skateboarder on skateboard going down hill,
2353369,277,123,97,87,The sun in the sky,
2353370,126,35,272,268,the man is playing tennis,
2353378,141,6,308,366,a female tennis player,
2353381,186,7,183,431,older woman sitting on arm of brown leather couch,
2353382,250,147,249,60,a parked airplane,
2353383,156,204,74,33,Blue candles are lit on a table.,
2353384,168,123,93,190,a man holding a soccer ball,
2353385,89,65,228,258,a man doing a stunt on a skateboard,
2353391,304,83,61,60,zebra's nose is black,
2353393,385,98,100,232,Stainless steel fridge,
2353401,255,69,56,83,a beautiful white wall.,
2353402,96,26,107,45,the sky is clear,
2353403,168,107,36,61,large tinted train window,
2353404,77,247,57,66,the tail of the dog,
2353406,465,142,10,11,window on side of building,
2353409,131,116,162,121,A small grey bare,
2353418,134,33,82,147,an open cabinet door,
2353422,148,158,39,35,a black camera,
2353425,217,158,25,17,A logo on the car,
2353431,247,153,118,90,a giraffe laying in on the ground,
2353432,68,72,417,267,cat standing on bed,
2353434,206,112,97,110,Baseball pitcher throwing a ball,
2353435,49,116,64,59,White snow pedal in a small vase.,
2353436,61,210,106,119,person in baseball uniform,
2353444,264,46,77,68,the head of a man,
2353447,109,133,73,70,a boy wearing a white shirt,
2353452,51,142,289,299,A man playing tennis.,
2353453,120,19,15,16,ear of the cat,
2353461,167,135,15,20,the letter P on a sign,
2353474,1,16,269,295,a woman walking in front of a subway car,
2353479,329,46,71,203,Man playing tennis,
2353481,34,126,220,132,it is a elephant,
2353482,273,8,181,320,a girl wearing blue on a skateboard,
2353484,95,267,100,24,the bed is made,
2353487,80,55,356,316,two women sitting on rocking chairs,
2353492,241,157,44,62,two men on racing bikes,
2353498,363,97,59,40,t v screen on wall,
2353506,6,42,367,367,Stop sign on a wooden post,
2353508,56,55,111,163,a black laser mouse,
2353518,142,26,91,85,a man wearing a helmet,
2353520,309,143,117,125,person in the air,
2353524,257,47,190,112,house with brown roof,
2353525,195,180,39,27,white bowl in middle of front table,
2353527,148,118,124,151,Clump of sheets on the bed.,
2353543,32,105,81,162,The man is riding a bike.,
2353546,173,79,136,105,man sitting on side of the road with bike,
2353548,111,30,320,175,fleet of yellow buses,
2353549,83,423,69,54,The woman is wearing white and black shoes.,
2353552,7,131,300,207,a moving train passing by,
2353556,327,28,22,28,black letter on a sign,
2353563,158,117,102,139,tiny pair of scissors,
2353564,380,21,44,47,Red box on the side of building.,
2353565,85,23,150,210,Batter striking the baseball,
2353573,208,66,102,307,man on a tennis court,
2353582,251,82,37,212,the pole is blue-green,
2353587,267,260,45,43,purple jacket in man's hand,
2353590,57,149,135,52,slice of tomato on top of chili dog,
2353594,201,259,11,10,wheel on the skateboard,
2353599,29,138,329,190,White table cloth on the table,
2353613,51,244,327,40,A street sign near the building,
2353614,261,16,139,302,man walking on side of the freeway,
2353616,89,181,155,289,Yellow fire hydrant in the pavement,
2353618,295,67,76,161,man skiing on the hill,
2353622,247,188,68,26,A railing near the skateboard,
2353628,56,10,354,482,Man eatting a pizza,
2353629,22,123,434,136,the airplane on the runway,
2353630,86,207,15,51,young giraffe by a large giraffe,
2353631,115,70,291,284,Zebra standing in dirt,
2353632,214,86,107,192,The fire hydrant is brown.,
2353639,412,175,42,29,pattern on the carpet,
2353646,7,12,480,316,Photo taken during the day,
2353649,241,65,101,130,the cow is looking at the camera,
2353654,219,8,240,348,a sheep eating food,
2353656,38,77,423,240,The kids are eating some vegetables,
2353660,12,20,483,282,black and white motorbike,
2353662,42,272,104,12,The short white stripe on the ground,
2353667,143,176,83,81,Large animal in the water,
2353669,57,19,247,281,person eating piece of pizza,
2353670,226,145,63,191,man in blue pants and red shirt clapping and walking,
2353671,33,35,65,15,Part of the sky.,
2353673,252,31,17,18,a yellow tennis ball in the air,
2353675,0,160,372,266,sugar cookies on a matt,
2353677,51,61,236,135,the bear is sleeping,
2353679,83,17,194,472,a little girl with blond hair,
2353681,127,72,370,296,a group of Asian young people,
2353685,2,20,160,204,A shiny green apple.,
2353686,87,170,156,265,woman holding tennis racket,
2353687,151,46,170,225,Man riding motorcycle in the dirt.,
2353688,47,73,79,37,sheep laying down on a hill,
2353694,20,121,145,348,Brown bear standing up,
2353698,382,223,50,80,shoe's sole is blue,
2353705,391,182,60,75,a double decker bus,
2353712,83,45,275,184,The building is painted pink.,
2353713,277,285,55,46,a yellow soup in a bowl,
2353717,102,249,24,21,small red chocolate piece,
2353719,6,180,126,109,Laptop on the table top,
2353720,131,226,92,75,Dark brown horse in field,
2353732,65,300,147,71,white mouse on wooden table,
2353734,75,291,42,45,A stainless steel sink faucet.,
2353739,74,275,118,100,brown horse standing in grass,
2353747,6,14,462,312,men playing tennis indoors,
2353748,275,95,110,62,nose of the teddy,
2353764,116,115,383,196,The bed of a truck,
2353765,58,298,273,200,Stairs below the skater,
2353766,94,15,122,307,a lady wearing a purple skirt,
2353767,369,197,22,25,figurine on the turf,
2353769,81,116,375,123,Yellow and black tennis racket,
2353773,209,165,62,52,the flowers are white,
2353783,79,49,178,391,There is a fridge.,
2353790,471,2,26,355,tall brown wooden pole,
2353792,108,385,82,46,the white toilet seat cover,
2353793,358,120,82,77,baby bear in the grass,
2353794,260,92,47,72,a yellow life vest on a man,
2353796,335,139,164,191,mostly black George Foreman grill,
2353802,324,149,135,105,A wireless mouse made by Apple.,
2353805,321,5,41,31,Man wearing red Santa hat.,
2353808,10,0,135,234,a movie shelf by the television,
2353812,139,163,243,210,two women holding umbrellas,
2353820,329,71,101,189,the red fire hydrant,
2353825,285,305,32,48,tree trunk covered with wire,
2353826,218,75,202,157,person skiing down hill on skis,
2353828,328,107,97,77,large clock on side of building,
2353838,95,121,260,120,Bus turning on the street,
2353841,260,10,239,142,Chase building lighted by round white sign,
2353850,455,6,21,17,The glass globes around the street lights,
2353852,371,222,97,150,girl running down side walk,
2353854,7,11,327,476,Photo taken during the day,
2353859,58,35,305,422,kid standing next to horse,
2353862,13,99,389,146,a white bus with blue and orange stripes,
2353866,440,286,54,15,Cvita boat name on bow,
2353868,118,33,227,366,A woman riding a black horse,
2353883,164,122,191,153,White and red sign,
2353888,1,94,498,185,snow all over ground,
2353893,168,131,250,192,An brown and white zebra smelling rocks.,
2353895,309,138,190,193,small white fridge in kitchen,
2353901,0,5,274,494,Little girl holding scissors,
2353902,1,1,465,42,light in daytime sky,
2353911,413,184,73,45,Zebra in a field,
2353913,5,54,338,438,open door of freezer,
2353914,147,109,351,162,People shopping at an outdoor fruit stall,
2353919,83,100,386,208,a pair of zebras kept in captivity,
2353923,0,215,321,116,Multi-colored floor rug.,
2353928,241,213,88,51,a person in the ocean,
2353931,0,135,148,143,Carrots are in a bowl,
2353936,282,92,217,303,a metal bowl of white rice,
2353938,26,22,470,329,this is a bathroom,
2353941,144,79,83,77,there is a kite in the air,
2353947,200,163,239,164,man surfing a wave,
2353949,1,64,498,240,heard of elephants,
2353952,411,278,11,7,part of a field,
2353957,140,70,90,119,a pair of men's blue jeans,
2353959,150,92,62,109,man with an open mouth,
2353962,50,113,446,199,These men are skiing,
2353967,13,117,469,161,blue and white airplane,
2353978,378,166,16,21,Gold SC on the side of a clock.,
2353979,193,279,138,123,a green bathroom counter,
2353981,41,100,251,333,a man a girl surfboard skiing,
2353994,121,18,330,217,the bear is in the water,
2353996,58,11,108,88,the man flies a kite,
2353998,237,68,30,39,a roman number,
2354000,41,144,390,150,Red bus a the bus stop,
2354001,1,103,301,228,A round mound of white rice.,
2354007,7,45,477,277,three red double-decker buses,
2354010,53,272,40,45,White star shape on blue cloth,
2354013,429,221,67,101,bright yellow caution sign,
2354015,2,26,494,453,Food on a plate.,
2354018,17,88,466,220,a guy fixing a motorcycle,
2354021,13,143,88,151,refrigerator in kitchen,
2354022,223,237,30,78,brown wood sign in ground,
2354026,183,95,222,279,a little child sitting on a wooden bench,
2354034,90,143,67,73,small palm tree on the beach,
2354038,452,0,44,227,a large store window,
2354042,165,285,22,75,brown glass bottle on table,
2354059,418,29,80,142,clear glass with water in it,
2354061,302,1,39,256,knife on edge of plate,
2354063,5,183,366,260,Highway with two cars stopping at crosswalk,
2354065,367,19,40,97,outside black light,
2354069,82,207,212,89,the train is at the station,
2354072,177,91,158,155,white urinal in the floor,
2354079,199,108,117,82,a red and white shirt on a man,
2354081,41,321,20,17,A roll of toilet paper,
2354083,118,70,122,60,basil leaves on the sandwich,
2354086,222,92,123,167,a pink cellphone,
2354098,178,211,45,36,Patch of black fur on dog,
2354099,221,88,62,210,person on skateboard,
2354100,64,281,42,90,Bright yellow banana on shelf,
2354111,123,66,125,65,Water in the sea,
2354113,183,37,81,50,flag hanging on side of building,
2354126,283,118,100,163,a person on skis,
2354132,303,140,116,121,A person out front of the rest wearing a blue sweatshirt and black pants.,
2354133,141,134,155,192,man throwing baseball,
2354139,28,7,272,297,water is shooting upward,
2354140,18,89,68,132,A man with his head down wearing a thick coat.,
2354149,53,205,73,74,Multi-colored soccer ball,
2354152,111,118,101,120,Train on the tracks,
2354158,404,210,95,144,a train station platform,
2354159,2,51,492,318,lots of old bikes on display,
2354166,201,28,47,122,tall building,
2354171,0,326,263,127,horse have white furry feet,
2354173,289,190,11,16,a white water tower in the distance,
2354181,1,1,331,475,tall overhanging shade trees,
2354187,221,193,55,93,a white black and red tennis racket,
2354197,251,11,117,137,boxing poster on the wall,
2354199,208,141,10,12,Partial tusk of elephant.,
2354202,230,256,83,117,carrot with bite marks taken out,
2354209,139,284,40,114,a woman wearing a pair of jeans,
2354211,212,89,68,130,urinal in a restroom,
2354213,190,148,161,145,woman crossing street with bike,
2354214,65,187,221,61,The eyeglasses the guy is wearing.,
2354220,0,4,499,327,the photograph is black and white,
2354222,51,160,201,154,a bench on the beach,
2354223,141,0,334,221,man wearing gray shirt,
2354224,2,93,495,128,grey and tan train,
2354230,60,169,141,27,Table full of pastries on beach.,
2354233,74,131,251,56,BLACK STREET SIGN ON POLE,
2354234,47,404,251,94,a white star on ground,
2354239,3,142,388,121,White boat in the water,
2354242,38,60,281,388,Animals in a pen.,
2354245,44,0,31,20,the light on the ceiling,
2354246,60,214,13,145,a parking meter,
