image_id,X,Y,Width,Height,English_text,French_text
2368978,167,44,227,400,Man doing a trick on his skateboard,
2368984,239,127,35,70,an emergency door of a plane,
2368985,138,304,12,20,side of a fridge,
2368992,1,192,160,126,a person holding a fork,
2368995,366,293,38,29,Small part of the black runway,
2368996,150,47,125,236,black bird with shiny blue breast,
2368997,259,169,12,51,edge of a train,
2368998,128,223,61,51,a clock,
2369004,226,136,131,182,The dog is sitting.,
2369005,1,53,372,379,a brown teddy bear,
2369015,393,313,87,34,license plate on car,
2369025,147,27,69,42,White frisbee in air,
2369032,126,1,372,372,A tall grassy field,
2369033,100,39,360,314,the cats head is in the box,
2369039,440,283,28,36,Chipped white paint on the yellow building,
2369043,200,208,102,199,Woman holding a black umbrella in the rain,
2369054,111,135,85,152,two men in a horse pulled wagon,
2369058,79,249,140,161,a cow standing,
2369064,302,97,191,173,Stripes on a shirt,
2369066,114,44,39,75,black trafic signal,
2369067,297,283,116,60,The ground is covered in snow,
2369070,128,72,326,227,Food sitting on white plate.,
2369076,0,28,325,468,bride and groom walking on boardwalk,
2369079,29,79,73,71,A blue and gold painted plane tail,
2369081,75,326,49,150,a woman wearing purple standing in front of a building,
2369084,146,253,161,33,A skateboard on the man's feet,
2369086,66,369,235,103,yellow rescue surf board,
2369087,23,122,55,71,A white snow boarder.,
2369093,298,99,102,118,Woman has dark hair,
2369095,238,210,23,22,blackberry on the raspberry pie,
2369098,358,108,140,216,The hardwood floor is light brown,
2369099,177,15,319,151,People flying kites,
2369101,42,15,422,322,The broccoli in the pot.,
2369102,231,45,48,54,part of a glass,
2369105,205,90,72,59,Person on a horse,
2369111,0,250,317,46,Feet on a skate board,
2369115,157,63,110,59,person holding a white umbrella,
2369119,57,135,136,311,a tower of red brick,
2369125,57,45,265,149,foreground zebra grazing on grass,
2369128,7,38,487,62,horizon in the far distance,
2369129,188,90,227,94,red and yellow car in train,
2369146,225,38,17,30,green traffic signal,
2369155,114,105,57,36,red and white kite,
2369160,422,270,76,81,The little girl's hair in a ponytail.,
2369163,223,83,146,106,Tissue paper is white color.,
2369179,34,47,395,282,A woman wearing a pink night gown holding a teddy bear,
2369181,16,9,475,320,Seasoned mixed vegetables with colors.,
2369184,228,66,103,120,The time clock on the side of the building,
2369194,165,273,77,79,three purple flower blooms,
2369197,185,210,107,151,plaid pattern on pants,
2369201,253,187,49,35,a plane in the air,
2369202,37,182,253,221,two giraffes in African prarie,
2369206,2,1,497,372,grey asphalt surface,
2369212,421,71,27,28,Sticker on shower door.,
2369214,255,221,24,23,black nose on dog,
2369223,136,214,73,44,the bench is wooden,
2369229,318,76,123,82,an elephant running to the left,
2369232,349,173,109,227,kid playing tennis,
2369233,107,68,289,212,black and white zebra,
2369237,19,22,287,102,wordage on sign reading \Hop on in\ in blue,
2369245,164,32,246,257,a man holding a tennis racket,
2369249,228,206,32,19,the tusks are big,
2369250,159,99,71,24,Man in clear glasses,
2369251,135,78,260,234,cow in Indian street,
2369253,182,87,167,165,Graffiti on a rusty parking meter,
2369267,317,217,62,102,clear glass with water,
2369270,126,122,85,66,a white frisbee,
2369272,223,166,83,37,group of people waiting for train,
2369275,10,152,176,102,red train car on tracks,
2369282,1,98,202,276,bicycles as far as the eye can see,
2369283,86,3,355,369,flowers in a vase,
2369285,82,43,253,127,a black and white cat,
2369287,0,1,282,372,A cute small dog.,
2369296,94,294,90,94,black and orange tennis racquet,
2369297,385,85,39,34,black plastic catchers helmet,
2369312,159,70,38,24,a green and white bandanna,
2369316,54,442,48,35,skateboard with black wheels,
2369317,235,39,263,292,Cat standing in a sink,
2369322,22,7,237,330,Teddy bear holding brown object,
2369329,116,165,90,212,the backside of a horse,
2369330,62,103,117,210,Woman holds dark green umbrella.,
2369331,84,354,148,54,The street is made of asphalt,
2369333,202,156,98,125,surfer on surf board,
2369334,2,144,282,264,Toddler typing on a keyboard,
2369340,30,61,356,235,teddy bear in the photo,
2369341,113,94,83,75,kite flying in sky,
2369343,97,135,97,103,The plane has a red tail.,
2369354,79,102,247,188,a man on a surfboard,
2369360,202,30,181,422,the tennis player is ready to swing his raquette,
2369365,150,5,346,196,a street sign on a wall,
2369371,39,55,390,252,two male friends surfboarding on the beach,
2369375,107,71,288,198,a bowl of soup,
2369376,44,45,222,214,statues of dancers above the people,
2369381,2,3,492,250,cloud cover in sky,
2369389,42,19,455,250,sheeps with a painted mark,
2369393,128,130,175,95,City commuter bus,
2369404,46,132,233,217,the budgie is attached to the horse,
2369406,223,237,43,55,a floral suitcase,
2369413,223,30,63,40,girl has black helmet,
2369414,119,103,72,98,Glasses on a man's face,
2369418,49,207,154,82,Black calf with horns,
2369421,26,35,458,415,a silver and black motorcycle,
2369422,164,230,33,37,part of a water,
2369425,100,155,243,122,the sign is white with blue writing,
2369427,248,107,176,87,windows on the train,
2369430,244,30,33,72,Arm holding a camera raised high,
2369434,435,75,36,51,Single black computer speaker,
2369437,309,217,23,19,part of a baby's shoe,
2369440,326,51,172,50,shiny metal grab bar,
2369444,36,137,132,57,A white bench by the river,
2369448,26,95,175,164,blue frisbie with movie character on top,
2369452,275,190,36,135,knife with a white handle,
2369457,189,63,132,112,sign on the building,
2369459,105,138,203,98,three screens of computrs,
2369467,0,3,498,329,close view of elephant,
2369469,287,99,177,190,woman wearing jacket,
2369481,196,39,118,80,dried flowers in a cylindrical vase,
2369485,33,20,244,476,a girl with curly brown hair,
2369488,86,41,354,177,Boy with hands on concrete,
2369494,0,15,266,189,a gray elephant trunk,
2369501,143,95,183,404,black police officer,
2369515,140,44,174,38,Washington on the photo.,
2369520,7,18,490,353,black and white cow,
2369522,248,222,205,151,sheep eating grass,
2369524,10,43,450,275,a basket filled with items,
2369525,282,197,42,49,right horn on bull,
2369526,177,31,242,240,a group on a elephant,
2369529,53,81,117,65,Entrance to an attic,
2369532,118,51,151,442,a young lady on a skateboard using her cellphone,
2369535,61,124,339,178,motorcycle leaning into a curve,
2369536,20,188,469,310,A large bed,
2369537,99,137,100,60,Couple sitting on red bench,
2369539,181,100,92,141,A man surfing,
2369540,63,69,287,208,a white polar bear,
2369543,313,14,92,31,a white cloud,
2369544,47,17,410,277,two bears face to face,
2369550,11,0,294,492,picture taken in a museum,
2369553,0,96,280,276,A box of baked goodies.,
2369554,0,53,40,107,Out of focus person in a red jacket and shorts,
2369564,478,30,14,85,a tall pole,
2369567,360,49,129,105,orange slice on plate,
2369571,205,127,30,42,a spoon on a plate,
2369572,224,132,81,61,clock on a tower,
2369578,382,98,62,87,Blue car parked on street,
2369581,186,357,29,62,price tag on the skis,
2369582,4,32,477,340,two cats in a window,
2369583,126,217,183,101,Half Wall Of Cement,
2369584,102,192,38,127,white post holding sign,
2369595,296,194,45,23,fire,
2369598,191,10,155,147,This is a woman,
2369600,143,14,333,317,a batman figure on a cake,
2369601,253,232,22,27,edge of a wing,
2369602,247,129,109,99,Laptop at the room,
2369603,132,136,205,118,Boy in pajamas sleeping akward,
2369605,198,22,66,26,A light on the ceiling,
2369608,36,112,234,348,person wearing full lenght black coat,
2369609,113,70,162,260,Young girl in brown blue coat smiling,
2369610,7,96,375,167,four cows drinking water,
2369613,56,86,419,269,people in the scooter,
2369614,237,201,182,165,computer screen with facebook pulled up,
2369618,65,197,170,250,Rock chair on sidewalk,
2369621,93,126,174,244,a yellow fire hydrant,
2369623,236,233,65,49,green tennis ball in the air,
2369624,18,83,253,327,a woman eating a hotdog,
2369629,186,51,29,146,red handled folding knife,
2369634,127,8,216,323,A red headed kid with black glasses on,
2369638,300,26,197,306,tool used to move bananas,
2369641,96,368,107,130,A woman with brown boots,
2369650,205,248,41,30,wet dark brown hair,
2369654,344,150,34,42,Orange nose of airplane,
2369659,13,42,254,454,Old wooden bench in garden,
2369660,27,22,459,251,an airliner being pushed out onto the runway,
2369662,95,88,82,142,person with an umbrella,
2369663,43,165,185,162,A black and white zebra grazing and pointing left,
2369665,120,206,188,287,a uncooked pizza on a counter,
2369670,311,384,40,32,A bench outside a house,
2369671,245,95,102,102,A round clock with red numbers,
2369672,278,149,66,181,thick white cloud in the sky,
2369673,50,85,415,235,a red pickup on a parking lot,
2369678,205,65,92,220,A rectangular kite in the sky,
2369679,306,93,54,70,large clear windshield on train,
2369696,66,0,160,332,guy wearing fluoro chartreuse shirt confused about oven,
2369699,38,182,109,67,A baseball bat about to be dropped.,
2369705,60,90,321,203,six planes fly in formation,
2369712,341,104,157,259,two guys with no shirts on,
2369715,189,79,121,75,a microwave on the counter,
2369725,240,143,62,122,A child swinging a bat,
2369728,153,74,114,79,A brown giraffe head,
2369733,251,94,92,222,lady tennis player approaching man,
2369737,296,60,87,150,A girl on a horse,
2369739,111,227,49,37,a black and gold clock,
2369743,26,0,269,406,a calico cat,
2369744,261,223,37,65,suitcase on the sidewalk,
2369745,69,1,127,75,a pair of yellow scissors,
2369747,75,330,89,77,white chocolate square,
2369749,237,181,58,71,a black dog near man's crotch,
2369753,270,250,69,81,a white porcelain toilet bowl,
2369754,28,271,137,60,people in a red kayak,
2369759,21,25,285,455,cat admiring its reflection,
2369760,269,88,188,216,a man swinging a bat,
2369761,77,7,297,471,three giraffes eating leaves,
2369770,320,169,82,36,a pink soap holder,
2369775,97,71,151,292,person on skateboard,
2369777,81,330,77,124,footprints in the sand,
2369779,57,93,371,47,zebras in the water,
2369792,225,271,72,25,white snow on the ground,
2369813,188,146,22,40,Small lamp on table.,
2369814,56,96,400,115,a blue and white plane,
2369822,277,151,29,25,the number 276 on bus,
2369825,29,90,460,166,the plane is airborne,
2369826,359,147,74,116,A surfer in the water,
2369831,195,156,82,61,Man holding a surfboard,
2369834,83,22,340,215,four giraffes on a field,
2369836,278,104,190,161,backpack near a window,
2369837,431,140,38,66,a little girl playing with a toy,
2369841,198,343,87,93,trash can under toilet paper,
2369842,183,114,275,182,A plane in the photo,
2369846,107,53,322,251,Railroad train on track,
2369847,47,399,68,92,a plastic bag of trash,
2369848,120,436,103,57,Men's white tennis shoes with black accents,
2369858,55,69,271,384,An old man shearing a sheep,
2369859,125,231,234,96,a white bath tub,
2369862,229,79,256,292,An unkempt man picking at his finger nails,
2369864,258,129,119,188,A man snowboarding down a slope,
2369866,322,253,82,42,Ring on forth finger,
2369882,87,27,237,443,A woman eating breakfast in bed,
2369897,34,21,428,238,this is a skate ramp,
2369898,66,61,175,292,an asian woman riding a bicycle,
2369905,374,4,124,45,a wooden tray with handles,
2369912,101,162,32,15,kite in the sky,
2369917,242,14,62,41,a colorful kite in the sky,
2369920,142,66,295,267,a scruffy looking teddy bear,
2369922,186,31,44,48,a large purple clip,
2369924,3,3,492,226,sheep grazing on pasture,
2369926,389,271,48,37,a red cooler on a boat,
2369932,294,55,22,22,a black hat,
2369935,35,15,150,109,this is the sky,
2369943,236,150,112,100,blue book in case,
2369948,137,114,103,34,glasses over a woman's eyes,
2369957,35,123,412,105,a herd of elephants,
2369959,199,36,36,53,part of a trouser,
2369962,244,321,94,32,White writing on the man's black glove,
2369963,139,128,247,159,woman on a motorcycle,
2369969,33,85,410,183,this is a lorry,
2369973,86,90,135,252,a boy on a snowboard,
2369978,273,138,101,315,dark brown wooden door frame,
2369982,54,116,26,43,part of a stalk,
2369983,160,23,113,187,Man cuttind down trees in woods,
2369992,148,252,64,47,horse in a blanket,
2369998,111,128,110,38,Brand name on cup.,
2370003,166,86,175,224,this is a umbrella,
2370004,382,145,90,52,white and black striped zebra walking in grassy field,
2370006,13,128,233,164,a leg piece and some food servings in the plate,
2370011,274,0,225,230,a green tree on the right,
2370025,91,401,56,61,this is the ground,
2370027,248,179,131,52,train on the tracks,
2370028,7,253,491,45,Road crossing picture in foreground,
2370035,269,61,147,312,man leaning over a counter,
2370036,256,120,184,200,man stands on a snowboard,
2370043,103,272,170,46,people in a motor boat,
2370044,133,222,133,223,silver and yellow fire hydrant,
