image_id,X,Y,Width,Height,English_text,French_text
2339786,72,201,195,187,food in a container,
2339790,18,384,277,99,Shirt has two breast pockets,
2339791,383,49,51,90,street light in the air,
2339793,208,275,65,22,a yellow tennis ball in motion,
2339799,423,5,75,60,flat screen monitor on wall,
2339802,124,271,56,52,silver flowers in vase,
2339805,197,68,87,79,kite,
2339809,298,2,200,204,a white tub enclosure with built in shelf,
2339810,43,64,229,263,Batter at home plate.,
2339820,192,111,75,55,the goggles are on the hat,
2339823,321,2,85,227,blue towel hanging on wall,
2339824,10,16,334,470,A photo of a woman,
2339831,106,29,195,423,skier,
2339833,98,76,264,238,man sitting on a bench,
2339836,93,95,152,120,a text in the box,
2339837,306,79,82,110,boy has brown hair,
2339838,122,11,191,122,steam coming out of the train,
2339848,24,357,55,54,hinge on a door,
2339849,111,92,232,172,double decker bus on street,
2339851,72,32,95,188,metal cage near giraffe,
2339853,125,314,110,125,a dark colored piece of food.,
2339857,77,157,62,19,Dark blue sign with \Pietra L.\ in white letters,
2339859,41,6,32,15,a pair of yellow framed sunglasses,
2339861,142,339,189,147,Bench on sand by foliage,
2339865,128,4,370,75,cloudy dark blue sky,
2339866,3,4,489,325,darkness in night sky,
2339870,42,147,142,331,Little girl standing next to man,
2339879,141,46,250,282,Yellow fire hydrant on street,
2339883,112,331,35,37,button on the device,
2339888,32,138,18,28,The window is rectangle,
2339889,373,42,32,41,head of a person,
2339891,138,62,229,381,Black and silver refrigerator,
2339892,19,79,92,65,this is a board,
2339900,176,48,119,137,A person is packing clothing,
2339904,15,50,278,326,a young man posing for his school pictures,
2339905,206,140,200,140,The cup has liquid in it,
2339906,17,1,445,330,Child holding a donut,
2339907,231,174,19,21,roll of toilet paper on metal holder,
2339908,252,72,60,56,boy has grey hood,
2339915,4,72,487,299,this is a large bed,
2339916,41,160,69,87,juice carton on table,
2339920,339,80,43,41,someone dressed as mickey mouse,
2339927,68,105,216,110,white and red trolley,
2339933,202,128,77,71,surfer,
2339937,158,191,85,36,white lettering on red trolley,
2339939,97,14,179,195,the head of a female zombie.,
2339940,8,14,294,485,this is a slice of pizza,
2339944,74,23,216,413,young model posing with a chair and suitcases,
2339945,14,37,456,166,large white plane on tarmac,
2339949,254,172,34,69,a dark figure on skis,
2339950,147,2,351,330,young person with white shirt,
2339951,194,25,162,110,baggage carousel at the airport,
2339954,1,39,495,251,airplane is being serviced,
2339958,220,93,105,94,head of a cat,
2339962,101,41,25,131,a clock tower with an arch,
2339970,223,143,71,42,bike,
2339972,25,33,454,269,parked black motorcycle on the road,
2339978,41,115,25,31,the nose of a passenger jet,
2339979,118,6,146,159,A small childs face,
2339988,262,50,31,32,man is wearing goggles,
2339990,189,0,177,137,darkness of night sky,
2339991,1,98,496,230,Old fashioned red fire truck,
2339993,154,31,140,229,Person riding on motorcycle.,
2339994,0,199,145,139,platform at train station,
2339995,58,163,360,102,An orange foreign school bus,
2339997,209,243,41,64,a man playing a guitar,
2340006,133,168,93,117,mirror has golden frame,
2340009,141,55,347,150,three small boats on the shore,
2340010,215,271,21,21,tip of silver fork,
2340016,1,5,495,410,van in the forefront.,
2340021,166,139,13,23,man wearing green coat,
2340022,0,131,487,242,Tow men playing nintendo wii,
2340025,97,27,371,328,the sheep is grazing,
2340028,16,239,232,117,a bench on a beach.,
2340029,36,180,20,60,long tail on cow,
2340032,16,259,139,228,man smiling riding his bike down the street,
2340035,75,117,410,255,Clocktower in the middle of a paved area,
2340040,132,35,351,217,zebras running on field,
2340048,277,103,139,75,hands holding a phone,
2340049,37,3,372,210,A herd of pigeons eating pizza in the street,
2340058,185,103,71,40,person's hand in picture,
2340065,5,170,10,7,small yellow colored flag,
2340068,0,36,480,295,two giraffes standing together,
2340073,260,35,186,204,A white cup on a coaster.,
2340081,109,3,195,327,a zebra grazing on grass,
2340085,201,255,125,83,black cow standing alone,
2340090,247,147,65,69,a round orange frisbee,
2340093,170,234,14,12,brown spot on giraffe,
2340097,101,20,280,312,people riding an elephant,
2340103,53,153,94,86,long brown trunk of elephant,
2340108,16,9,363,490,food on top of plate,
2340114,127,141,60,41,A bears right black ear.,
2340117,86,126,142,175,suit worn by man,
2340126,88,42,360,255,an adult zebra facing left,
2340130,121,375,110,109,Orange slices on the plate.,
2340131,87,154,412,90,Group of buses lined up along wall.,
2340134,77,177,141,122,Eggs scrambled with broccoli and mushrooms,
2340136,178,11,63,36,white clouds in blue sky,
2340137,93,175,45,37,a cow on ground,
2340138,2,4,103,84,black framed glasses,
2340139,8,167,204,312,this is a long pizza,
2340143,137,221,18,16,the shirt is white,
2340147,215,137,277,240,the umbrella is black,
2340149,78,153,379,80,The boat is red and white.,
2340151,35,68,464,230,black train on a track,
2340154,211,149,16,20,A swan with it's head in it's back feathers.,
2340160,0,322,343,176,LIGHT PINK RUG ON THE FLOOR,
2340163,182,158,156,113,brown horse,
2340165,227,8,66,77,red and blue sign,
2340166,267,401,74,60,man wearing black shirt,
2340167,405,146,44,40,Black and white cat.,
2340170,204,105,101,126,kite,
2340171,267,453,20,23,a light on the jeep,
2340173,87,138,240,167,black and silver remote control,
2340176,72,8,72,167,White and red tower of lighthouse.,
2340177,143,166,97,134,red and white stop sign,
2340180,95,162,388,51,train on bridge,
2340188,133,27,195,182,A large blue ball.,
2340194,140,240,328,81,Patch of red flowers,
2340196,5,265,110,67,this is the front of a sports car,
2340201,95,83,52,110,Head of spotted giraffe,
2340202,200,284,14,19,a sink,
2340208,292,307,11,15,green vegetable on pizza,
2340211,184,140,298,191,apple laptop on counter,
2340222,105,172,297,201,Person wearing socks,
2340226,366,296,7,11,Silver oven toaster on top of a desk.,
2340229,94,185,183,61,white plane,
2340231,116,315,120,138,this is a microphone,
2340235,30,113,62,225,a man is wearing a black suit,
2340240,276,68,64,145,a man riding a brown horse.,
2340244,108,246,187,216,The boy kicking the ball,
2340249,183,38,38,15,blue headband with a swoosh logo,
2340253,150,78,207,72,a piece of bread,
2340261,64,309,12,20,The letter is white.,
2340262,134,226,50,35,piece of fruit on plate,
2340266,8,3,477,421,a person standing up,
2340269,134,245,40,23,tile on the floor.,
2340271,1,168,70,102,a little white bottle by the vases,
2340277,153,63,55,18,exit sign on the door,
2340279,26,25,278,326,a man eating a slice of pizza,
2340281,64,26,135,71,this is a clock,
2340283,392,91,72,27,row of painting hanging on wall,
2340285,290,77,60,158,yellow metal door on front of train,
2340288,117,197,40,19,company logo on front of bus,
2340289,117,8,52,27,white clouds in blue sky,
2340290,1,212,163,86,a train is on tracks,
2340295,10,2,371,485,this is a child,
2340298,86,12,281,257,back of the bus,
2340301,405,139,56,65,pattern on side of zebra,
2340303,4,32,90,166,hanging white folded towel,
2340308,231,327,17,16,cooked brown colored bean,
2340311,251,103,68,131,A batter preparing to hit a ball,
2340315,123,111,151,102,white bird in blue water,
2340318,142,102,247,261,Small child in a sink,
2340319,125,144,101,130,a cell phone,
2340321,130,113,160,115,Bicycle against wall is orange,
2340331,181,67,210,132,a skateboarder performing a trick,
2340332,175,39,121,242,A batter preparing to swing at a ball,
2340335,0,184,151,87,Skateboard on the ramp.,
2340337,293,295,50,23,brand name on top of laptop,
2340344,350,213,45,29,elephant standing in water,
2340349,321,57,177,302,A brown and white giraffe with its head close to the ground.,
2340355,264,323,64,94,A man standing on a tennis court.,
2340360,337,31,109,171,styrofoam glass woth white lid,
2340361,29,52,21,28,light in dome stadium,
2340366,148,83,189,200,a skateboarder doing a jump,
2340370,381,178,82,81,Orange teakettle on the stovetop,
2340373,88,35,92,107,head of a man,
2340374,13,7,477,339,a dilapidated building by the water,
2340375,40,171,104,148,a reflection of a man,
2340377,152,318,32,35,A stove knob to turn it on,
2340384,197,399,17,9,Blue circle on front of microwave.,
2340385,135,95,11,14,white letter on jacket,
2340388,271,146,10,13,dogs nose is black,
2340390,253,347,18,16,Red and white tower in the back.,
2340397,202,231,190,50,the countertop is clean,
2340398,188,28,115,85,white mug on the counter,
2340404,164,104,335,246,oranges on display,
2340405,222,295,26,44,shampoo and conditioner bottles,
2340408,350,159,16,13,Red and white tag on the pole.,
2340409,231,208,12,20,black letter on trailor,
2340424,20,5,475,316,The men are having a meeting,
2340434,12,28,455,267,two men are riding horses,
2340443,5,104,217,59,calm waves,
2340445,47,53,151,217,large statue of a yellow rodent,
2340446,1,1,169,166,Beer sitting on tray,
2340459,2,3,368,168,Water behind the people,
2340473,50,111,47,82,the blender is in the corner,
2340484,301,78,37,32,finger on woman's hand,
2340492,247,131,35,21,Hand of athletic skateboarder,
2340502,96,29,38,13,The man has crazy eyes.,
2340508,143,158,30,16,a pink helmet on a girl,
