image_id,X,Y,Width,Height,English_text,French_text
2377838,61,119,406,222,Bunches of banana are in table.,
2377843,73,175,112,86,yellow and white bicycle,
2377844,226,180,146,144,A coffee table.,
2377848,41,2,138,53,Christmas bow on bear's hat,
2377850,8,15,487,83,a row of leafless trees in the background,
2377859,0,36,106,61,The knife leaning against the pizza,
2377860,35,30,315,56,Sky is blue color.,
2377863,291,82,128,128,a woman with short hair,
2377867,44,130,178,185,stop sign right by a house,
2377875,120,101,94,138,a tennis racket in a woman's hand,
2377881,74,184,144,164,white toilet in handicap bathroom,
2377882,136,55,321,255,an outdoor park bench,
2377888,395,145,55,95,black tail on back of zebra,
2377892,71,104,198,387,woman holding a tennis racket,
2377896,150,103,147,130,pitcher on circular mound,
2377898,6,5,492,356,a woman competing in a horse show,
2377900,7,0,481,487,the black and white photograph,
2377906,114,63,196,343,man with short or no hair,
2377908,147,9,331,44,the building is made of brick,
2377909,68,140,381,151,a pizza,
2377912,305,90,170,108,knife next to the pizza,
2377916,48,333,244,166,the skyscraper,
2377919,92,47,325,341,small green metal clock,
2377921,302,260,75,48,large bus for passengers by bus,
2377922,12,70,473,176,THE PLANE IS BIG,
2377928,95,124,70,86,orange dots on the tail of a plane,
2377932,268,27,172,239,the man on the bench,
2377934,33,33,421,240,the sandwiches on the plate,
2377935,386,206,25,51,Stacked red solo cups,
2377937,206,158,187,191,graffiti covering stop sign,
2377948,8,0,378,340,a boy skateboarding in a park,
2377950,45,147,126,140,a blue reclining chair,
2377951,5,201,118,150,three small fins on back of surfboard,
2377957,69,359,41,98,a motor scooter parked by a building,
2377968,18,275,348,55,a yellow fence blocking the sidewalk,
2377972,235,22,38,31,a round light on a train,
2377975,161,404,127,82,litter on floor,
2377982,345,90,12,43,window on side of train,
2377983,114,144,164,80,A subway on the tracks.,
2377990,181,115,284,155,Heavy green military transport truck,
2377991,364,155,67,79,Green backpack on brown wooden chair,
2377993,41,72,312,395,three birds on a limb,
2377999,23,118,98,304,man decorating an elephant,
2378007,72,118,301,306,Piece of cake,
2378009,29,179,206,67,The plane sign is N5174A,
2378023,62,88,70,87,man wearing pink shirt,
2378029,109,132,202,127,The player is throwing the ball.,
2378031,216,128,137,200,a dog on a motorcycle,
2378034,117,196,129,53,alfalfa in a sandwich,
2378035,44,41,48,79,flour truck,
2378037,138,220,198,218,A white toilet,
2378040,382,59,117,167,bananas on the tree,
2378042,145,82,145,177,the head of a man,
2378046,295,227,135,147,Yellow traffic light under street sign,
2378047,68,228,175,115,the stove is gas.,
2378048,60,54,225,171,bird flying in the sky,
2378053,413,173,85,122,baseball umpire in black,
2378054,235,75,60,137,A girl riding a horse,
2378057,65,122,375,210,a man riding a skateboard,
2378060,42,80,277,188,A black snowboard,
2378062,5,75,347,274,a man repairing a laptop,
2378070,90,38,357,220,two giraffes,
2378073,157,177,207,116,A dog riding a surf board,
2378075,87,102,402,223,Collection of scissors,
2378079,90,77,210,325,A stoplight with snow on it.,
2378093,201,249,55,125,man in a black suit walking down a street,
2378097,164,262,227,66,The water is blue.,
2378100,141,47,192,184,two people in the kitchen,
2378103,152,7,169,428,young man wearing thin ski gear,
2378112,0,102,465,148,men playing soccer in a field,
2378115,38,262,101,35,the wall is made of bricks,
2378121,435,127,60,41,tree does not have leaves,
2378122,327,225,140,78,blue and white checked mattress,
2378123,60,91,307,165,a man and a child playing Frisbee,
2378130,275,115,160,163,The front of the train is white and yellow,
2378141,121,180,372,180,People sitting around a table,
2378144,74,97,333,186,Lambs in the field.,
2378146,41,301,77,71,silver coins on desk,
2378148,334,78,118,233,this dog appears to be in motion as the photo is snapped,
2378160,34,289,151,206,a aqua green motor bike,
2378164,177,37,310,336,A woman blow drying her hair.,
2378167,8,8,320,489,three people flying a kite,
2378168,123,3,289,287,Two giraffes are going opposite directions.,
2378169,36,20,412,343,Three people under an umbrella.,
2378170,418,30,80,202,a single tree,
2378174,46,372,122,122,A walkie talkie on the police office belt.,
2378177,186,0,178,313,a black plastic blender,
2378178,217,5,280,325,flat computer screen near cat,
2378179,47,267,105,168,Toilet with seat up,
2378181,149,103,108,119,baseball cap,
2378183,31,270,240,71,man plowing the field,
2378188,250,1,21,76,crack in the right side,
2378190,68,192,108,126,Skier with ski poles,
2378191,58,144,110,92,Blue umbrella being held.,
2378194,3,13,496,345,A pizza.,
2378200,242,218,66,155,long silver ski pole,
2378201,8,1,124,228,bottle of Session Lager,
2378202,5,4,365,482,a tennis player playing in a tournament,
2378207,137,176,95,205,a woman in a purple ski outfit,
2378213,46,190,127,128,man riding a bike across the street,
2378215,378,154,80,55,a black steam train engine,
2378216,104,37,205,337,A broken caution cone,
2378220,292,150,94,18,blue AIRFRANCE logo on side of plane,
2378221,158,67,202,212,small brown teddy bear,
2378223,0,9,491,225,THE BIKE IS BLACK,
2378227,1,0,481,376,the hazy sky is full of clouds,
2378228,47,16,368,249,bird characters on top of a brown cake,
2378229,86,126,155,125,a black bear in a yard,
2378230,209,60,232,272,White fire hydrant,
2378238,129,61,104,372,older man not wearing pants,
2378243,30,202,464,105,A large number of buses.,
2378244,267,18,27,41,tag on the ear,
2378248,33,161,230,65,Red and yellow airplane,
2378251,250,1,124,150,black framed window letting in light,
2378254,68,116,424,165,a white airplane in the sky,
2378256,80,29,67,34,the umbrella is very tassely,
2378259,299,97,25,65,White tiled backsplash in kitchen.,
2378264,23,160,215,255,guy paddle boarding on calm waters,
2378266,113,106,173,85,Three bells on top of the building,
2378268,277,198,91,51,toddler has frosting on his face,
2378276,119,175,232,77,Three auto rickshaws,
2378278,49,118,354,123,A Train with three wagon,
2378279,333,91,55,90,Metal propeller on front of plane.,
2378284,1,1,489,325,a male tennis player playing tennis,
2378286,219,151,53,125,Woman is wearing an orange vest,
2378288,173,401,36,42,a boy's brown shoe,
2378289,133,265,119,46,loose dirt on the ground,
2378290,39,60,195,64,black and white number text,
2378296,10,180,71,127,The sky is blue.,
2378298,427,145,30,48,wooden fence post in field,
2378305,53,290,242,207,white stove and oven,
2378307,0,370,230,88,Variety plate of donuts,
2378316,53,304,320,165,The ledge is white.,
2378323,283,214,208,102,a red bus running on the street,
2378327,210,158,50,85,The pants are black.,
2378331,202,16,54,21,A white Frisbee in the air.,
2378333,75,185,251,254,red octagonal metal sign,
2378338,76,69,338,209,a parked red and yellow bus,
2378342,136,266,75,70,Skateboard on two wheels.,
2378358,150,143,349,145,a bench in the park,
2378363,75,77,354,117,Airplane,
2378371,374,262,42,17,top of an bright orange hat,
2378373,310,158,11,14,Black eye on zebra.,
2378374,143,19,167,130,White cow is grazing,
2378377,107,55,380,295,dog laying on the couch,
2378380,121,132,282,47,the plane on the ground,
2378385,62,95,112,107,A giant stone in the ocean.,
2378388,0,22,107,350,toy giraffe in front of the giraffes,
2378389,311,30,82,50,a neon business sign,
2378394,58,66,435,220,Group of people sit in the snow,
2378401,128,282,59,215,man is wearing a tie,
2378403,129,4,106,66,Wooden cap on bottle of whiskey,
2378405,92,99,34,27,a woman's blue headband,
2378419,26,13,432,336,Collage of three pictures.,
2378427,151,132,50,101,A train on the tracks.,
2378432,127,148,200,152,the bath tub is white,
2378435,62,160,13,34,the woman is wearing a dark coat,
2378439,219,79,226,405,a baseball player at bat,
2378447,131,307,173,158,green kite near the water,
2378455,369,0,28,285,crooked tree trunk,
2378460,22,16,117,101,The water is blue.,
2378464,187,87,189,145,blue ruffled pillow,
2378468,7,230,489,97,slate tile countertop,
2378469,49,43,155,234,gray tabby cat under a bike,
2378470,122,192,88,82,black and white sign says fell,
2378472,319,45,71,68,A round clock on the wall.,
2378478,223,246,99,28,crust to the cookie,
2378479,66,57,145,46,almond-shaped eyes on woman,
2378482,187,189,24,21,Identification badge,
2378487,27,84,291,359,old yellow stove,
2378492,58,26,291,177,Broccoli on plate,
2378501,68,6,60,39,plain yellow ball cap,
2378503,114,185,21,32,a blue cell phone in her hand,
2378504,180,173,105,130,Large dirty white sheep,
2378513,37,17,421,290,An elephant standing in grass,
2378518,65,45,150,245,Two zebra standing in a field,
2378523,194,171,152,166,bunch of yellow bananas,
2378525,12,12,225,152,pizza on a plate,
2378527,35,170,128,52,red white and blue plane engine,
2378528,25,406,462,89,A line of flags.,
2378530,147,272,83,125,White toilet,
2378532,17,25,228,181,a very large outside clock,
2378537,73,7,351,256,a yellow red and blue train engine,
2378540,101,136,256,224,Cat on a car,
2378542,304,254,45,40,white horse on the road,
2378545,0,111,374,386,Red brick building,
2378547,84,103,392,195,plane is on ground,
2378549,37,0,369,302,woman playing tennis,
2378551,322,121,80,41,Electronic sign on a passenger bus,
2378563,70,265,161,52,A yellow and black bumper guard.,
2378566,419,67,78,135,The girl has light hair,
2378572,102,94,181,220,a clock is on the wall,
2378574,1,0,495,334,Siamese cat under purple blanket,
2378575,111,207,41,141,Young giraffe eating from tree.,
2378580,130,103,170,105,a bunch of cashews,
2378581,120,152,24,23,One wildebeest,
2378583,199,141,208,232,breaded piece of meat on a stoneware plate,
2378586,74,57,424,267,man gives something to eat to giraffe,
2378592,207,88,62,80,A McDonalds sign with directional arrow,
2378593,71,127,202,354,a rusted fire hydrant.,
2378594,11,8,478,312,A kitchen scene,
2378595,62,63,425,414,baseball player swing a bat,
2378598,121,202,108,140,the girl has long hair,
2378605,110,59,240,240,a man and a woman riding horses,
2378606,339,181,30,30,The watch on the man's wrist.,
2378612,213,27,137,215,A tennis player holding a racket.,
2378613,136,4,40,30,red black and white kite,
2378620,12,47,362,435,a Persian white and tan cat,
2378624,3,4,369,475,The sky is blue.,
2378627,101,49,238,316,Bird perched on a tree,
2378628,116,15,213,187,the man in the parking lot,
2378640,62,57,388,306,Huge head of broccoli,
2378644,106,69,70,60,boy has striped hat,
2378645,37,40,324,271,man holding a hair dryer,
2378661,42,281,70,45,the ground,
2378662,111,220,57,107,Snowboarder on a ramp.,
2378665,160,285,135,70,a view of short grass.,
2378667,89,24,354,305,a table of bananas,
2378672,44,56,136,166,Older woman in background,
2378680,75,119,402,366,Electric toothbrush,
2378681,217,204,10,10,an orange and white cone,
2378687,286,186,50,60,Man who is snowboarding,
2378691,74,111,185,95,the center of a vase.,
2378692,189,66,155,118,the clock is on the wall,
2378693,125,181,219,93,frosting sign reading central park,
2378697,210,98,109,378,girl on far right holding blue tennis racket,
2378706,110,10,347,244,Forks with apples on them.,
2378707,132,84,255,287,man with whipped cream on his head.,
2378709,60,39,396,377,man riding a wave on surfboard,
2378717,3,33,354,282,Flowers in a vase,
2378719,159,219,137,111,A pot sitting on the stove.,
2378722,341,247,121,65,a table with dishes.,
2378723,138,107,43,197,tall metal lamp post,
2378724,121,9,37,36,One bird is flying alone,
2378725,183,124,251,145,Train on the tracks.,
2378726,69,120,385,142,cat sleeping in sun,
2378739,137,282,25,55,little girl with blonde hair,
2378740,464,61,31,38,cloud in the sky,
2378744,186,24,310,314,the cat is on the table,
2378746,299,166,52,27,PERSON IS WEARING A BANDANA,
2378751,166,134,75,58,Bird sitting on the traffic light,
2378753,206,102,145,121,silver laptop on center of desk,
2378755,137,28,112,243,A women standing,
2378757,81,192,258,293,Man on the skateboard.,
2378773,264,1,208,191,Woman with orange hair.,
2378774,19,52,95,120,The tree is green.,
2378781,23,126,67,114,Meter on the side of the road.,
2378787,162,140,198,91,Cat on the bed.,
2378794,6,167,491,144,Elephant walking along a path,
2378796,238,211,78,25,silver knife cutting cake,
2378803,29,30,456,285,a cat that is inside,
2378806,27,266,382,52,street sign is blue,
2378807,63,0,90,53,A green plant above a mirror.,
2378812,228,112,24,27,Person wearing black helmet.,
2378815,61,121,39,23,black and red baseball cap,
2378820,182,202,163,61,Hay on the ground.,
2378823,145,81,202,348,person on a skateboard,
2378830,209,64,117,124,black and white clock,
2378835,1,1,498,278,The table is blue.,
2378840,122,251,52,66,kick stand on a motorcycle,
2378842,268,126,144,101,The motorcycle is blue.,
2378846,118,30,119,55,The sky is blue and white.,
2378848,108,340,91,145,right kneesock is slightly lower than left one,
2378850,62,184,249,260,A concrete slope,
2378852,28,71,93,160,A white refrigerator,
2378858,189,123,257,176,two small white sailboats,
2378861,43,105,376,198,Posing with silver hydrant.,
2378862,221,185,55,67,a piar of chopsticks,
2378863,0,235,121,39,red rustic railing,
2378864,257,202,242,67,deep blue sea,
2378865,145,273,33,21,eye on the dog,
2378868,344,195,55,46,two red tail iights on car,
2378874,217,95,49,30,Black hat with a yellow letter P on it.,
2378881,38,17,380,310,Woman laying down on bed,
2378882,247,62,163,203,TV in the background.,
2378885,401,297,12,14,Small part of the black part of street,
2378890,421,255,50,50,The leaf is on the ground.,
2378893,28,2,463,322,A ski slope with skiers,
2378903,29,49,458,294,an orange cat outside,
2378904,186,180,132,152,steel ring on a boat,
2378912,215,207,99,95,a silver laptop computer,
2378916,23,2,475,270,brown cat laying on furniture,
