image_id,X,Y,Width,Height,English_text,French_text
2357556,122,111,72,88,A woman riding a horse,
2357558,93,169,27,16,a stack of books,
2357564,101,188,134,117,the seat is down,
2357565,171,69,205,291,A white cat next to a chair.,
2357571,45,117,436,185,Children are having a party,
2357572,75,158,41,50,sail boat in the water,
2357574,48,108,109,305,this is a person,
2357576,199,103,182,250,two woman walking on the sidewalk,
2357580,184,90,157,130,the giraffe is looking down,
2357581,61,59,433,256,people playing on a baseball field,
2357584,297,140,123,22,green sign on side of bus,
2357591,52,43,319,455,man sitting on a flat blue bench,
2357596,128,53,75,31,Black sunglasses on man's face.,
2357600,12,251,169,81,bench in the sand,
2357602,293,259,35,15,handle on the cabinet,
2357604,23,160,400,175,a cow and a sheep,
2357606,80,63,133,46,Large green leaf on ground.,
2357607,161,77,185,173,green beans in a bowl,
2357609,12,73,224,350,The horse is examining the dog,
2357613,242,75,49,67,A light brown teddybear.,
2357619,225,88,60,187,scissors are made of metal,
2357631,16,455,26,23,Small patch of green grass,
2357638,47,48,442,255,plane in the air,
2357649,133,83,162,139,the hair on the man's head,
2357668,197,50,162,171,man tying shoes in the snow,
2357679,105,196,120,72,Yellow panel on bus,
2357680,0,0,499,323,The seatbelt around the waist of the bear.,
2357682,370,233,84,80,A small bush on the side of the road.,
2357687,84,183,11,8,white wave in ocean,
2357692,108,12,390,129,Cloudy day in the sky,
2357693,293,145,113,133,face of a calico kitten,
2357694,38,136,420,214,skiers on the slope,
2357700,29,72,328,332,fridges that are inside,
2357711,179,47,270,272,2 zebras standing together,
2357712,70,30,141,210,computer on a desk,
2357715,191,397,38,97,A black metal pole,
2357717,126,128,49,204,An orange and white road sign,
2357720,143,262,177,63,row of vehicles on street,
2357721,111,77,80,75,Four green kites in the sky.,
2357722,5,58,201,308,the giraffe is looking at the logs,
2357724,169,143,35,66,small green tooth brush,
2357728,89,86,355,180,Hot dogs and buns are on the grill,
2357730,228,114,119,98,light is on the wall,
2357731,343,114,86,195,a kater on border of stairs,
2357736,243,247,39,225,the stop sign is red,
2357738,60,56,154,277,Woman standing with a drink in her hands,
2357742,42,14,288,234,person surfing in ocean,
2357746,276,82,222,92,blue and white metro bus,
2357753,2,0,330,499,A girl on a phone.,
2357759,112,345,151,154,the girl standing in front of the elephant,
2357768,129,186,42,39,the shirt is purple,
2357775,421,95,40,44,a grey shinny street.,
2357776,170,68,232,220,the horse is black,
2357780,60,162,176,85,A toilet lid sits on a toilet,
2357781,266,75,35,60,flower in a vase,
2357783,36,29,428,325,jet plane flying in the sky,
2357784,0,1,248,495,statue holding an umbrella,
2357786,48,20,367,271,A bear is tangled in a cord,
2357790,147,9,152,107,a man on a surf board,
2357794,173,171,290,122,Group of baby elephants near the water,
2357795,164,109,152,261,Red and white fire hydeant,
2357796,78,150,209,77,plane on the runway,
2357797,132,235,177,161,two women walking in the rain,
2357799,4,47,210,95,clouds on the screen,
2357801,101,84,22,42,right ear of a man,
2357817,87,98,220,170,the bus is blue,
2357820,2,2,112,67,snack rack in the background,
2357821,106,325,102,44,Small sticks next to fence.,
2357825,15,389,225,109,White tiles on the floor,
2357826,46,1,450,497,Old woman in the foreground,
2357829,161,4,273,325,person skateboarding on sidewalk,
2357835,57,265,111,109,metal barrel painted red,
2357836,46,108,343,165,Two zebras in a zoo.,
2357843,143,163,73,91,a clock tower,
2357847,65,11,260,456,the red and white fire hydrant,
2357850,0,322,386,121,people are in the beach,
2357855,27,8,446,345,discarded items piled in the corner,
2357858,10,0,181,165,the head of a baseball player,
2357859,88,242,329,130,a car driving down the street,
2357862,122,270,231,103,Large black chain in the forefront.,
2357866,21,285,18,27,leaves on the grass.,
2357873,15,30,415,247,bears and Nikon cameras,
2357882,118,247,58,49,white crochet hat with red flower on side,
2357889,175,58,51,66,the shirt is black,
2357890,339,65,77,272,a batter preparing to bat,
2357891,41,83,181,68,Blue Vase with dirt in it,
2357892,166,131,292,200,Woman sitting outside,
2357906,202,160,160,44,Black sign on building.,
2357908,250,165,56,45,tv across the room,
2357913,356,175,45,82,a black and white cow,
2357914,1,65,368,197,jagged mountains covered in snow,
2357921,1,295,329,203,reflection of trees in the water,
2357928,193,163,155,210,the shirt is stripes,
2357930,421,225,46,40,A drain in the sink,
2357932,5,205,318,215,the plate is on the table,
2357944,6,151,48,91,salt shaker on table,
2357948,92,15,73,17,gold dome on top of clock tower,
2357956,0,50,498,228,White and blue airplane flying in the air,
2357957,79,48,307,272,Elephant standing in clearing,
2357958,297,182,180,34,a white surfboard in the water,
2357961,25,62,434,227,white bus or coach,
2357962,275,245,25,69,Player hold a baseball bat,
2357963,224,39,150,218,A batter hitting at ball,
2357968,86,333,35,19,pebbles between the tracks.,
2357982,133,225,27,30,The flower is white.,
2357986,186,376,13,15,the 12 on a Roman Numeral clock,
2357987,324,319,36,12,Chimney on top of building,
2357993,126,88,372,172,four people at a beach,
2358000,236,145,75,120,White remoote in hand,
2358002,35,34,435,293,two men playing a video game,
2358008,83,71,377,269,a rail way cars,
2358012,169,210,40,102,person skateboarding down the street,
2358014,274,214,46,86,speaker with green light on,
2358017,85,233,180,62,Green toilet tank atop lid.,
2358025,23,73,122,206,A zebra and a fence.,
2358026,80,70,33,41,Bird in the sky.,
2358029,390,183,91,68,A white frisbee flying through the air,
2358030,385,108,15,15,part of a hill,
2358040,79,23,100,56,A blue and red tennis racket,
2358044,364,93,134,205,A wall being prepared to paint,
2358048,43,63,256,192,Computer monitor screen in use,
2358050,78,5,307,361,Two giraffes walking along.,
2358051,38,254,102,77,A car on the road.,
2358057,1,2,498,355,hot dogs on tray,
2358058,65,16,374,312,the man is surfing,
2358068,315,22,29,10,these are giraffe horns,
2358073,23,13,25,42,white clouds in blue sky,
2358076,198,1,82,162,a woman sitting in a lawn chair,
2358077,94,243,310,72,a sign,
2358087,139,125,250,348,a child on a skateboard,
2358088,120,145,230,200,the bench is empty,
2358095,8,43,143,52,people behind the bikes,
2358098,283,2,180,368,flowers in a glass jar,
2358100,348,203,147,55,gold Toyota Prius car,
2358107,189,138,104,123,older woman wearing glasses,
2358109,132,128,133,56,The red logo on the shirt says Braves,
2358111,368,78,123,251,Boy playing baseball.,
2358112,218,10,68,111,a jockey wearing a red vest,
2358114,325,28,37,90,the tall tower out the window,
2358116,340,46,117,70,sunlight coming through a large window,
2358117,36,8,405,260,A large black double decker bus,
2358121,161,64,161,133,large gray building,
2358122,389,279,28,27,heart emblem on faceplate,
2358124,108,243,87,46,A boat in the water.,
2358126,17,30,469,213,ducks in green water,
2358127,78,10,315,292,a white and black sail boat,
2358129,225,260,48,39,license plate on the bus,
2358132,43,130,275,346,A man flying a kite at the ocean,
2358136,219,66,184,134,The rice is white.,
2358138,61,112,401,162,Group of sheep laying in grass,
2358140,260,76,177,176,sea coral underwater,
2358141,49,96,337,269,family of giraffes,
2358142,68,73,176,426,a woman on top of a traffic light,
2358146,340,92,65,162,French fries on plate,
2358147,210,46,99,188,Part of traffic light,
2358154,235,122,76,175,man in orange shirt and black plaid shorts,
2358161,371,20,41,46,Man wearing black hat,
2358162,205,38,22,40,Flag with red and white design,
2358171,39,173,48,90,a giraffe by a tree,
2358173,3,0,495,498,food over a white dish,
2358174,93,45,182,204,red stop sign on green post,
2358176,328,263,27,17,part of a court,
2358177,196,40,136,77,The sign is green and white,
2358182,20,77,230,101,row of umbrella closest to the water,
2358183,126,72,78,202,baeball batter,
2358199,196,35,274,186,large blue glider in the sky,
2358200,95,109,59,78,Man surfing the wave,
2358201,26,69,456,224,mama and baby sheep in the grass,
2358208,97,27,88,203,Man in white and black uniform,
2358210,243,160,60,21,A dark boat on the water.,
2358219,450,107,49,35,Girl has blonde hair.,
2358228,30,14,263,237,young man para sailing in ocean,
2358233,229,35,193,278,blonde girl sitting on a bed,
2358234,35,68,62,70,picture on the wall,
2358235,5,30,63,81,a candle in a jar,
2358238,161,148,110,103,surfer,
2358240,321,96,25,15,the bus number is 968,
2358241,76,206,94,65,blue kettle on th stove,
2358244,13,280,96,52,a shadow on the ground,
2358254,43,17,273,426,an older woman cooking,
2358256,0,10,481,292,A man holding a bird,
2358257,31,130,16,18,red letter on building.,
2358258,3,2,302,387,man holding bowl of noodles,
2358260,353,1,130,185,very tall palm trees,
2358269,465,181,30,44,Blue bubbles mouse pad on the desk.,
2358274,216,154,72,67,green sign on right side of road,
2358277,131,185,365,162,dining area outside restaurant,
2358289,140,32,57,66,man is wearing a gray plaid hat,
2358290,0,64,78,108,Green trash can,
2358300,3,5,490,364,A young man sitting in a white plastic chair with his laptop computer looks for something on the ground,
2358301,165,338,161,28,rail the train is traveling on,
2358311,106,83,225,175,a donut of multiple colors,
2358313,188,44,140,202,Man riding a skateboard in a parking lot,
2358315,1,168,168,103,A bowl of french fries,
2358319,178,123,113,148,This man is using a laptop computer here,
2358322,134,10,96,119,Woman wearing a white visor,
2358326,231,414,141,83,wall of room is yellow,
2358327,305,188,71,109,There are bright yellow bananas in this photo,
2358336,103,73,95,52,lights attached to a bathroom mirror,
2358348,99,84,131,88,surf board carried by surfer,
2358349,43,23,239,286,the mannequin is wearing hat,
2358350,21,1,219,319,face of a dog,
2358352,5,48,176,242,woman pouring wine into glass,
2358362,41,11,335,85,yellow gray and white airplane,
2358367,75,2,174,55,A person hand is on top of blender.,
2358372,186,61,100,116,girl has blonde hair,
2358375,199,113,178,100,a brown cow with a black face,
2358378,203,147,55,74,the number is 18,
2358384,281,252,25,24,blue flowers on plate,
2358385,256,15,45,48,white clouds in blue sky,
2358391,64,80,432,202,two cats laying on a wooden bench,
2358395,285,85,27,27,the number 8 in red,
2358401,164,252,60,49,The front wheel is black.,
2358403,187,184,224,62,blue cargo train,
2358404,36,255,93,42,small rocks on the ground,
2358407,15,27,475,220,The horses are running a race,
2358412,40,137,111,150,horse grazing in the foreground,
2358417,262,182,58,137,the girl is skateboarding,
2358420,5,99,487,273,a plate of food,
2358423,356,99,20,26,A feild goal on the ground,
2358426,24,43,173,330,large and orange hydrant,
2358431,197,9,112,53,The frisbee is white.,
2358433,13,84,452,192,Many boats out on the water,
2358434,109,139,150,232,black dog with a short tail on a tiled floor,
2358436,39,234,129,138,two people standing on the beach,
2358441,65,3,88,77,electric kettle on countertop,
2358444,284,189,70,83,The bird is standing in the sand,
2358445,211,55,95,185,a black parking metor,
2358451,10,5,472,354,multiple kites in sky,
2358454,213,242,12,11,piece of chopped white onion,
2358470,167,210,99,112,green pepper on the cutting board,
2358472,164,89,166,153,silver dime in middle of circle,
2358473,247,314,28,77,A blue and red tie,
2358474,169,79,145,159,girl is on snowboard,
