image_id,X,Y,Width,Height,English_text,French_text
2385579,85,176,256,180,A black kitchen sink.,
2385580,6,86,492,246,the truck is blue,
2385581,63,1,375,372,fairly ritzy bathroom undergoing minor construction repairs,
2385585,25,159,165,315,An orange fire hydrant,
2385590,6,5,340,465,Three people in the foreground,
2385593,100,250,397,122,Brown hardwood floors.,
2385594,39,144,342,123,a man and dog is surfing,
2385595,86,29,333,133,Two pictures are joined together.,
2385596,6,24,241,465,THE VASE IS STRIPED,
2385602,37,78,335,266,yellow and blue curtains over a sliding door,
2385604,4,257,324,204,This is a cat,
2385615,86,18,127,101,One boy is doing skating.,
2385616,224,55,58,42,man wears black and red cap,
2385626,163,252,25,40,edge of a paw,
2385632,105,322,90,49,a container of sushi,
2385633,7,5,472,360,girl holding two cell phones,
2385634,91,130,22,25,the left most knob,
2385638,173,81,62,55,white frisbee lying on blanket,
2385641,284,24,71,86,stroller by the railing,
2385644,153,3,247,79,Muddy brown water in the background.,
2385652,25,65,79,64,piece of cut up carrot,
2385655,151,185,61,196,metal post of a cable fence,
2385656,232,15,29,47,this shirt is red,
2385665,58,100,112,67,a green street name sign,
2385667,268,145,29,66,red length of rope on back of horse,
2385673,58,28,395,340,large metal pot full of vegetables,
2385675,56,109,168,162,girl holding pink phone,
2385676,1,12,331,487,a bunch of fruit in a bowl,
2385686,166,88,155,219,woman pinning up a poster on the wall,
2385693,25,22,414,285,a commuter train on the tracks,
2385697,111,203,115,107,Back spare tire compartment.,
2385700,283,232,32,21,Red sauce on the pizza,
2385701,79,59,154,53,a pair of eyeglasses,
2385703,202,119,188,165,maroon and white train car,
2385707,55,23,349,210,a truck riding down the street,
2385708,383,144,23,50,part of a stand,
2385711,27,8,99,167,Black speaker near black mug,
2385714,268,181,192,192,a red and white t shirt with a face on it,
2385718,20,4,43,52,this is the sky,
2385723,227,408,25,27,part of a grass,
2385726,134,383,144,114,white cubby for holding toys,
2385727,13,95,115,197,A white apron.,
2385734,160,163,89,211,bun length hot dog,
2385735,156,188,88,76,red apple with the letter M created in whipped cream,
2385737,289,198,89,109,Dog wearing red collar,
2385741,192,128,54,310,woman wearing a blue and red scarf,
2385748,181,90,17,18,part of a grass,
2385750,90,79,85,50,metal wires in the sky,
2385759,303,1,60,68,a round and white light fixture in ceiling,
2385765,1,239,225,256,a brown outdoor stair case,
2385768,96,110,172,243,wooden double doors,
2385769,167,15,224,271,Two giraffes standing together,
2385774,88,39,325,292,the boy throwing the frisbee,
2385775,180,46,37,39,the branches of a tree,
2385781,115,155,70,134,Roses lying next to woman,
2385782,247,20,92,72,a off white wall.,
2385787,47,160,219,137,a red umbrella,
2385789,296,146,170,80,Fresh pears with orange tags,
2385791,69,359,60,85,silver pizza pan on table,
2385792,92,83,282,216,brown bear in the city,
2385800,249,103,94,170,toddler sitting on a bed,
2385801,102,155,127,264,A woman standing near the bench,
2385803,172,163,192,111,Two cows eating the grass,
2385805,7,3,490,324,A image shows domestic setting,
2385809,5,82,482,175,a jet in the air,
2385815,231,175,95,55,blue vehicle parked by building,
2385823,3,1,496,330,two police officers riding motorcycles,
2385827,83,149,195,150,half of donut is covered in chocolate,
2385831,71,80,217,222,a tennis player hitting a ball,
2385835,140,356,23,58,Fire extinguisher next to fridge,
2385836,294,167,153,18,Wooden book shelf,
2385838,6,58,435,308,a large white bus,
2385840,187,122,36,32,a clock,
2385841,290,30,50,41,people in a row boat,
2385850,332,283,123,81,a box of flowers,
2385851,70,104,195,244,two men carrying suitcases,
2385854,359,115,28,29,person in a red and white hat,
2385859,282,174,88,198,cup of ice water,
2385860,263,19,39,52,Red and tan stripes,
2385861,96,58,169,265,a toilet in a shed,
2385863,73,290,136,60,this is a bench,
2385866,320,286,85,32,small black power cord,
2385877,246,45,244,139,a stainless steel bowl containing chips,
2385879,63,66,168,137,screen of a TV is on,
2385883,151,143,16,52,red and white neck tie,
2385886,157,87,123,120,Three printers on a table,
2385892,0,0,333,258,The sky is blue.,
2385896,103,7,392,327,orchid in white ceramic vase,
2385904,139,25,222,290,the teddy bear on a pole,
2385908,300,5,172,145,Box is black color.,
2385910,176,120,6,7,The beak of the duck on the left.,
2385912,241,300,18,12,a cell phone sticking out of a pocket on a pair of jeans,
2385914,71,59,85,125,lady wearing short sleeve orange T shirt,
2385917,148,11,252,320,tennis player with a white shirt,
2385918,39,186,31,26,small front tire on back airplane,
2385922,64,35,433,287,there is a group of sheep searching the grond for pieces of hay to snack on,
2385927,98,200,147,98,a worn toilet seat,
2385930,55,127,352,112,people sking down a slop,
2385933,335,103,36,28,The red hat the kid is wearing.,
2385936,234,120,20,22,The tail of the plane.,
2385937,96,160,58,125,spotted giraffe in wild,
2385940,212,234,235,132,The person hand is on the laptop.,
2385942,111,335,147,135,a strip tie,
2385948,227,145,15,18,The helmet on the snowboarder's head.,
2385949,22,5,425,368,Kitchen in a house.,
2385950,220,105,84,80,man surfing in green ocean,
2385952,87,45,349,379,boy jumping into the air,
2385963,138,1,134,106,man has dark hair,
2385969,127,105,337,83,a long red train,
2385970,57,10,186,444,street signs on a pole,
2385971,301,148,141,134,underside of plane engine,
2385984,183,110,214,275,an empty jar on a table,
2385987,32,80,388,170,a white boat on water,
2385992,98,174,66,62,A small laptop computer,
2385994,232,62,133,68,A hospital bed with a lady in it,
2385997,46,15,391,187,A large mountain in the background,
2385998,0,5,497,362,people attending an event,
2385999,0,205,225,126,back of upholstered chair,
2386001,155,146,40,74,blue and white hand towel,
2386004,28,82,409,204,Boat on the water.,
2386006,168,108,207,127,the kids are about to fly kites,
2386007,135,89,84,115,Window in an airplane,
2386008,12,72,61,76,brown hair on a teddy bear,
2386010,3,1,399,360,Dog in the car.,
2386013,239,72,172,260,MAN WEARING A WEDDING BAND ON HIS FINGER,
2386016,77,87,238,204,a road sign.,
2386018,0,1,495,376,bagel is half eaten,
2386019,31,327,316,168,A Green Jeep,
2386024,158,131,26,37,a teddy bear figure,
2386025,201,56,248,295,A young girl is playing with a tennis racket,
2386027,193,96,57,40,black object at edge of court,
2386029,80,115,32,23,lampshade near the bed.,
2386030,166,325,27,28,part of a floor,
2386031,177,1,262,354,white dog on sidewalk,
2386034,315,71,16,25,the girl is wearing a necklace,
2386036,0,55,499,311,Three uncooked pizzas on the table,
2386037,159,55,87,70,orange Frisbee,
2386039,183,137,69,113,a man wearing black pants on a skateboard,
2386041,250,305,56,58,a tower crane working,
2386042,211,233,72,49,The pot is made of metal.,
2386043,214,386,85,57,small silver toy car,
2386046,45,166,189,318,the sheep is posing for the camera,
2386055,200,85,172,30,Three white freight cars,
2386057,148,291,116,72,Person sitting in snow,
2386058,5,12,130,122,picture of golden face,
2386060,2,19,497,330,Two halfs of a egg and vegetable sandwhich,
2386065,0,75,161,100,a big white wave.,
2386071,1,333,372,159,deep white tub with towel,
2386073,41,162,245,167,cat,
2386074,9,280,147,40,The photo has a watermark.,
2386078,199,2,174,369,boy with short blonde hair,
2386082,317,246,66,45,red and white flag,
2386083,3,6,369,490,lemons in a tree,
2386089,190,82,252,196,A little brown and white horse.,
2386091,23,85,146,132,a vase with flowers,
2386094,63,23,418,308,a big elephant,
2386098,0,0,498,167,ocean water at the beach,
2386104,328,108,65,75,the man is holding his hand in front of the meter so they can read it,
2386108,176,72,87,17,crystal clear blue skies,
2386109,358,124,107,161,mason jar filled with brown liquid,
2386112,391,228,30,29,green grass and brown dirt,
2386113,8,21,484,302,The table cloth is white,
2386114,43,2,428,331,the motorcycle is parked,
2386116,167,65,144,112,a dog inside a suitcase,
2386124,362,129,12,22,AMERICAN FLAG FLYING IN THE BACKGROUND,
2386125,216,31,140,193,Woman has long hair.,
2386130,49,214,160,117,an oval wooden table in a dining room,
2386134,150,1,101,81,woman is wearing dark helmet,
2386135,246,215,17,31,Red paint on the train,
2386136,4,207,487,121,asphalt road,
2386139,35,86,401,285,People on the dock.,
2386145,18,173,93,156,people standing beside train,
2386146,425,212,70,115,tail feathers of a falcon,
2386147,22,177,126,62,white umbrellas above chairs,
2386148,305,108,70,25,Easy jet plane in flight,
2386156,2,173,242,95,Silver compact car,
2386160,0,133,94,189,The dog is on a leash.,
2386162,8,17,444,357,a bedroom,
2386163,38,147,68,46,small train car carrying passengers,
2386164,154,265,183,59,three zebras in a field,
2386165,245,187,159,178,man's shirt is green,
2386168,52,73,278,396,Giraffe in the wild.,
2386180,128,25,165,298,long piece of banana on top of an apple,
2386186,158,85,95,232,tennis player wearing a white shirt and black shorts,
2386193,1,7,495,365,Beef and broccoli,
2386194,25,68,430,260,a group of skiers and snowboarders,
2386197,160,127,146,120,fully-clothed man floating on board in water,
2386202,0,208,321,291,The sidewalk is gray.,
2386208,96,97,148,115,red and white bus,
2386210,0,158,28,67,a woman walking on a tennis court,
2386214,15,3,466,355,train and standing men seen on car mirror,
2386215,118,384,79,76,male skier skiing down hill,
2386216,91,52,277,235,a group of people skiing,
2386223,221,8,80,55,The wall is off white.,
2386237,115,163,18,12,a yellow beach umbrella,
2386239,138,237,75,200,brown luggage on platform,
2386244,255,39,11,10,small white nike symbol,
2386250,298,58,93,102,Mary Poppins showing on tv,
2386252,279,201,25,39,The woman gives a thumbs up.,
2386253,2,2,371,493,Double sinks in a bathroom,
2386254,117,130,105,63,a curled up brown striped cat,
2386257,98,120,23,16,eye of a boy,
2386262,90,295,80,56,old wooden toilet seat,
2386268,168,45,185,79,puffy white clouds in the sky above the plane,
2386270,80,232,23,24,a gold and black large clock,
2386277,96,65,137,155,people standing around a busy train station,
2386278,284,84,92,192,black trash can labeled litter,
2386280,3,184,146,81,red bike leaned on pole,
2386288,17,159,56,76,blue and white statue,
2386295,23,42,441,330,A bowl of fruit,
2386296,159,110,182,179,blue plate with vegetables on crackers,
2386301,242,363,172,118,Brown cow laying on grass.,
2386305,166,184,55,27,Eyes on the fire hydrant,
2386309,215,71,127,237,black and white head of zebra,
2386310,335,130,110,125,Red and white stop sign,
2386312,21,89,463,139,a red and white sign.,
2386318,85,5,25,20,Blue flag on top of building,
2386320,256,87,38,31,pink kite being flown in sky,
2386323,255,150,80,45,Cute little doggy nose,
2386327,25,1,162,77,A yellow Nerf Maveric gun,
2386328,70,115,285,190,A bird standing on a desk.,
2386329,89,30,235,343,A snarling Asian woman,
2386337,111,178,352,82,two horses being ridden on a beach,
2386341,37,178,229,221,brown and tan cat,
2386348,225,8,90,297,a man holding skis,
2386352,52,387,139,91,part of a piece of pizza,
2386353,4,136,244,220,mother giraffe with her two babies,
2386355,183,53,225,24,a train on a track,
2386356,19,216,466,112,a deeply flooded road,
2386358,1,108,495,171,a British Airways plane,
2386361,204,97,125,143,a surfer,
2386364,35,24,464,375,a young boy and an old woman,
2386365,149,38,183,195,man riding an elephant,
2386370,26,175,371,145,A passenger jet,
2386378,383,100,52,17,A white coffee filter.,
2386379,8,0,489,67,a cloudy blue sky,
2386386,26,33,322,182,Cat watching something,
2386389,1,1,441,296,A white bowl of food,
2386393,23,385,26,18,a green leaf on the table,
2386394,321,279,87,94,towels hanging on a stove handle,
2386399,107,113,88,87,a ripe red apple,
2386400,52,62,120,81,three people sitting on bench,
2386405,2,1,46,93,Frosting on the side of the box,
2386409,6,11,492,345,a saturated photo of an old train,
2386412,6,3,487,362,a selection of fresh fruits and vegetables,
2386414,142,90,55,57,slice of pickle on top of sandwich,
2386422,137,84,205,142,Two surfers walking into the ocean,
2386427,240,118,100,148,the train is in motion,
2386429,153,259,19,42,Man has brown hair.,
2386437,4,144,457,350,bottom shelve of a stove,
2386439,139,20,130,157,white metal street sign,
2386441,53,277,85,47,black cat walking on grass,
2386444,8,4,345,326,man laying with back on bed,
2386447,4,52,262,282,a guy sitting on a bench,
2386449,63,74,151,182,the head of a dog,
2386451,8,120,487,197,black truck towing a boat,
2386452,184,223,65,149,black and white hose with black shoe,
2386453,1,34,372,462,the train is at a station,
2386459,409,228,47,59,a silver wrist watch,
2386460,187,225,56,53,Pair of red plastic scissors,
2386464,294,35,26,67,traffic signal with green light illuminated,
2386469,289,104,75,57,Melted cheese on pizza.,
2386473,227,136,194,162,Black and white zebra is standing,
2386476,177,166,70,90,Yellow flower in vase.,
2386481,113,38,305,251,boy on a skateboard,
2386488,136,176,36,74,person standing on skis,
2386489,56,18,177,123,person doing a snowboard jump,
2386492,120,168,153,131,colorful kite in the air,
2386494,212,472,6,10,part of a fence,
2386495,274,178,75,98,tan colored coffee table,
2386497,1,161,297,225,The floor is gray.,
2386505,341,79,7,7,Red do not walk light,
2386510,177,68,114,196,Girl has long hair.,
2386513,319,330,20,26,part of an ocean,
2386520,187,169,19,60,a black airplane propeller.,
2386524,114,176,190,158,two sand colored signs on pole,
2386526,276,23,220,260,Movie DVD on table.,
2386530,275,60,93,101,bald man wearing glasses,
2386533,5,8,385,485,adult and children with food ingredients,
2386539,314,0,157,183,A metal fork used for eating,
2386552,24,157,77,175,man standing on the left,
2386554,340,280,65,72,Small green lime half,
2386559,0,95,353,114,animals in the field,
2386560,7,6,270,489,An slanted image,
2386561,146,104,352,267,A black and white cow,
2386562,0,12,246,345,The horse is brown and black.,
2386568,31,88,419,165,group of turkeys,
2386571,225,451,111,48,Brown toilet lid on toilet.,
2386575,19,132,223,339,blonde female tennis player,
2386583,56,191,91,31,designation of type of public servant,
2386586,2,16,286,313,Child playing video games,
2386592,123,108,21,25,Person has brown hair.,
2386603,193,133,119,60,man is wearing glasses,
2386605,262,5,175,311,young female skateboarder,
2386612,234,145,218,177,the van at the beach,
2386618,235,225,229,43,book on top of book,
2386619,403,215,36,74,bottled beverage on desk,
2386620,45,75,397,279,dogs playing in grass,
2386622,203,433,31,28,square design on red neck tie,
2386626,46,203,289,250,slice of white cake,
