image_id,X,Y,Width,Height,English_text,French_text
2388891,17,25,462,144,The sun is rising.,
2388898,215,156,145,155,A piece of stake is on the plate.,
2388903,218,138,138,108,cell phone in left hand,
2388906,177,427,5,14,the luggage is black,
2388907,136,44,150,160,Man is wearing a helmet,
2388908,226,22,205,246,A laptop on top of books.,
2388909,55,53,267,279,road sign on pole,
2388910,2,15,465,216,Five American presidents stand in a row,
2388911,9,79,186,418,a tall street light,
2388914,12,16,343,457,bathroom sinks countertops and cabinets,
2388918,258,130,22,25,red wheels on skateboard,
2388921,71,32,322,339,a woman holding a slice of pizza,
2388922,106,75,245,247,a motorbike,
2388924,8,327,491,46,rocks with green moss,
2388925,85,151,219,149,a very large do-nut.,
2388926,150,149,212,200,a boy is smiling,
2388931,173,390,6,16,the tie is green,
2388936,142,77,345,260,The sheep stands by the fence,
2388942,112,86,148,116,This shirt is red and white,
2388944,177,132,220,194,Woman in boat at market,
2388945,6,84,136,129,a basket on the back of a toilet,
2388946,20,280,30,18,black car with all doors open,
2388956,136,50,74,73,a red helmet on a man,
2388968,240,113,82,78,Man is submerged,
2388974,339,274,69,70,White spiral shape pasta,
2388977,230,241,59,57,green hydrant,
2388982,82,150,90,44,\Air transat\ written on side of airplane,
2388986,47,37,345,242,open-face bacon and cheese sandwich,
2388987,162,278,139,98,His shorts are above his knees,
2388993,166,152,151,146,A baby elephant near water.,
2388994,75,324,115,83,A towel is on the floor.,
2388995,224,121,70,115,blue helmet,
2388996,68,123,181,352,Fire hydrant is red.,
2388999,435,332,19,26,the fence is black,
2389002,6,81,37,37,the head of a giraffe,
2389007,331,180,98,144,a sign on the beach,
2389010,211,66,164,162,The clock is gold,
2389017,11,56,488,270,three brown horses,
2389018,225,124,138,89,brown bear in zoo,
2389022,316,184,72,91,a wooden stool,
2389028,1,1,371,495,close up of clock face,
2389029,156,2,200,193,Television hanging from bedroom ceiling,
2389036,165,137,45,75,black ice maker on fridge door,
2389039,4,117,345,377,The water is blue.,
2389040,241,220,17,17,edge of a clock,
2389046,50,445,14,16,the grass is tall and green,
2389058,176,15,174,78,grafitti on a traffic sign,
2389063,87,129,237,167,piece of pie on plate,
2389064,120,45,147,207,Man sitting on a couch,
2389070,140,122,104,123,a white closed freezer,
2389083,240,84,71,108,a man wearing glasses,
2389084,39,1,460,372,man eating in a fast food restaurant,
2389085,107,123,151,358,Girl pulling suit case down the hall,
2389089,239,316,11,10,the grass,
2389090,225,161,11,17,the white letter c,
2389092,3,7,495,76,white clouds in the blue sky,
2389095,180,27,284,87,Words on the bus.,
2389097,182,251,26,31,the line is yellow,
2389100,8,183,89,115,woman grimacing under umbrella,
2389101,49,344,157,137,A building,
2389103,230,328,11,22,black mark is spotted,
2389112,250,47,136,132,tail is blue and red,
2389113,38,162,149,182,truck on the dock,
2389114,112,67,87,65,tv above fireplace,
2389120,196,90,90,147,letters on cake are white,
2389126,135,85,152,208,She is playing tennis.,
2389138,111,77,165,222,black and white striped zebra,
2389141,7,132,492,198,A group of horses standing in field,
2389142,158,394,102,94,the doors are visible,
2389143,292,287,21,32,the water is clear,
2389150,29,40,464,292,the tennis court is red clay,
2389152,311,172,57,70,a leaning bike,
2389154,478,122,13,12,No walking sign on a post,
2389159,349,236,61,50,number 2 on the school bus,
2389160,123,51,303,134,the mountains are visible,
2389163,278,22,18,11,Horns on the animal.,
2389165,417,437,17,34,the plate is white,
2389166,182,76,234,204,The train's front is yellow.,
2389174,287,56,79,56,woman wearing pink bandana,
2389176,61,215,197,160,The person is wearing a blue top.,
2389179,71,35,155,420,dog is standing on couch,
2389180,141,191,64,39,chocolate covered doughnut,
2389182,180,216,90,101,the road,
2389183,73,163,220,279,a vase filled with flowers,
2389184,127,32,117,65,yellow drawn stars in picture,
2389187,341,73,24,46,red back pack,
2389192,26,20,247,166,trees on the side of the tracks,
2389196,61,96,360,137,Onion rings and burger are in basket.,
2389205,33,2,261,135,A group of spectators in the bleachers,
2389206,192,62,153,68,The wall is made of tile,
2389211,433,55,16,72,The sky here is a very bright blue color,
2389213,110,470,19,16,the floor,
2389215,36,133,242,194,A skateboard,
2389222,162,180,225,175,black cellphone on table,
2389226,31,35,127,128,man wearing a white shirt,
2389230,120,346,175,57,A pair of red shoes,
2389233,220,256,48,61,person wearing black shorts,
2389237,271,100,40,178,a trunk of a tree,
2389239,10,412,49,71,The sidewalk is made of brick.,
2389242,167,88,69,102,red white and blue plane,
2389254,354,105,77,216,Man riding black bike,
2389267,38,7,247,215,Plane that is parked.,
2389270,96,90,216,346,statue of baseball player,
2389271,149,164,123,67,The bananas are green.,
2389279,11,11,457,300,A motorcycle is parked here,
2389282,103,304,108,67,This is a park bench,
2389296,91,85,141,365,Mass transit train,
2389297,302,285,58,52,the grass,
2389298,85,51,103,68,the sky is clear and visible,
2389301,0,245,161,94,A long metal gate,
2389302,62,60,347,273,the buses are blue,
2389306,304,73,127,422,A stop sign,
2389309,376,122,123,376,Man in glasses with blonde hair,
2389311,92,140,380,87,three horses forming a line,
2389316,5,250,32,41,Yellow cord on a railing,
2389318,192,247,15,18,black mark is spotted,
2389333,123,6,280,312,white teddy bear on bed,
2389334,2,218,495,152,flooding muddy water rushing past motorcyles,
2389335,151,140,53,25,The man has a mustache.,
2389339,213,0,128,309,Wine glass holds some wine,
2389340,19,330,101,88,THE POLAROIDS ARE ON THE TABLE,
2389343,238,62,76,49,kite flying in air,
2389349,301,90,104,117,a small red mark,
2389357,92,154,82,40,a slice of radish,
2389360,336,187,92,86,clock,
2389366,325,251,131,20,Houses along the water line,
2389368,225,144,84,152,a black shirt with a yellow stripe,
2389373,171,51,168,245,woman teaching young child how to ski,
2389374,0,76,499,98,THE WAVES ARE BREAKING,
2389377,12,124,86,36,white logo on grass,
2389378,0,80,120,96,purple flower with green stem,
2389380,179,134,154,195,the table is wooden,
2389396,70,20,410,305,Two men playing with a frisbee,
2389402,186,98,30,33,Bear has black nose.,
2389403,28,224,163,154,the cow,
2389405,0,37,299,247,two people on the grass,
2389408,232,177,81,78,smaller brown bag with checkerboard print,
2389412,355,128,20,25,the eye of a cow,
2389414,101,117,217,363,a tall standing giraffe,
2389417,187,152,124,47,a pair of eyeglasses,
2389423,4,1,192,70,gray cloud in the sky,
2389427,398,53,60,75,black and white cow grazing,
2389430,251,107,80,80,People snowboarding in the mountains,
2389433,10,20,483,224,An airport scene,
2389440,147,314,150,179,fuzzy white teddy bear,
2389441,3,3,496,492,some guy who inexplicably wanted to be double-exposed w/ his tie,
2389442,222,237,37,22,Front end of white,
2389453,117,155,113,112,the grass,
2389454,39,66,272,365,girl sitting on wooden bench,
2389455,10,17,467,335,kitchen in an hotel,
2389457,255,16,62,38,woman's helmet is black,
2389469,340,165,134,132,the back of an air conditioner,
2389472,453,163,40,58,a bottle of lotion,
2389474,161,92,87,90,The dog is looking out the window.,
2389475,158,127,125,110,man's shirt is blue,
2389477,110,283,92,85,the snow is white and clear,
2389480,3,64,495,265,TWO ZEBRAS ARE WALKING,
2389484,90,146,332,85,green and white street sign on pole,
2389485,106,110,112,110,a giraffe with his nose in the window,
2389491,97,179,60,78,the clay on the ground,
2389503,144,265,65,64,street sign on street post,
2389507,78,84,53,32,A young girl is wearing red goggles,
2389508,200,107,80,256,Double yellow line on a road,
2389510,90,106,154,207,white street sign with pictures,
2389517,293,190,68,97,man skiing on mountain,
2389518,155,31,61,77,Plane flying in the air,
2389520,103,54,286,288,a dome mirror on a pole,
2389522,224,112,69,120,cat watching tv program,
2389526,4,55,139,295,woman walking on the sidewalk,
2389529,161,256,236,102,Comfertor on a bed,
2389531,191,133,138,179,Woman drinking a glass of wine,
2389534,156,196,44,46,pizza in a woman's hand,
2389540,65,159,90,44,large TV on wall,
2389542,137,153,62,126,a young skateboarder,
2389544,60,80,352,283,the men are sitting in the snow,
2389547,90,222,137,175,the dog is wet,
2389548,3,0,190,136,A cluster of yellow bananas.,
2389550,206,0,145,434,wine in a glass,
2389551,78,98,48,164,woman standing by sidewalk in black and white photo,
2389555,71,32,383,238,this is an airplane,
2389556,8,201,248,276,man swinging a baseball bat,
2389561,61,95,113,245,This is a child,
2389564,198,1,45,103,Light hanging from the ceiling,
2389565,227,108,271,286,young lady sitting on couch,
2389571,216,69,125,190,the clock,
2389572,239,172,116,139,The woman is sitting on a bench,
2389573,126,25,90,153,The woman's hair is down,
2389578,149,299,53,99,Pink pair of pants.,
2389582,114,75,328,382,red double-decker bus,
2389588,87,15,306,332,the clock is close,
2389591,46,74,231,297,two women sitting on a bench,
2389592,193,24,128,67,clouds in the sky,
2389596,63,197,47,53,The boy has light hair,
2389605,189,91,180,165,an iMac personal computer,
2389609,356,265,140,120,white car parked near a fence,
2389612,265,140,32,57,person wears orange helmet,
2389623,132,220,104,146,several Pringles potato chips,
2389624,226,213,53,58,the girl plays wii,
2389629,111,285,208,206,bike sitting next to man,
2389632,70,35,427,331,three motorcycles propped on stands,
2389634,0,291,363,163,Cat in the lap.,
2389641,216,165,144,142,the cat in the house,
2389643,152,264,163,94,Bottled water,
2389648,273,97,25,12,woman wears white cap,
2389650,124,166,124,159,Person is skateboarding outside,
2389652,28,111,140,221,Stickers on a fridge,
2389660,1,4,38,337,Signs for businesses,
2389661,177,11,47,44,Light on the wall,
2389668,10,124,217,165,the board is yellow,
2389674,277,396,170,40,black skateboard top,
2389676,147,133,142,141,Orange and white cat,
2389679,178,141,320,190,a white horse with a harness,
2389687,0,69,242,227,cat sleeping on a comforter,
2389690,172,295,37,21,this is the sky,
2389693,0,0,372,498,youngish guy at health care convention,
2389696,75,73,382,366,A brown glazed donut,
2389708,34,193,170,139,a silver four slice toaster,
2389709,184,352,78,91,yellow bananas in the cart,
2389714,4,19,494,464,three desserts on a plate,
2389717,175,261,90,58,pair of purple shoes,
2389721,11,88,477,359,A street scene,
2389729,238,124,102,132,A small car drives down the road,
2389738,58,55,290,184,turquoise and white passenger bus parked on street,
2389739,96,170,49,65,a thin black bird,
2389740,290,58,57,25,Man wearing prescribed glasses,
2389750,76,193,294,180,four people on a ski lift,
2389751,218,110,122,206,an orange apron,
2389752,181,121,302,80,two wooden street signs,
2389755,166,95,237,277,this is a cat,
2389759,86,54,371,329,Snowboarders competing in a race,
2389760,79,5,217,160,girl playing tennis,
2389761,96,26,361,171,the tree is high,
2389764,215,113,25,25,A red frisbee,
2389768,183,253,80,149,green and yellow fire hydrant,
2389770,233,184,211,108,the name tag is yellow,
2389781,83,218,220,205,a tennis player,
2389782,154,51,31,72,This light is pointing left,
2389788,54,43,417,190,trails of the mountain,
2389792,165,185,77,52,small tennis net for kids,
2389796,48,368,67,120,this is metal grating,
2389799,10,483,24,16,a red metal fence,
2389802,309,82,155,177,the man is in the dark,
2389804,96,101,394,218,the pizza has red sauce,
2389807,47,36,102,112,the sky is dark,
2389808,153,131,27,21,the hand of a person,
2389820,6,13,412,292,a large white jet airplane,
2389822,151,55,220,163,the girl is surfing,
2389827,113,155,158,149,a hot looking bike,
2389831,188,92,114,172,Magnets on the refrigerator.,
2389833,78,321,109,97,bicycle has training wheels,
2389837,97,124,230,191,the white has written something,
2389839,7,71,349,177,large black pickup truck,
2389840,101,342,155,136,the plate is white,
2389850,196,94,84,87,A clock on a brick wall,
2389851,125,305,167,171,white and black skateboard,
2389859,81,168,211,172,the elephant is painting,
2389863,303,54,100,151,the grass is green and visible,
2389865,106,23,374,254,old truck on the grass,
2389872,94,63,382,106,sign for a pub,
2389879,52,326,78,39,Chrome sink faucet,
2389885,370,136,117,47,blue pool water,
2389886,56,298,50,68,the apple is red,
2389889,146,113,165,157,a laptop comupter,
2389893,79,99,221,250,the chair is blue,
2389896,247,110,74,88,the baseball bat is black,
2389897,92,165,55,32,The grass is tall,
2389904,340,40,138,147,the hair is long,
2389906,30,62,323,309,the windows are visible,
2389909,63,210,211,250,the steps,
2389917,290,17,125,260,man sitting down in chair,
2389929,171,268,195,47,Nice Park Bench with Red wood planks,
2389930,83,1,267,348,A small baby is in the foreground,
2389947,36,263,228,223,donut on wax paper,
2389948,18,243,39,47,a green base ball,
2389951,247,83,231,272,a black motorcycle,
2389955,0,50,240,210,a computer monitor,
2389957,21,39,110,249,a tall tower in the picture,
2389959,77,155,170,343,The man's grey tie,
2389960,83,313,140,109,Ski pants are yellow,
2389962,24,157,136,122,bright yellow sun,
2389964,225,147,119,60,Jappanese lettering.,
2389966,39,125,150,180,A baby with blonde hair.,
2389979,18,12,476,355,Person riding a motorcycle.,
2389981,38,164,277,147,Red pickup truck,
2389982,109,111,327,131,a big brown grizzly bear,
2389983,339,70,54,29,Red bell pepper slice,
2389984,429,131,55,55,Polar bear has white foot.,
2389986,0,11,332,486,kite day at the park,
2389988,29,61,426,312,a small pastry bar,
2389991,201,285,113,163,the girl is standing on sand,
2389992,208,351,97,129,the clock is in 11:50AM,
2390001,88,94,310,141,the train is green,
2390003,204,42,292,296,a tong,
2390004,73,107,307,218,Horse pulling small cart,
2390005,62,29,144,57,the sky is clear and blue,
2390014,75,121,110,90,stop road sign,
2390015,416,133,57,44,a male cardinal sitting on the porch railing facing camera,
2390016,230,89,194,197,Yellow Pacific National train engine,
2390023,77,237,187,165,the teeth are visible,
2390024,10,31,298,275,brown mane on tall giraffe,
2390035,309,210,62,47,a doorknob on a door,
2390036,180,207,32,25,black bus wheel,
2390037,266,171,104,64,the eyes is big,
2390039,90,42,358,171,The dog is asleep.,
2390043,90,300,103,71,illuminated green traffic light,
2390047,79,233,108,53,boat moving in calm blue water,
2390051,260,33,22,41,green glass vase on wooden shelf,
2390059,78,94,103,207,young man playing frisbee,
