image_id,X,Y,Width,Height,English_text,French_text
2387984,91,200,327,268,child eating a donut,
2387986,43,59,432,258,Three rangers riding horses,
2387997,61,241,187,43,orange train car on platform,
2388004,324,232,110,121,small stones are visible,
2388008,80,175,67,30,Frisbee in the air.,
2388013,111,214,117,82,red and black dog-collar,
2388024,214,35,86,352,long yellow traffic light,
2388026,223,87,262,239,laughing man,
2388027,383,111,21,41,pink and black parasail,
2388034,124,124,368,205,this is a cable,
2388037,109,11,285,340,a giraffe sitting on the ground.,
2388039,121,426,48,43,blue sneaker rubber shoes,
2388041,377,41,57,74,number 10 printed out,
2388047,0,24,480,252,Car parked beside the sidewalk,
2388051,152,332,31,29,Sticker placed on the traffic sign.,
2388054,330,224,79,69,yellow cardboard with sign,
2388064,5,294,24,48,Bottle of soda sitting on the ground.,
2388073,222,82,70,72,bar on the wall,
2388082,259,205,65,45,a white computer mouse,
2388084,70,91,221,295,man skiing in snow,
2388100,51,72,224,173,a man holding a pair of scissors,
2388105,191,133,26,13,two people sitting on the ground,
2388108,273,200,131,113,the birds are flying,
2388109,92,7,171,112,plenty cars were parked,
2388112,206,17,55,35,sky above the ground,
2388114,95,109,200,217,baseball player catching ball,
2388116,154,233,119,134,a clock on the side of a clock tower.,
2388117,365,341,50,27,white line,
2388122,104,38,82,173,Small child at bat,
2388124,75,165,277,322,two sausages on a white dish,
2388127,269,21,213,135,Shanghai Alley sign,
2388131,80,121,261,106,a red suitcase,
2388132,185,96,87,170,person riding horse on the beach,
2388133,162,215,106,49,part of chocolate cake,
2388134,7,348,172,150,Cold storage area of refrigerator,
2388140,106,43,182,292,Woman walking down sidewalk with open umbrella.,
2388141,154,63,123,90,the black color hat,
2388145,80,47,401,279,Doughnut on a rack.,
2388146,328,83,64,74,Green plant in pot.,
2388150,251,40,142,245,brown and white bear,
2388160,443,284,25,50,Man walking across the grassy field.,
2388163,216,84,151,119,A horse in the picture,
2388172,247,345,136,75,Shadow of a snowboarder on the snow,
2388177,390,302,59,40,license plate on a car,
2388192,23,449,30,49,man crossing the street,
2388196,191,80,127,217,big brown furry bear,
2388198,108,112,132,122,two cats are sleeping,
2388203,17,23,262,290,Safety mirror mounted to wall,
2388207,88,42,373,357,person looking out at the water,
2388210,364,199,37,32,the toilet paper is on the counter,
2388211,49,253,213,195,plenty chains are visible,
2388213,113,130,61,89,black and red sleeveless blouse,
2388215,388,183,109,147,the long white couch,
2388232,65,10,400,301,the cat is playing,
2388237,7,25,477,236,this is a small plane,
2388245,204,98,247,220,a brown loveseat,
2388249,217,212,40,42,Orange pylon cone,
2388252,284,171,147,206,a white pillow leaning against a wall,
2388260,321,137,97,114,beautiful green pastured grass,
2388265,179,96,97,129,man is taking picture in mirror,
2388266,138,90,74,103,Person on a horse.,
2388269,103,67,250,273,mountain goats,
2388270,100,412,117,56,Footprints in the snow,
2388275,71,288,141,77,box on a table,
2388276,332,69,120,139,Water is blue color.,
2388285,259,87,100,141,the motorcycle in mid air,
2388287,248,328,147,165,the bed is red,
2388288,219,21,280,137,plane in the air,
2388290,303,177,84,20,a hand grasping a white frisbee,
2388292,74,63,23,18,part of a cloud,
2388293,78,0,187,272,a huge clock tower,
2388294,110,427,41,31,the railroad,
2388306,88,98,280,55,Mountain is in the background,
2388307,17,148,464,107,The train is orange.,
2388308,4,75,127,410,mirror above a sink,
2388311,214,81,42,36,nose of the player,
2388314,1,59,370,281,man sitting on outdoor couch eating food,
2388317,85,46,168,150,cat next to carrots,
2388318,30,35,446,318,silver microwave below cabinets,
2388319,118,226,155,242,short haired brown dog,
2388324,207,213,144,159,the couch is red,
2388326,1,63,209,436,yellow metal traffic light,
2388327,61,67,182,239,the keyboard is white,
2388328,260,228,88,145,black dog in front of two horses,
2388334,178,87,88,80,black tv,
2388335,369,50,130,78,Hot pink cloth wall with white letters,
2388343,206,260,58,41,part of a water,
2388344,138,159,217,137,zebra is eating,
2388351,187,260,126,103,the snow is white,
2388352,198,129,213,157,a zebra,
2388363,159,321,148,50,white car driving down a street,
2388369,453,250,44,34,A taxi sign,
2388372,274,146,25,20,the head of a giraffe,
2388375,252,188,62,47,a dog with one brown eye,
2388379,311,307,50,80,the field is green,
2388381,255,113,35,35,red batting helmet,
2388385,25,10,312,412,a tennis player,
2388387,225,255,24,92,Orange post designating lane,
2388393,155,223,139,163,the beans are black,
2388395,308,197,44,38,edge of a bread,
2388398,168,126,173,197,the elephants are visible,
2388399,134,40,171,288,the hawk is looking at the back,
2388404,75,310,170,127,a building,
2388407,235,132,123,186,the cake is mocha,
2388408,213,46,246,250,A man is squatting taking a picture,
2388412,236,251,140,52,many bicycles as one approaches building's entrance,
2388416,62,60,288,235,red apples on bucket,
2388417,85,264,77,60,white snow,
2388422,70,96,281,190,orange fruit on wood,
2388423,98,287,58,44,brake light is on,
2388430,245,300,85,105,the road,
2388431,320,85,136,170,a man playing as usher,
2388434,256,237,46,120,the plate is white,
2388441,177,235,13,55,a hanging green banana,
2388443,240,440,19,50,the floor is brown,
2388444,80,167,169,115,a red and white shirt on the bear,
2388449,136,449,7,8,red mark is spotted,
2388452,7,159,118,152,a pink stuffed toy,
2388462,101,135,167,313,yellow hydrant in front of weeds,
2388463,117,199,277,117,school bus is yellow,
2388471,90,41,123,365,giraffe sculpture is blue,
2388473,302,205,97,158,a book with a paper in it,
2388474,181,73,161,252,a guy in a skateboard,
2388477,44,91,175,42,the leg of a person,
2388478,267,86,84,285,woman is barefooted,
2388481,0,180,371,315,a round wooden table,
2388488,198,20,148,113,blue and white sign,
2388490,166,22,283,299,a light brown dog on couch,
2388492,0,304,219,68,a box full of red apples,
2388493,45,41,225,395,stuffed bear wearing roller skates,
2388494,152,333,110,152,man wearing black shorts,
2388498,3,71,272,425,a porcelain toilet,
2388500,111,305,16,23,the snow is white,
2388504,75,124,71,214,this skier has a blue jacket on,
2388505,371,174,55,50,a metal faucet over the sink,
2388509,81,399,5,11,the skirt is white,
2388512,30,106,321,97,A long black remote controller,
2388521,322,34,42,154,a woman in red,
2388526,84,121,80,65,plane logo,
2388528,74,99,230,212,a bike displays in a shelf,
2388531,58,216,37,47,trash can at the curb,
2388535,217,161,143,172,elephant in the water,
2388536,40,69,211,205,a croque monsieur on a white plate,
2388539,175,72,192,242,brown bear in chair,
2388542,298,118,42,41,man wears grey helmet,
2388546,97,137,99,216,a clock,
2388547,64,192,110,162,person skiing,
2388550,182,167,32,8,edge of a pizza,
2388551,278,110,42,212,the bananas are yellow,
2388553,288,72,92,190,White stove and oven,
2388556,171,122,257,175,a woman sitting at table,
2388558,4,55,494,276,a living room,
2388561,67,125,244,216,a reclining panda bear,
2388565,63,19,155,108,Ceiling is blue and white.,
2388585,26,23,442,290,The blue motorcycle,
2388590,174,132,65,82,black eyes of zebra,
2388593,136,268,12,25,the scarf is red,
2388598,227,110,188,209,two donkey's walking together,
2388599,254,267,44,22,edge of a top,
2388604,136,5,211,367,the head of a zebra,
2388610,3,81,231,76,The 'One way' sign,
2388613,99,397,62,93,a watch on a wrist,
2388614,204,76,22,14,part of a red banner,
2388615,2,0,486,137,a cloudy blue sky,
2388618,181,109,48,97,a blue bus sign,
2388619,20,41,25,23,baseball is white with red stitches,
2388625,0,132,492,285,A group of people sitting at a table.,
2388629,296,127,49,32,part of a ceiling,
2388632,238,125,105,207,young girl playing wii,
2388636,103,176,33,100,Person holding multi colored kite,
2388647,15,8,156,162,tree branches with scattered leaves,
2388650,175,39,215,255,A man and a woman playing Wii,
2388652,2,4,475,321,an antique fire engine,
2388669,6,12,477,312,A neighborhood street scene,
2388671,157,0,127,87,Dog alerting on something,
2388677,8,59,410,202,Flatbread pizza on a white plate,
2388694,13,112,437,212,The people are playing soccer,
2388697,194,362,117,62,Yellow circular umbrella,
2388700,0,123,249,207,The elephants on the road,
2388705,92,237,117,199,man is wearing white,
2388711,88,141,45,53,the head of a man,
2388713,55,182,256,194,The train is on the track.,
2388716,311,178,41,25,number on the train,
2388720,119,206,129,113,a ship wreckage,
2388722,47,101,269,259,Red and white stop sign,
2388723,2,0,497,164,large red patio umbrella,
2388736,51,279,278,52,the seat of a bench,
2388738,181,102,207,145,the brown dog on the bed,
2388748,76,123,107,166,The man is skateboarding.,
2388749,52,84,432,362,vintage photo of people on a beach,
2388755,66,0,60,42,the head of a person,
2388758,23,13,475,310,it's a kite. it has eyes,
2388763,175,260,10,12,the towel is blue,
2388764,113,222,376,274,a bike lean on a shop,
2388773,143,14,19,25,Top section of palm tree,
2388782,121,42,164,236,The girl is smiling.,
2388786,160,51,163,239,a man is surfing,
2388800,71,52,137,119,The man is holding a pink packet,
2388804,329,220,13,18,the line is white,
2388805,1,2,65,252,wood paneling on the wall,
2388811,184,139,177,142,surfer who is squatting,
2388813,176,52,177,176,the monkey is eating a banana,
2388814,166,144,129,79,black and silver mac laptop,
2388817,257,123,102,81,The pizza has tomatoes.,
2388818,234,456,10,25,the tire is black,
2388820,66,64,34,38,the blonde haired lady's face,
2388822,221,148,75,95,A hand towel hanging from the rack.,
2388856,130,228,126,123,Gray and blue colored clock face,
2388858,169,465,11,10,the water is clear,
2388866,194,394,109,69,Entrance of a tunnel,
2388869,277,77,157,200,Red and white stop sign,
2388870,222,120,125,186,A woman brushing her teeth,
2388875,32,200,100,70,spiral notebook on desk,
2388879,230,35,75,66,A person is surfing on water,
2388880,57,235,63,101,a black hair brush,
2388883,0,1,495,367,a photo of a TV screen,
2388885,231,184,94,89,Nintendo Wii controllers,
2388886,190,223,87,100,man with sun hitting face,
2388891,17,25,462,144,The sun is rising.,
2388898,215,156,145,155,A piece of stake is on the plate.,
2388903,218,138,138,108,cell phone in left hand,
2388906,177,427,5,14,the luggage is black,
2388907,136,44,150,160,Man is wearing a helmet,
2388908,226,22,205,246,A laptop on top of books.,
2388909,55,53,267,279,road sign on pole,
2388910,2,15,465,216,Five American presidents stand in a row,
2388911,9,79,186,418,a tall street light,
2388914,12,16,343,457,bathroom sinks countertops and cabinets,
2388918,258,130,22,25,red wheels on skateboard,
2388921,71,32,322,339,a woman holding a slice of pizza,
2388922,106,75,245,247,a motorbike,
2388924,8,327,491,46,rocks with green moss,
2388925,85,151,219,149,a very large do-nut.,
2388926,150,149,212,200,a boy is smiling,
2388931,173,390,6,16,the tie is green,
2388936,142,77,345,260,The sheep stands by the fence,
2388942,112,86,148,116,This shirt is red and white,
2388944,177,132,220,194,Woman in boat at market,
2388945,6,84,136,129,a basket on the back of a toilet,
2388946,20,280,30,18,black car with all doors open,
2388956,136,50,74,73,a red helmet on a man,
2388968,240,113,82,78,Man is submerged,
2388974,339,274,69,70,White spiral shape pasta,
2388977,230,241,59,57,green hydrant,
2388982,82,150,90,44,\Air transat\ written on side of airplane,
2388986,47,37,345,242,open-face bacon and cheese sandwich,
2388987,162,278,139,98,His shorts are above his knees,
2388993,166,152,151,146,A baby elephant near water.,
2388994,75,324,115,83,A towel is on the floor.,
2388995,224,121,70,115,blue helmet,
2388996,68,123,181,352,Fire hydrant is red.,
2388999,435,332,19,26,the fence is black,
2389002,6,81,37,37,the head of a giraffe,
2389007,331,180,98,144,a sign on the beach,
2389010,211,66,164,162,The clock is gold,
2389017,11,56,488,270,three brown horses,
2389018,225,124,138,89,brown bear in zoo,
2389022,316,184,72,91,a wooden stool,
2389028,1,1,371,495,close up of clock face,
2389029,156,2,200,193,Television hanging from bedroom ceiling,
2389036,165,137,45,75,black ice maker on fridge door,
2389039,4,117,345,377,The water is blue.,
2389040,241,220,17,17,edge of a clock,
2389046,50,445,14,16,the grass is tall and green,
2389058,176,15,174,78,grafitti on a traffic sign,
2389063,87,129,237,167,piece of pie on plate,
2389064,120,45,147,207,Man sitting on a couch,
2389070,140,122,104,123,a white closed freezer,
2389083,240,84,71,108,a man wearing glasses,
2389084,39,1,460,372,man eating in a fast food restaurant,
2389085,107,123,151,358,Girl pulling suit case down the hall,
2389089,239,316,11,10,the grass,
2389090,225,161,11,17,the white letter c,
2389092,3,7,495,76,white clouds in the blue sky,
2389095,180,27,284,87,Words on the bus.,
2389097,182,251,26,31,the line is yellow,
2389100,8,183,89,115,woman grimacing under umbrella,
2389101,49,344,157,137,A building,
2389103,230,328,11,22,black mark is spotted,
2389112,250,47,136,132,tail is blue and red,
2389113,38,162,149,182,truck on the dock,
2389114,112,67,87,65,tv above fireplace,
2389120,196,90,90,147,letters on cake are white,
2389126,135,85,152,208,She is playing tennis.,
2389138,111,77,165,222,black and white striped zebra,
2389141,7,132,492,198,A group of horses standing in field,
2389142,158,394,102,94,the doors are visible,
2389143,292,287,21,32,the water is clear,
2389150,29,40,464,292,the tennis court is red clay,
2389152,311,172,57,70,a leaning bike,
2389154,478,122,13,12,No walking sign on a post,
2389159,349,236,61,50,number 2 on the school bus,
2389160,123,51,303,134,the mountains are visible,
2389163,278,22,18,11,Horns on the animal.,
2389165,417,437,17,34,the plate is white,
2389166,182,76,234,204,The train's front is yellow.,
2389174,287,56,79,56,woman wearing pink bandana,
2389176,61,215,197,160,The person is wearing a blue top.,
2389179,71,35,155,420,dog is standing on couch,
2389180,141,191,64,39,chocolate covered doughnut,
2389182,180,216,90,101,the road,
2389183,73,163,220,279,a vase filled with flowers,
2389184,127,32,117,65,yellow drawn stars in picture,
2389187,341,73,24,46,red back pack,
2389192,26,20,247,166,trees on the side of the tracks,
2389196,61,96,360,137,Onion rings and burger are in basket.,
