image_id,X,Y,Width,Height,English_text,French_text
2391513,93,36,171,250,batter in the batter's box,
2391515,222,205,174,140,the rail road,
2391516,94,355,73,73,green flowers on wedding cake,
2391517,120,111,228,228,two birds in water,
2391520,200,44,46,56,part of a metal,
2391521,289,226,27,56,the ground,
2391530,59,287,79,99,a chain,
2391534,164,100,128,192,the swimsuit is black,
2391537,122,187,68,71,gradient blue beach water,
2391538,265,57,175,272,a tennis player,
2391541,317,18,111,142,black and white zebra,
2391544,18,55,47,42,bike image on glass,
2391552,119,180,47,63,man holding a roper,
2391553,251,244,26,18,part of a ground,
2391555,196,240,59,90,the sand is white,
2391556,410,218,14,12,the barn is red,
2391565,129,178,208,117,Mashed potatoes in an oven,
2391566,8,6,291,454,some rusty pipes,
2391570,57,81,174,376,little girl wearing stripped shirt,
2391576,42,0,338,342,Two people on a ski lift.,
2391579,405,162,91,60,fallen leaves on grass,
2391580,3,3,95,47,a photographer's watermark,
2391583,7,57,487,161,bridge on top of water,
2391585,156,190,108,103,The horse is standing,
2391586,162,32,100,39,A can on the stone wall.,
2391592,114,333,23,25,a red backpack on a skiers back,
2391600,25,46,280,135,pie on white plate,
2391602,270,177,132,87,Triumph Motorcycle logo,
2391604,202,147,84,95,a pepperoni on the pizza,
2391608,81,50,320,305,Apples cut to eat.,
2391615,218,43,66,62,A round wall clock,
2391623,164,141,95,35,a light blue canopy of an umbrella,
2391626,140,20,300,268,a baby gray elephant,
2391634,8,195,215,137,white toilet in bathroom,
2391639,104,276,147,121,Her shorts are pink,
2391643,200,78,136,142,a clock on a wooden arched platform,
2391647,125,269,57,145,a small girl with a scooter,
2391648,118,57,365,310,The cake is white,
2391649,61,170,320,260,a black laptop computer,
2391650,3,66,480,306,a blue truck,
2391661,11,147,432,122,A train on the track,
2391665,124,95,126,152,person wearing blue helmet,
2391666,324,213,155,105,a red and white sign,
2391669,178,180,191,145,a dining room table and chairs,
2391673,9,2,483,360,A table scene,
2391679,0,10,373,438,an ornate mirror on a yellow wall,
2391686,208,40,82,48,Clock on a building.,
2391694,143,60,161,259,giraffe,
2391699,206,73,77,67,A black beanie.,
2391704,228,35,68,226,person in blue helmet is snowboarding,
2391706,11,105,85,81,umpire wearing a blue short sleeve shirt,
2391707,74,193,16,57,Green moss on branch,
2391709,66,103,216,395,an orange cat on a brown couch,
2391713,20,63,278,278,Flowers in the vase.,
2391715,40,224,270,198,wooly gorilla has somewhat devious eyes,
2391720,151,51,135,176,skateboarder performing tricks in park,
2391726,64,441,110,29,A silver phone.,
2391731,6,0,485,288,Cows in a field,
2391733,19,55,430,243,The wave is breaking,
2391734,295,0,76,75,man wearing a gray safety helmet,
2391737,279,113,118,127,Double decker bus on the right of another bus,
2391741,65,145,99,135,A person swinging a racket,
2391742,28,208,303,257,a toy Harey Davidson motorcycle,
2391744,301,271,105,49,green foliage in pen,
2391751,156,202,19,30,Red light shining on traffic signal,
2391752,260,180,85,43,The umbrella in the picture is blue and white.,
2391753,230,76,57,31,Dark blue toboggan on head,
2391757,352,160,62,161,A woman sitting down.,
2391759,257,235,204,65,white plane with blue writing,
2391761,328,10,90,305,a carved stone column,
2391767,97,147,196,75,bottom street sign,
2391770,178,42,23,47,red and white jet,
2391778,48,108,428,145,the jet is on the runway,
2391779,118,123,300,171,two boys using Apple computers,
2391782,441,244,30,20,Person has brown hair.,
2391791,31,52,335,117,a striped deck umbrella,
2391792,105,175,200,157,someone needs to feed these animals ASAP! sooner than ASAP! a year ago! this is wretched!,
2391799,251,154,203,125,huge bananas bunch on top of building,
2391801,41,191,195,110,red and white tug boat,
2391802,1,71,388,260,Horses and jockeys running in a race,
2391805,187,25,179,135,a man wearing glasses,
2391806,108,53,157,99,green colored broccoli,
2391812,440,195,58,57,lone donut left behind,
2391814,342,31,154,128,a picture hanging above a bed,
2391815,198,50,80,109,a blue sticker,
2391817,93,179,148,140,dirty cup on desk,
2391818,93,43,341,247,man riding elephant in river,
2391826,215,25,110,42,white shower curtain rod,
2391828,251,50,95,117,a pair of bedside lamps,
2391830,120,188,219,149,Bicycle on the road,
2391836,156,249,82,79,Horse rolling in the dirt,
2391843,73,1,283,490,Man sitting in front of a desk.,
2391851,19,313,73,138,a white toilet with the lid up,
2391862,239,56,103,206,a head of raw broccoli,
2391864,245,24,195,177,chair is green,
2391865,42,143,415,153,The crust is golden brown,
2391866,140,35,39,25,a small brown ponytail,
2391873,3,9,434,288,The colorful starred umbrella.,
2391876,247,111,193,140,The girl has a tennis racket,
2391879,8,220,348,270,Assorted glazed donuts,
2391886,255,112,27,77,a red stop sign next to road,
2391887,230,92,65,60,male surfer using black wet suit,
2391893,136,165,290,90,pickup truck is green,
2391895,182,66,150,76,man's jacket is red,
2391900,53,64,391,257,Sausage pizza,
2391901,371,100,47,50,woman's hair is blonde,
2391903,48,93,277,125,bench,
2391904,415,66,82,76,silver spoon and butter knife,
2391908,44,288,122,36,the cars are red,
2391911,247,251,60,37,a skateboard with white wheels,
2391913,88,29,191,301,a man bending over,
2391921,41,62,161,227,The man is serving the ball,
2391924,171,49,115,107,woman surfing in the ocean,
2391925,250,129,55,42,a red apple in a baby's hands,
2391932,349,204,109,152,black lamp post with three lamps,
2391936,6,8,479,273,the scene is in the hospital,
2391939,175,86,142,100,An oncoming train,
2391946,104,363,25,31,globe shaped light,
2391949,217,123,11,25,a red ketchup bottle,
2391951,154,128,35,85,male surfer in ocean,
2391952,316,67,86,64,red and white engine of train,
2391958,142,13,289,72,The sky is cloudy.,
2391961,21,50,48,106,duck in black and white photo,
2391964,293,108,62,97,He beak is white.,
2391968,34,51,120,216,a giraffe in the wild,
2391972,260,152,182,135,A large plastic bucket,
2391978,1,140,371,80,colored open umbrellas are at each table,
2391986,4,7,110,111,Letters in the window,
2391987,350,155,37,64,woman holds flip phone,
2391991,86,170,117,150,a skateboarder doing a trick,
2391994,146,59,124,78,kitten peeking over covers,
2391996,1,261,267,237,A woman on the phone,
2392004,93,27,238,309,Man with a skateboard.,
2392009,113,14,96,122,giraffe,
2392016,204,384,121,109,scraggly bush by the house,
2392020,35,45,37,115,a white desk lamp,
2392023,127,190,69,61,He has a grey cap on,
2392025,346,78,153,160,man wearing plaid shirt,
2392029,361,288,47,28,Black tip on surfboard,
2392033,197,136,102,113,brown dog,
2392034,175,55,35,62,The sky is blue.,
2392035,314,140,65,33,White writing on side of boat.,
2392038,246,71,17,39,a person standing in the ocean,
2392039,272,32,162,297,a person on a horse,
2392047,47,10,401,212,A variety of multi-colored kites in the dark blue sky,
2392048,104,7,164,160,white hat on the man's head,
2392049,89,78,123,161,Giant teddy bear is brown,
2392050,57,103,389,153,a plane taking off the ground,
2392053,8,12,360,478,This scene is at the beach.,
2392059,189,191,116,99,black and white sheep on farm,
2392065,346,0,68,52,Round can with British flag,
2392076,428,3,69,107,A bottle of ketchup is behind the salt and pepper shaker.,
2392082,20,11,458,320,a man holding scissors,
2392083,199,170,113,82,the blue and white bus is long,
2392088,169,186,93,100,hand behind a man's behind,
2392093,5,255,405,111,a solid black umbrella,
2392096,140,148,74,78,a foal in the field,
2392099,110,135,30,26,Green traffic light,
2392100,91,185,97,59,fried rice in silver metal container,
2392107,1,207,498,122,The water is calm.,
2392113,204,108,110,45,bright blue eyes,
2392118,268,237,38,76,yellow and red fire hydrant,
2392122,83,206,37,59,a crouching baseball umpire,
2392125,236,5,25,36,light fixtures in a ceiling,
2392128,145,127,253,42,green street sign with white lettering,
2392134,67,54,132,202,girl wearing a blue shirt,
2392135,11,6,104,62,white and gray clouds in sky,
2392140,8,4,487,365,a large white van,
2392143,239,30,141,117,Person wearing glasses.,
2392144,155,402,84,74,Man wearing old shoes,
2392146,74,57,54,64,a picture on a wall,
2392147,22,113,120,61,Woman has dark hair,
2392148,212,217,137,82,The bench is attached to the ground,
2392149,24,17,454,357,the water is blue,
2392168,43,134,160,218,A sign for the ferry.,
2392172,170,0,328,374,a black computer laptop,
2392173,103,266,57,80,giraffe is eating grass.,
2392179,451,79,9,40,the fence post is white,
2392182,66,86,76,166,a man wearing a red jacket,
2392186,163,122,128,151,Two giraffes standing side by side,
2392192,389,245,59,119,Plastic water bottle with white cap,
2392205,34,99,403,163,A gray plane taking off,
2392206,231,137,147,142,a person is wind surfing,
2392207,161,293,70,77,apple logo on laptop,
2392208,68,120,313,37,traffic lights are red,
2392209,172,109,196,140,\The pug is lying on the pillows\,
2392211,126,204,70,180,kiteboarder in a black wetsuit,
2392212,213,71,31,25,a frisbee in the air,
2392214,173,152,273,142,The plane is white.,
2392216,297,230,89,85,man driving boat on river,
2392228,33,79,65,70,The apples are round.,
2392229,252,217,76,47,Wheels on an biplane,
2392234,303,65,52,62,The mint leaf on the whipped cream of the dessert.,
2392240,81,62,297,147,airplane being readied for take-off,
2392241,157,19,175,455,man is taking a mirror selfie,
2392243,204,111,107,113,tall red building in background,
2392248,113,136,179,157,the bus is white and blue,
2392251,30,148,237,65,The sand is tan.,
2392263,78,212,96,72,The grass is green and tall,
2392265,141,267,190,164,oranges are in bowls.,
2392266,449,173,12,31,part of the sky,
2392271,265,142,231,153,brown bench on right side,
2392276,137,166,81,36,The spider on top of the bristles of the toothbrush.,
2392287,248,26,195,342,Woman in forest area.,
2392288,90,154,155,73,bus logo on the side,
2392291,119,175,212,173,dirty unflushed toilet,
2392297,144,29,151,149,young boy sits on a bed,
2392298,8,79,478,134,A red and white plane.,
2392299,172,76,320,165,man on a surfboard,
2392310,366,5,91,265,Arched doorway with window,
2392311,79,48,179,302,a young asian woman,
2392313,100,0,396,245,A dog leaning on the lap top,
2392321,253,1,147,167,a silver fork,
2392322,215,335,195,105,bird killed by cat,
2392328,81,159,222,220,the sheep ready to slaughter,
2392332,103,55,47,46,Beanie is orange,
2392334,1,7,425,293,white dog in foreground,
2392336,66,94,278,146,a person skiing down a mountain.,
2392339,291,22,199,305,this chair is red in color,
2392344,355,88,73,75,a train coming towards,
2392348,148,35,346,176,two sandwiches in plastic bags,
2392349,6,8,477,320,couples walking in the rain,
2392352,159,11,125,131,The wing tip.,
2392360,145,168,140,7,a long white line,
2392364,38,111,231,157,airplaine taking off in photo,
2392372,1,107,140,145,Bus coming in to bus stop.,
2392373,11,2,472,431,a cloudy sky,
2392377,185,239,96,58,The tank of a toilet,
2392379,78,21,393,259,A head of a giraffe,
2392382,300,130,197,205,a white bear on a street,
2392385,113,161,375,113,a black bear,
2392392,114,141,381,104,a colorful train going across a bridge.,
2392395,358,153,25,13,The number 1030 on the side of the trolley.,
2392396,4,249,265,82,wood dining table in commercial kitchen,
2392398,154,67,98,128,a white kite in the sky,
2392401,18,192,454,98,A heard of cattle.,
2392404,21,139,196,182,The front of the building is glass,
2392405,163,44,38,17,The timer display on the parking meter.,
2392408,261,55,130,152,The red stop sign,
2392411,5,85,351,188,A pair of shoes,
2392413,127,61,174,268,large blow up lizard,
2392416,114,232,135,81,a black umbrella,
2392429,147,11,125,125,man wearing brown pants,
2392431,136,146,273,170,microwave sitting near rock,
2392433,39,67,169,312,man wears blue shirt,
2392435,137,154,17,35,part of a board,
2392442,89,39,137,197,guy standing stooped over,
2392443,3,154,66,138,yellow mustard bottle,
2392444,245,186,116,309,a clock on a sidewalk.,
2392447,75,227,227,268,the snow has tracks,
2392453,149,69,58,92,slice of rare beef,
2392455,246,100,26,21,led light on a streetlight,
2392457,269,0,230,280,man holds black umbrella,
2392459,248,81,100,47,Valance and curtain rod over window.,
2392466,328,277,45,204,bottle of milk with a red top on it,
2392468,121,401,174,76,row of green and red canoes,
2392472,68,71,276,259,the toilets are white,
2392473,290,69,45,57,person has black helmet,
2392478,96,264,143,104,two white rolls of toilet paper,
2392480,4,27,325,100,a black fence,
2392482,89,70,376,162,A blue and white plane,
2392492,39,198,20,12,Helmet is green,
2392494,353,172,137,105,The pink flowers on the tree,
2392498,58,119,297,98,long brown gun on the wall,
2392505,94,14,193,475,A gothic clock tower,
2392507,6,6,492,304,a parade with motorcycles in it,
2392509,277,228,93,96,brown statue in grass,
2392510,33,11,67,81,rearview mirror on train,
2392512,282,248,40,97,yellow kayak on beach,
2392515,104,261,83,187,a woman standing behind a large clock.,
2392516,333,98,112,42,Smoking coming out of back of plane.,
2392527,120,83,103,34,Person has gray hair.,
2392530,210,110,54,60,a white two door refrigerator,
2392532,190,116,252,213,The front of the train is black,
2392535,266,1,202,314,lady standing on steps,
2392536,8,6,490,270,a truck stop with truckers,
2392541,188,102,102,75,The bird on the balcony.,
2392542,128,302,68,67,white iron sitting on the floor,
2392545,35,187,153,311,a man with goatee standing,
2392548,113,66,295,235,A zebra is the center focus,
2392552,117,149,125,251,a tall white refrigerator,
2392554,80,241,299,217,dark brown wood floor,
2392555,5,125,462,185,a white computer keyboard,
2392556,270,92,135,237,man in empty swimming pool,
2392562,11,0,250,239,Light colored blue jeans,
2392566,153,270,140,101,skateboard tipped over pool,
2392577,143,158,197,165,old parked bike,
2392580,57,8,65,68,blue file holder on wall,
2392590,33,61,90,51,A yellow and black butterfly flying,
2392591,23,56,357,262,Little girl with pink phone,
2392594,90,100,395,258,Horses pulling a carriage.,
2392596,46,85,384,208,three giraffes running,
2392599,350,250,35,124,A coin parking meter.,
2392600,11,92,295,272,a man is eating pizza,
2392603,67,349,17,95,a tree branch,
2392605,147,69,127,252,a boy playing freesbee,
2392607,59,118,272,152,Large red bus driving.,
2392611,197,102,98,32,The traffic lights are green,
2392618,119,57,161,102,the kid is eating,
2392620,299,158,76,121,person kneeling on sidewalk,
2392625,257,125,70,207,Man under umbrella taking photograph,
2392628,83,132,350,158,five people on computers,
2392631,77,80,347,289,Woman surfing in the ocean.,
2392634,310,174,157,101,the skirt is black,
2392637,62,248,50,47,Red image of a person,
2392653,129,14,179,317,a sheep eating through the snow,
2392655,16,110,461,168,horse drawn carriage on a modern street,
2392664,171,130,50,58,a sparrow bird on picnic table,
2392672,66,114,171,170,Two birds side by side,
2392677,69,234,34,28,black and white writing on side of machine,
2392679,106,62,157,55,the jersey is white,
2392688,205,227,33,12,company name on front of television,
2392691,1,71,352,250,Zebra is eating grass,
2392692,266,251,56,44,A fallen snow boarder.,
