image_id,X,Y,Width,Height,English_text,French_text
2372901,263,11,150,315,baseball player swinging,
2372903,397,111,96,117,Blue print on white tray,
2372913,42,21,447,423,woman leaning on something,
2372916,100,218,265,85,red and white bed cover,
2372917,129,110,332,106,wide white surfboard,
2372920,157,70,162,240,a bear standing up against the glass,
2372927,2,0,490,430,Young boy holding two saucers,
2372930,80,96,352,238,Several people flying kites,
2372942,49,93,41,77,Man in a green t shirt and baseball cap,
2372945,140,145,74,156,a woman serving a tennis ball,
2372946,112,128,255,150,Two yellow and green trains side by side,
2372951,207,162,50,38,white parasail,
2372953,130,39,101,85,fuchsia cap on a little girl,
2372959,52,173,157,198,A black framed bicycle.,
2372961,39,87,180,60,Circular red plastic frisbee,
2372966,15,13,271,173,fall leaves on tree,
2372968,2,212,75,117,blue trash can filled with paper,
2372969,291,167,98,125,Crane bird showing it's shadow.,
2372971,100,105,300,85,Yellow airplane in the air,
2372974,132,153,41,41,A white ball in the air,
2372980,100,26,172,116,a large red and yellow umbrella,
2372987,179,182,98,53,black kite,
2372991,88,79,55,146,Man carries skateboard,
2373000,131,121,255,145,Three giraffes standing outside,
2373001,41,55,191,261,a white porcelain toilet bowl,
2373003,11,0,251,466,a vehicle is going through slush,
2373007,192,175,178,68,designer's signature reads 'Karin',
2373008,351,125,97,198,a man sitting and playing the guitar,
2373009,192,158,69,51,large red kite flying through the air,
2373014,117,284,42,22,a man's tennis shoe,
2373016,132,186,58,59,falling snowboarder wearing a black beanie,
2373018,128,75,67,63,round top of a black trash bin,
2373023,3,178,494,150,net in middle of tennis court,
2373026,106,20,117,155,a small toy car,
2373027,146,127,112,167,Woman skiing down hill,
2373039,33,112,296,173,the train on the track,
2373043,4,86,491,102,Cargo airplane in the sky,
2373045,0,93,484,134,group of animals at the zoo,
2373047,195,98,60,17,a silver drawer handle,
2373050,14,34,445,134,white blue and gold plane in flight,
2373052,76,171,207,78,black and white street sign,
2373054,20,18,457,297,vegetables and butter in pot,
2373060,56,42,433,310,a hot dog on a white dish,
2373061,62,106,298,182,Brown cow,
2373063,316,161,12,62,Orange number on back of shirt,
2373065,88,138,235,211,black and red train,
2373067,75,125,138,67,arabic writing on traffic sign,
2373075,147,161,52,38,cow drinking from pond,
2373078,195,123,117,153,blue and gold clock,
2373079,266,139,67,94,young man riding red colored motorcycle,
2373081,103,7,230,75,brightly colored umbrella,
2373084,113,403,126,59,footprints in the sparkly sand,
2373086,10,135,282,193,this is a horse,
2373087,11,61,211,137,Blue and white sign that says pistoia,
2373090,52,321,86,74,Group of people walking on a grass path,
2373092,390,116,105,135,A mini marshmallow,
2373099,240,110,63,105,A partially eaten banana.,
2373109,235,325,248,69,a brown dog's paw.,
2373112,205,16,130,136,Man riding a brown horse,
2373115,19,156,253,150,Graffiti on a train car,
2373117,309,150,82,58,Large banner hung on fence,
2373120,87,126,318,193,A red train engine,
2373122,44,18,453,243,a boat in the water,
2373129,33,120,34,88,A man with a blue backpack.,
2373141,126,0,284,389,A man with a black sheep,
2373142,0,240,332,258,a white porcelain toilet,
2373143,10,192,316,147,A bench with a duck under it,
2373145,347,104,47,87,A gallon of milk with a green lid.,
2373151,347,124,113,150,tan and brown spotted giraffe,
2373155,255,294,183,59,foam on top of the water,
2373157,213,107,31,22,man wearing a white headband,
2373159,76,460,9,12,part of a surface,
2373162,17,10,250,297,head of man wearing black and white cap,
2373169,345,66,135,200,a male tennis player,
2373172,272,99,37,36,Crystals on a chandelier hanging from the ceiling,
2373175,116,33,154,406,beer in brown bottle,
2373191,293,224,103,99,piece of meat with a brown crunchy crust,
2373195,449,146,40,53,this is a person,
2373196,4,81,35,65,This is a tall building,
2373202,37,157,189,137,glasses on table,
2373209,67,10,33,43,This is a letter,
2373220,13,152,39,42,whale snow on hillside,
2373222,117,407,115,56,baby's left foot,
2373225,416,34,25,20,man is wearing sun glasses,
2373228,0,160,132,299,giraffe,
2373232,15,193,392,77,Three elephants walking,
2373233,65,121,109,315,man dressed all wrong for tennis match,
2373240,35,45,232,152,a large white polar bear.,
2373241,32,36,438,280,Restored Vintage BMW Motorcycle,
2373242,187,25,45,49,part of the sky,
2373243,11,13,474,309,2 zebras on the African plain,
2373245,302,202,108,129,A toilet in the bathroom,
2373246,303,242,40,72,part of a trekking pole,
2373248,159,64,46,11,a white frisbee,
2373249,121,15,328,302,A jet in the sky.,
2373254,37,76,454,275,green and black train engine,
2373255,119,67,193,224,a woman sitting at table,
2373256,4,15,477,296,cyclists at a race,
2373258,85,0,402,210,the building is white,
2373260,2,1,496,330,Heavy raining day,
2373261,29,175,117,146,a long white line,
2373263,174,107,107,252,A man holding a soccer ball,
2373266,139,19,330,343,Blue double-decker bus.,
2373267,0,129,95,107,catcher,
2373268,149,228,177,27,this is a keyboard,
2373269,5,0,377,374,A cow with its tounge out,
2373275,78,21,367,311,this lady is playing tennis,
2373277,46,138,400,178,two ducks in the water,
2373280,12,15,40,37,White cloud in the sky.,
2373288,370,5,89,146,Statue of a man in the park,
2373290,378,281,116,92,this is a bag,
2373295,125,26,54,51,part of a ceiling,
2373300,32,23,447,333,a pan with pie crust,
2373302,3,0,490,368,people at the beach with an ox in the foreground,
2373309,282,276,16,21,part of a floor,
2373311,249,175,146,90,Older car parked by log cabin.,
2373312,105,122,213,372,this is a man on snow,
2373313,78,126,175,126,blue and silver messenger bag,
2373327,174,172,50,44,black and white clock,
2373328,418,170,32,21,White fluffy pom pom on a small santa hat,
2373337,35,36,398,322,food on an orange plate,
2373339,280,151,65,57,SKATE BOARDER IS WEARING GREEN HELMET,
2373341,176,70,100,74,blue and white ceramic tile,
2373346,99,174,85,87,this giraffe is bending over,
2373352,394,162,26,65,A sleeveless long red dress.,
2373354,280,59,37,37,a man with dark hair.,
2373355,21,129,305,170,zebra standing next to part of a tree trunk,
2373362,195,147,95,132,A person playing tennis,
2373368,0,71,85,54,woman holding tennis racquet,
2373369,82,64,301,270,Baseball player throwing ball,
2373375,242,136,180,122,a fighter jet flying,
2373378,191,21,73,80,two egg cartons,
2373380,166,152,50,25,the man has red shorts,
2373382,26,25,470,340,three shiny motorcycles in a window,
2373386,6,104,367,281,People eating in a restaurant,
2373387,113,43,382,285,The elephant appeared lonely.,
2373396,147,300,347,29,pitchers mound on baseball field,
2373398,16,15,464,297,Tennis player playing tennis,
2373400,185,91,105,115,a red sign near a body of water,
2373401,321,138,100,60,Sprinkles on top of icing,
2373407,4,27,467,255,two old fashion vehicles parked on a grassy field,
2373410,163,156,61,24,short green and brown grass,
2373414,18,0,461,372,Man eating a piece of cake,
2373415,190,114,95,102,Black and brown dog,
2373416,234,191,104,243,Man leaning on a couch,
2373420,129,28,305,301,a metal and wood bench,
2373429,79,171,412,159,two pairs of train tracks,
2373430,168,49,302,204,engine of the train,
2373435,2,230,490,35,train riding on bridge,
2373442,9,17,488,475,scenic view of man watching a waterway,
2373443,23,63,446,365,two tennis rackets on a surface,
2373448,99,172,134,83,a child's ladybug umbrella,
2373450,127,106,227,119,computer screens are turned on,
2373451,412,167,42,32,Two large garbage cans.,
2373454,121,81,117,260,Man riding brown horse,
2373461,250,90,248,284,dark skinned man on right,
2373462,313,327,100,78,Black and white cat,
2373466,13,231,117,52,three people on baseball field,
2373472,18,102,465,163,Animals are in grass.,
2373475,108,239,17,12,part of a bush,
2373477,39,41,245,440,a man holding a black jacket,
2373480,81,28,95,75,The blue tie the guy is wearing.,
2373483,287,189,55,47,ear of a cat,
2373487,3,26,477,472,a shower room with a sink and toilet,
2373488,94,82,265,249,bunches of flowers together,
2373497,169,166,79,70,A small wooden table is on the floor.,
2373499,190,30,23,22,The sunglasses the girl is wearing.,
2373505,162,168,307,205,a silver laptop computer,
2373506,91,377,84,15,Green weeds growing under stairs.,
2373507,144,100,54,53,a left teddy bear eye.,
2373508,26,123,117,160,Man on tennis court playing tennis.,
2373511,162,90,135,147,Man surfing on waves,
2373517,117,140,81,147,a refigerator left on the sidewalk,
2373523,442,223,43,30,the sheep is laying down,
2373531,136,153,310,102,blue colored umbrella,
2373532,282,134,111,56,the back of a cushined seat,
2373533,14,10,367,367,the dog looks sad,
2373535,198,2,250,346,Truck with a huge satellite,
2373536,31,48,437,261,airplane,
2373543,27,85,85,20,the word telephone backlight,
2373546,156,144,216,228,Two guys walking in a parking lot,
2373549,231,183,246,315,a BMW motorcycle parked in a field,
2373550,171,77,56,85,lights hanging from ceiling,
2373551,0,62,234,297,packages of toilet paper,
2373554,201,43,57,51,Person wearing a winter hat,
2373563,11,75,242,234,this train is on the left,
2373567,8,176,487,312,dinner plates filled with food,
2373580,247,74,88,160,A water hydrant on a rounded block,
2373583,94,178,50,63,yellow frisbee in man's hand,
2373584,17,18,307,180,blue and white draped curtain,
2373589,135,69,244,262,a man with a child on his shoulders,
2373592,317,232,34,19,The red pants the lady is wearing.,
2373593,56,31,95,105,The man is holding a cell phone.,
2373594,1,226,496,105,brown choppy water,
2373595,52,36,238,265,the back of a zebra,
2373599,22,67,130,138,The boy is wearing sunglasses.,
2373600,24,85,326,184,Group of parachutes in the air,
2373601,19,2,459,289,cat laying on a computer,
2373606,29,21,128,34,darkwood colored round table,
2373607,122,159,25,21,serial port on a laptop,
2373609,209,182,18,15,The beak of the bird.,
2373613,72,70,422,303,a cat in the sink,
2373614,99,30,187,158,horizontal black office blinds,
2373615,41,61,413,235,Three giraffes in the wild,
2373617,99,0,118,121,a lit up crystal chandelier,
2373620,78,142,89,259,man riding a skateboard,
2373626,208,229,106,128,jam and cream wrapped in a brown bread,
2373627,187,111,85,85,large ear of a cow,
2373629,81,137,73,75,person playing in blue water,
2373631,228,41,40,66,The man has an orange safety vest on,
2373633,88,18,145,310,a black and white traffic light,
2373636,103,73,190,255,a girl sitting on couch,
2373645,174,292,40,34,The oranges in the bowl.,
2373647,219,57,162,276,Man walking carrying open umbrella,
2373649,177,128,321,154,a silver plane,
2373655,5,1,491,57,Cloudless sky above,
2373656,28,25,455,302,This is a hotel room,
2373660,208,8,140,122,chandelier hanging over bed,
2373663,76,134,125,141,sign for Wall Street,
2373664,208,35,185,229,brown and white cow,
2373666,155,176,36,109,The bear climbing near the top of the tree.,
2373667,186,144,130,53,a bench in the square,
2373672,2,323,371,176,Brown hardwood floors.,
2373674,293,113,97,219,a curly hair woman,
2373679,140,0,355,330,motorcycle on the street,
2373687,21,46,118,228,man sitting at a dining table,
2373691,410,125,19,50,The purple collar on the goat.,
2373692,107,45,262,309,the wall is purple,
2373706,200,258,31,35,part of a window,
2373710,58,5,440,341,a man holding two sandwiches,
2373712,245,138,67,135,A black cat sitting on a chair.,
2373714,317,5,169,357,fake giraffe body,
2373716,258,127,59,52,bird on top of a cow,
2373719,383,165,40,40,This is a cookie,
2373721,180,98,62,37,a black cowboy hat,
2373722,78,85,228,151,bird is gray and brown,
2373735,306,405,185,65,words and attribution,
2373736,301,237,57,73,A dog in the forefront,
2373740,35,45,435,257,People are skiing on a mountain,
2373747,0,173,37,16,a portion of a towel bar attached to the wall,
2373754,134,37,362,242,group of people sitting in back of truck,
2373768,309,25,165,157,latte in a white cup,
2373770,73,14,207,408,skateboarder in mid jump,
2373774,67,122,179,73,pair of black glasses,
2373778,235,111,64,62,man standing on side of mountain,
2373779,17,35,147,194,The flying kites are shaped like octopuses.,
2373780,66,68,118,186,brown stuffed monkey,
2373781,1,6,302,434,a woman tying a man's tie,
2373788,154,37,270,180,old airplane in the air,
2373790,15,36,471,325,plane flying low near city,
2373791,146,158,52,202,Street light mounted on a dark metal pole,
2373794,20,65,462,135,the airplane on the runway,
2373795,125,57,333,273,three people sitting on a couch,
2373796,163,98,72,105,blue and white kite over ocean,
2373797,18,29,481,340,woman in a kitchen,
2373799,3,4,495,177,a bunch of seats for people to sit on,
2373801,149,14,192,317,a fashionable man pulling a rolling suitcase,
2373802,102,189,82,112,a man on a bicycle,
2373811,50,10,177,488,antique wooden clock against wall,
2373815,226,98,42,37,a white clock,
2373821,8,30,486,247,Elephants that are playing together,
2373828,116,5,226,276,people standing in front of restaurant,
2373831,50,43,185,302,two women walking on the sidewalk,
2373833,115,117,242,33,White writing on side of bus.,
2373838,421,97,17,27,white number painted on train,
2373842,251,142,26,28,part of a train,
2373845,120,71,216,230,A zebra standing in the foreground,
2373847,157,7,120,325,a large building beyond the trees,
2373848,61,71,380,292,the screen of a television,
2373849,64,221,317,208,side view mirror,
