image_id,X,Y,Width,Height,English_text,French_text
2361924,21,121,67,76,blue sky above the plane,
2361932,359,237,113,94,faux rock watering tank,
2361941,73,46,384,278,A train at the station.,
2361946,2,23,65,228,colorful large artwork on wall,
2361948,284,103,107,139,a horse pulling a carriage,
2361953,206,345,22,62,Water bottle on ground.,
2361955,21,30,466,271,boat on a beautiful lake on a clear day,
2361956,33,123,120,127,the carrots are piled up,
2361957,207,70,65,150,this is a phone,
2361959,9,210,223,72,a shadow on the ground,
2361970,295,94,193,232,Dark To Clear Handles,
2361974,26,145,138,99,The waves on the beach,
2361977,202,144,24,17,two is written on the jersey,
2361978,13,101,319,305,wooden kitchen dish cupboard with stacks of plates and bowls,
2361982,401,279,20,57,part of a floor,
2361986,92,153,266,115,a white metal railing,
2361988,138,104,350,187,A sandwich on a plate,
2361997,15,12,234,331,this is a lady,
2361998,125,220,84,142,a baseball tee,
2362007,0,241,152,90,THE SKIS ARE GREEN,
2362009,227,228,25,19,knobs on the cabinet,
2362010,43,21,220,177,wall of a building made up of large windows,
2362012,222,210,106,84,the laptop is taken apart,
2362015,385,265,87,57,A yellow water hose.,
2362016,178,210,107,113,This is a train,
2362017,362,148,136,52,chain barrier behind the bike,
2362021,129,47,170,295,two people on an elephant,
2362023,103,214,26,30,black number 2 on sign,
2362026,180,130,48,117,the toothbrush in the baby's mouth,
2362027,164,50,56,194,A whitish fire hydrant,
2362028,44,58,160,252,two brown bananas on plate,
2362033,154,242,47,56,front tire of the motorcycle,
2362034,352,218,44,21,a brown horse eating in the field,
2362039,21,11,460,345,Motorcycles are parked on the lot,
2362052,441,260,8,15,part of a wall,
2362053,205,87,45,25,THE MAN IS WEARING A BLACK HELMET,
2362055,160,140,85,175,A man holding a green can,
2362057,376,98,81,137,The glass is two thirds full.,
2362059,62,37,375,235,white truck with flatbed,
2362066,8,3,490,297,A group of fruit together,
2362068,62,108,60,52,the visor is white,
2362069,5,50,485,265,The bus is traveling through the city,
2362071,305,159,105,117,the tire on the car,
2362079,12,23,484,335,a gathering of people at meal time,
2362080,342,120,125,159,a glass of dark red wine,
2362082,248,152,32,71,part of a number,
2362096,211,104,45,50,front of the surfboard,
2362099,281,143,40,52,scooby doo on top of the cake,
2362101,126,207,42,21,A Wii controller in a mans hand,
2362113,30,18,329,455,The cat is staring at something,
2362118,108,285,46,26,The lawn chaise is blue.,
2362120,212,188,45,115,blond woman walking with papers,
2362123,138,224,206,216,green ceramic vase on table,
2362126,17,213,231,125,THE RAMP SAYS SUPREME,
2362129,306,170,35,45,part of a laltop,
2362132,178,187,120,120,A white birthday cake.,
2362134,397,280,49,42,camo pattern rubber ducky,
2362137,221,298,101,83,The grass is short and green,
2362139,325,354,19,18,button on the toilet,
2362141,295,166,90,86,shadow on the ground,
2362144,232,164,103,147,The boy is on a skateboard.,
2362145,209,304,29,41,a pepperoni,
2362146,50,10,296,290,the man is wearing a green suit,
2362158,166,367,38,64,a mug on the tray,
2362161,335,195,13,38,this is a lady,
2362163,96,162,30,21,nose of the plane,
2362165,163,64,73,106,huge wall pannel mirror,
2362166,113,120,42,21,white bathroom tile on wall,
2362168,38,30,230,280,The man has two eyes.,
2362169,237,258,26,26,the woman is wearing black shoes,
2362175,83,203,170,227,a woman playing tennis,
2362177,29,2,436,306,asian blue and white tall vases,
2362181,16,116,252,132,slice of orange floating,
2362183,39,300,160,113,a donut stacked on a donut,
2362184,51,278,220,174,man holding pizza tray,
2362193,137,190,153,131,a small gold gong,
2362194,93,184,49,32,the bun ib brown,
2362195,336,139,82,85,A bird shaped decoration,
2362198,226,62,60,21,The crack in the wall,
2362199,206,90,83,113,A large head on a truck,
2362205,332,173,52,46,A yellow motor boat,
2362206,183,268,117,204,large cathedral in background,
2362208,250,16,38,30,Light on the ceiling,
2362209,33,53,425,273,A towel on the table,
2362213,81,44,375,211,exhaused cat starts falling asleep,
2362219,207,63,109,66,baseball cap worn backwards,
2362220,275,201,212,252,A small white pillow,
2362221,240,128,75,80,a small elephant,
2362222,10,13,468,310,A person is on a tennis court,
2362224,356,118,74,103,front of red and white bus,
2362228,1,0,497,63,Trees beyond the horses,
2362230,131,230,19,26,the light of the bus,
2362233,370,287,15,22,part of the grass,
2362241,3,153,111,216,some train tracks on the ground,
2362248,187,13,76,202,a man wearing a uniform,
2362249,160,379,45,36,the woman is wearing white tennis shoes,
2362256,106,398,30,28,The nose of the horse,
2362257,253,122,144,187,The monitor on the right,
2362259,2,325,149,160,a man with a bicydle,
2362268,0,2,499,330,the food on the table,
2362269,16,31,221,278,The man is playing tennis,
2362273,21,121,266,238,arched connection over road,
2362274,259,151,110,54,The cat's eyes are green.,
2362279,124,7,80,57,blue and white striped shirt,
2362280,371,183,14,17,part of a boat,
2362283,26,9,173,199,a kid lounging on the street,
2362290,27,51,236,95,french fry on bread,
2362292,339,80,149,109,a teddy bear behind a window,
2362297,126,119,260,199,the horse is relaxing,
2362308,14,13,485,306,two clocks on an old building,
2362313,149,32,106,215,the black bat in the man's hands,
2362314,87,6,266,131,Broccoli on the plate,
2362317,45,28,410,305,two zebras near each other,
2362318,12,71,474,170,a red white and blue plane,
2362319,27,15,180,115,This is a mobile phone,
2362323,84,48,359,279,dog begging for food,
2362327,132,115,100,241,baseball player at bat,
2362332,98,91,104,60,multi colored turban on man's head,
2362333,98,154,226,165,A man jumping cars.,
2362334,4,15,466,309,dog sitting on motorcycle,
2362351,144,155,57,107,a white cow in street,
2362357,449,98,50,57,a white baseball cap,
2362360,0,48,497,112,light of daytime sun,
2362361,205,42,113,290,A man playing frisbee,
2362363,160,73,115,200,man surfing on board,
2362364,119,172,252,241,a group posing,
2362368,457,98,27,27,A small yellow ball in the background.,
2362371,353,142,25,135,two clear bottles on counter top,
2362375,35,184,411,127,group of people riding motorcycles,
2362389,183,40,57,191,tall giraffe in grass field,
2362391,109,288,95,102,White and black frisbee,
2362393,140,123,168,81,large metal bridge with half circle underneath,
2362396,132,122,320,193,zebra is black and white,
2362398,207,454,41,34,Woman is wearing shoes,
2362399,312,31,94,68,red and green kite in sky,
2362403,0,4,417,293,This is a baby,
2362405,72,34,143,243,old fashioned wooden clock,
2362406,214,1,187,250,Man playing tennis,
2362407,17,60,451,280,players in front of metal fence,
2362410,163,52,221,252,three people on a ski lift,
2362420,248,168,76,127,woman sitting on bench at bus stop,
2362422,77,177,225,62,two people are in living room,
2362426,110,96,173,139,two skier walking on snow,
2362434,127,70,168,252,kid playing baseball on field,
2362436,13,54,261,110,a pizza on the table,
2362437,122,169,92,50,a french fry sign,
2362439,106,112,137,356,This is a man,
2362442,160,152,37,122,a light on a ski slope,
2362447,257,155,175,132,a long black microphone,
2362449,95,117,154,115,fire hydrant is yellow,
2362467,125,281,374,92,a large stone object in the foreground,
2362468,300,184,44,50,the cap is blue,
2362472,288,9,18,18,Hand rolled in a fist,
2362474,0,0,499,235,a large patch of golden sky,
2362475,193,171,262,160,cat laying on dvd player,
2362479,235,171,13,36,a small purple tooth brush,
2362488,266,180,53,42,whsite multi line phone on desk,
2362489,10,67,405,306,People playing baseball,
2362494,226,99,123,244,A zebra walking on grass.,
2362499,144,87,51,211,the shower curtain hanging,
2362502,27,32,442,342,two babies laying together,
2362509,67,234,295,245,This is a pizza,
2362510,7,24,338,412,A carrot on a chopping board.,
2362511,125,275,65,26,the head light of a car,
2362512,243,250,57,60,part of a ground,
2362523,79,150,313,93,Trains on the tracks.,
2362524,73,19,339,325,large white bus on road,
2362532,125,21,186,310,Man looking at fruit,
2362535,203,240,56,91,Woman is wearing pants,
2362538,0,89,460,381,plate filled with food,
2362543,102,216,26,12,The number186290,
2362544,81,312,145,113,bird pecking the sand,
2362546,306,88,21,22,the beak of a bird,
2362548,35,263,461,110,three white bathroom sinks,
2362559,201,5,168,340,man pointing Wii remote away from the tv,
2362565,65,257,303,137,This is a picture of the ocean,
2362573,228,112,120,98,uncovered sink drain,
2362574,105,26,394,342,a woman eating a hamburger,
2362576,2,148,246,334,A boy holding a bat,
2362580,311,194,30,29,Number 20 on back of a shirt,
2362583,195,213,125,38,a long roll in the mans hands,
2362584,127,45,132,90,This is a man,
2362589,42,108,282,156,This is a bunch of animals,
2362592,5,65,210,97,a plastic bag of Nestle chocolate chips,
2362594,112,102,169,205,a skateboard in the air,
2362602,25,99,452,240,bear splayed out in snow,
2362605,0,370,332,129,steps leading up to the flat concrete surface,
2362613,82,58,270,226,The bus is red,
2362615,28,100,207,222,a man holding a kite with a girl on his side,
2362620,85,337,322,75,blue and white surf board,
2362626,118,213,211,285,pebble walkway,
2362638,7,9,60,180,Christmas tree decorated with lights and ornaments,
2362642,16,90,287,327,bears in back of snowglobes,
2362643,373,148,52,183,person on the street,
2362650,62,6,31,17,this is the water,
2362651,247,105,182,224,a stove an oven,
2362653,147,44,217,155,yellow teddy bear next to the bottles,
2362656,28,123,346,340,a group of people,
2362659,269,162,83,71,This is an elephant,
2362661,42,17,433,352,dirty kitchen in a restaurant,
2362662,213,455,25,43,part of a floor,
2362664,45,34,372,295,People in the kitchen.,
2362668,3,5,52,137,A poster on the wall.,
2362670,62,110,243,369,Man holding snowboard over his head,
2362676,425,230,45,42,toy on a bed,
2362679,317,148,41,68,person sitting on picnic table,
2362683,66,66,399,176,train on rail tracks,
2362692,194,116,243,165,a train on the tracks,
2362699,152,105,239,82,red metro train at station,
2362701,264,100,91,68,window on side of train,
2362705,32,35,447,268,lone person on gray beach,
2362711,6,125,375,238,A shadow on the snow,
2362714,255,10,209,173,Boy holding a large metal sword,
2362716,301,126,66,114,large red traffic cone on road,
2362717,13,12,443,474,white toilet in tiled room,
2362728,283,0,46,37,Yellow frisbee in the air,
2362732,378,226,75,152,a red rolling bag,
2362733,175,64,97,242,A person swinging a tennis racket,
2362735,6,1,491,102,blue of daytime sky,
2362739,179,113,154,385,A woman sitting in a bus,
2362742,351,8,147,404,a man wearing a robe,
2362747,0,49,467,271,men are being athletic,
2362752,112,120,252,195,This is a city street,
2362753,283,132,142,193,Snowboarder riding a rail,
2362754,24,51,324,194,table and chair on ground,
2362756,42,2,211,179,the boy in mid air,
2362757,42,34,377,302,a portable stage is for advertisement,
2362759,258,11,107,300,Man holding game controller in air,
2362761,207,169,241,156,the teddy bear in the girl's arm,
2362762,124,51,64,56,red rose in vase,
2362765,24,74,457,300,group of skiers talking on hill,
2362770,169,283,78,79,this is the floor,
2362772,58,5,191,284,the man on the skateboard,
2362778,39,162,299,126,hippos on the ground,
2362781,142,214,124,73,This is a large black pack,
2362783,229,30,65,33,orange helmet on head,
2362785,3,4,82,53,The lettering is white.,
2362792,86,198,101,43,cluster of buildings on the ground,
2362797,107,126,285,89,airplane with landing gear down,
2362798,136,43,32,33,part fo a wall,
2362799,26,56,444,260,arugula on a pizza,
2362801,185,36,84,62,a cow with a tag in the ear,
2362802,109,115,388,259,A person heating food,
2362803,85,153,206,283,Man on the ski slope.,
