image_id,X,Y,Width,Height,English_text,French_text
2351148,112,32,250,445,girl wearing red gloves,
2351157,5,39,490,241,propeller plane,
2351158,20,187,155,46,large body of water,
2351161,20,9,38,28,white clouds in blue sky,
2351165,173,95,185,116,train on the track,
2351166,5,236,45,47,Ripples in the water,
2351169,106,48,304,220,people sitting on a bench,
2351175,4,2,147,98,a blue coffee mug,
2351179,1,61,329,320,Giraffe standing among group of trees,
2351181,190,100,55,23,A man is wearing red glasses.,
2351184,336,97,106,256,woman playing tennis,
2351188,200,154,295,27,small wave in the water,
2351193,169,97,247,85,yellow wall of building,
2351196,8,0,483,372,a cat lying on a chair,
2351203,138,153,80,100,the butterfly is brown,
2351204,87,177,84,69,a dog's left ear,
2351215,8,44,405,225,a group of women are having a conversation,
2351217,116,197,85,63,white cargo truck,
2351218,393,113,54,102,artificial plant in a white container,
2351228,0,115,90,40,Snow on top of mountain,
2351231,237,131,103,43,cat sitting in chair,
2351232,101,153,198,218,There are two people sightseeing.,
2351235,290,205,30,20,Nose of sitting cat,
2351239,255,410,59,24,A light brown bench,
2351247,220,16,67,70,a person with a hat on,
2351249,189,216,18,55,the tan leg of the cow,
2351251,78,137,211,331,man throwing baseball,
2351256,102,216,12,17,The letter is black.,
2351269,94,366,146,26,a pair of cross country skis,
2351272,0,83,407,174,elephants in the field,
2351276,179,57,231,177,a white wooly sheep,
2351284,100,25,361,301,Someone is on the mountain today,
2351286,65,48,152,146,a parasail in the air,
2351289,211,251,125,31,brown bear paws with claws showing,
2351294,167,94,52,41,A long green bit of chive,
2351298,9,428,101,16,Home plate in a baseball diamond,
2351301,0,221,223,92,a brown tile bathroom floor,
2351307,8,108,484,255,skateboard park on a pier,
2351311,61,112,124,122,red umbrella graphic on a wall,
2351318,14,257,29,53,The window is rectangular.,
2351319,231,272,175,121,a stack of red paper plates,
2351322,131,6,329,305,two beds in a room,
2351329,175,60,180,170,man skate boarding off ramp,
2351332,40,113,457,264,a group of people all wearing white hats,
2351337,107,166,202,115,several motorcycles drive down a street in front of several cars,
2351342,121,85,173,199,silver and yellow train,
2351343,347,1,69,23,the numbers 1866 on the sign,
2351346,155,8,137,185,Woman sitting on a rug outside,
2351361,273,191,101,124,man riding snow board,
2351363,41,264,64,60,black and white clock,
2351371,226,270,22,18,the light is blue,
2351374,119,375,85,80,man in white shirt,
2351378,236,327,77,65,gray and black flip phone,
2351380,284,50,180,102,dog with a frisbee,
2351384,150,370,214,126,Care tire tracks in sand,
2351388,192,242,13,23,dark brown spot on a giraffe,
2351392,374,33,101,283,a policeman nodding off,
2351400,134,119,207,80,a newspaper,
2351401,122,250,85,76,clock on the building,
2351405,88,39,141,48,two horizontal traffic lights,
2351418,60,5,387,231,skiers on flat snowy ground,
2351419,12,102,360,245,skiers on the slope,
2351421,414,120,84,62,gray elephant walking through field,
2351425,215,328,31,43,a faucet on the wall,
2351429,123,5,293,368,two cats stand over a toilet,
2351430,15,117,482,164,this is a picture of a train and cattle,
2351436,133,156,77,58,a large clock on a building,
2351440,39,106,315,290,an old book on the tabel,
2351445,185,114,180,250,the white toilet,
2351447,9,50,203,228,a clock on the wall of a business,
2351449,370,15,129,307,The green vase on the right.,
2351452,66,123,165,156,A small white cup of cole slaw.,
2351458,261,103,101,200,the person riding the horse,
2351462,247,109,23,28,the arm is extended,
2351471,170,64,138,128,Bulldog leaning on a skateboard.,
2351475,420,163,12,21,dark red traffic cone,
2351484,89,58,322,273,A bus has two sections stacked.,
2351486,142,297,153,67,ground covered with white snow,
2351487,114,90,175,109,Black face of a sheep,
2351491,13,46,308,278,a double decker bus,
2351500,40,211,137,69,long blue boat in water,
2351518,260,125,46,54,White wii remote in the hand.,
2351520,58,33,288,400,a little boy looking at a giraffe,
2351523,97,232,32,36,gray and white bird on the beach,
2351527,61,297,112,200,boy is wearing boots,
2351531,266,256,58,22,a rock in the water,
2351532,1,8,329,433,A female sitting on concrete.,
2351536,163,78,100,139,Person snow boarding.,
2351539,257,20,157,202,The flowers are orange and yellow,
2351541,66,48,254,236,a person playing tennis,
2351547,254,108,68,184,fancy shelf for holding items on,
2351551,210,88,107,178,THIS IS A PERSON,
2351559,17,39,70,56,white and brown head of giraffe,
2351570,0,153,498,221,a large snowy hill,
2351576,38,15,50,35,white clouds in blue sky,
2351580,109,28,170,303,a girl holding a white frisbee,
2351585,110,3,173,261,a woman wearing a green apron,
2351587,142,216,345,82,an aircraft carrier on the water,
2351596,60,117,261,349,a boy walking outside,
2351600,95,9,144,148,a cork dart board in a bathroom,
2351603,4,24,324,310,three girls in a school basketball game,
2351604,120,110,201,119,the surfboard is white,
2351609,141,96,355,368,a computer on a bed,
2351613,96,112,90,150,sparkly case on a smart phone,
2351614,103,129,113,65,a small wooden bowl,
2351615,347,114,45,63,A framed portrait on the wall,
2351618,55,46,406,220,a fighter jet is flying,
2351621,10,58,61,27,a man wearing a baseball cap,
2351649,223,30,142,95,half portion of sliced green apples,
2351655,0,1,499,220,A mossy tree branch.,
2351656,316,62,182,115,fans sitting behind the fence,
2351660,186,160,95,85,the clothes are grey,
2351668,146,228,110,140,the tires are huge,
2351672,212,341,29,50,People flying kite in park.,
2351676,124,158,109,187,this is a person,
2351677,86,185,31,32,a flag,
2351681,255,1,241,229,The door is closed.,
2351683,5,89,492,269,The wall is yellow,
2351684,70,276,70,73,The Roman Numeral is black.,
2351689,138,147,125,106,a boy riding a skateboard,
2351690,428,188,29,71,woman walking on the sidewalk,
2351697,37,65,124,192,a large work zone orange cone,
2351702,103,97,128,133,four different kites flying,
2351705,135,75,158,230,man playing a game of tennis,
2351706,96,228,293,96,black and white street sign,
2351710,1,7,207,198,A small blue bowl,
2351714,318,58,16,16,yellow tennis ball in the air,
2351723,121,49,53,71,Black face on top of a white bird.,
2351726,75,28,191,269,a man is skateboarding,
2351728,96,31,138,119,A whir and blue street sign,
2351730,134,81,203,291,Two people in the snow,
2351732,230,8,35,30,red hat on a tennis player's head,
2351734,103,62,218,250,A man in a blue sweater,
2351737,140,280,92,90,elephant has white tusks,
2351738,84,48,192,280,a boy playing outside,
2351749,7,70,492,257,bananas on the table,
2351751,129,110,83,83,A man surfing on the ocean.,
2351753,395,0,98,155,Two toned brown wood kitchen cabinete,
2351766,80,151,185,252,black and white panda,
2351767,84,135,412,192,Twins having a birthday party,
2351774,44,195,81,95,A tall skinny elephant with an extended leg.,
2351778,325,123,53,37,The tennis ball is yellow.,
2351781,144,87,39,45,Person wearing silver helmet and face piece.,
2351782,234,141,66,356,the long wooden handle,
2351785,5,209,493,119,the river Thames flowing in London,
2351792,397,237,32,44,person wearing a shirt,
2351799,165,216,140,68,a black briefcase,
2351803,66,132,233,315,a woman is playing tennis,
2351806,15,15,471,345,intersection with cars at night,
2351808,5,243,25,39,Small brown plank of wood,
2351809,318,21,78,309,a man in a black shirt,
2351819,256,107,35,23,pink helmet for safety,
2351823,12,7,31,27,white clouds in blue sky,
2351824,91,133,201,334,a leaning red bike,
2351832,85,180,110,145,a man riding a bike,
2351833,23,142,448,128,boats in a river,
2351834,333,110,102,66,White mouse on the desk.,
2351835,122,265,104,113,orange road sign showing a streen name,
2351841,73,72,307,198,This is a baseball field,
2351846,0,221,374,278,a stone tile ground,
2351848,147,43,275,95,cinnamon rolls in the oven,
2351854,113,41,201,281,Two people in the foreground,
2351857,10,63,62,47,ski lift on line,
2351859,165,28,194,231,a man holding a tennis racket,
2351870,343,132,99,118,black spot,
2351874,163,62,47,51,Man wearing black and red hat.,
2351883,231,63,23,22,black plastic batting helmet,
2351886,96,210,56,281,The streetlight is red.,
2351890,58,27,136,93,long fluorescent ceiling light,
2351891,235,12,97,90,A couple sitting in a chair.,
2351896,69,129,73,152,Small boat in the water,
2351899,1,170,163,50,a shadow on the ground of a tennis player,
2351902,8,15,325,357,an elephant walking outside,
2351903,178,155,130,32,small eyes in a very large face,
2351905,112,173,120,147,white toilet on floor,
2351909,38,369,71,114,brown antique sign on a pole,
2351912,59,362,90,63,An elephant in a field.,
2351914,257,28,242,275,brown barn with black roof,
2351927,78,58,255,255,a green plate with a red apple,
2351929,2,3,496,320,a panda bear at a zoo,
2351930,130,277,257,111,cut open orange on concrete,
2351933,0,257,331,242,first box of pizza,
2351937,110,202,166,144,horse has brown cover,
2351940,0,0,499,373,a train station,
2351943,233,116,41,50,white star on motorcycle,
2351947,51,50,165,41,ladder on fire truck,
2351959,170,397,121,102,a metal roadside barrier,
2351961,209,36,72,101,two fire hydrants,
2351965,256,113,68,68,sail from a parasailer,
2351971,0,83,442,286,large blond dog wearing green cap,
2351973,6,4,491,350,A group of men playing baseball,
2351974,292,50,173,248,the door is open,
2351976,144,228,96,47,wooden bench around a tree,
2351979,110,219,129,90,a suitcase on the ground,
2351988,75,2,424,138,A working computer monitor,
2351997,218,5,37,34,lights of the bathroom,
2351998,147,92,224,151,whole pizza on pan,
2352001,155,6,110,360,a woman in shorts using a phone,
2352002,79,2,412,62,face of mountain range,
2352004,408,89,83,142,One female brown sheep.,
2352011,13,147,259,185,A pair of horses,
2352014,135,103,142,188,Man in the water,
2352016,1,108,288,222,two giraffes eating leaves from a tree,
2352017,303,103,34,61,blue baseball bat in hand,
2352019,213,56,266,147,three surfers in the ocean,
2352024,320,22,61,191,snow covered evergreen boughs,
2352028,143,171,82,68,small dog with black fur,
2352029,297,118,23,23,tail of the airplane,
2352035,178,161,24,23,Black horn on animal's head.,
2352036,163,267,44,39,soccer ball in the grass,
2352037,105,324,54,35,Dark skin of an elephant,
2352039,296,172,100,106,kid wearing protective headgear,
2352049,251,66,179,227,a cook working a buffet,
2352050,65,59,398,269,Pieces of large pink shrimp,
2352060,70,61,332,242,doughnuts in a box,
2352061,297,77,12,17,number one on the clock,
2352062,131,124,146,197,tall wood and metal organ,
2352063,302,183,107,71,building at an airport,
2352064,109,86,255,245,white sheep with black face in green field,
